Keyword,Intent,Volume,Keyword Difficulty,CPC (USD),SERP Features
rainy day activities for kids,Informational,60500,12,0.00,"AI Overview, Video, Video carousel, People also ask, Discussions and forums, Related searches"
activities for kids near me,Transactional,14800,54,0.86,"AI Overview, Reviews, Local pack, Related searches"
activities for kids,Commercial,9900,38,0.79,"AI Overview, Reviews, Image pack, Video, People also ask, Local pack, Related searches"
fun activities for kids,Commercial,6600,42,0.00,"AI Overview, Reviews, Image pack, Video, People also ask, Local pack, Related searches"
indoor activities for kids,Informational,6600,24,0.78,"AI Overview, Reviews, Image pack, Video, Short videos, People also ask, Local pack, Related searches"
summer activities for kids,Informational,5400,18,0.00,"AI Overview, Image pack, Video, Short videos, People also ask, Local pack, Related searches"
easter activities for kids,Informational,4400,23,0.45,"Sitelinks, AI Overview, Image, Image pack, Video, People also ask, Related searches"
activities for 2 year olds,Informational,3600,20,0.45,"Sitelinks, AI Overview, Video, People also ask, Discussions and forums, Related searches"
earth day activities for kids,Informational,2900,24,0.00,"AI Overview, Image pack, Video, Video carousel, People also ask, Related searches"
halloween activities for kids,Informational,2900,29,0.18,"AI Overview, Image, Video, People also ask, Related searches"
stem activities for kids,Informational,2900,34,0.00,"AI Overview, Video, Video carousel, Related searches, Ads bottom, Ads middle"
activities for 3 year olds,Informational,2400,12,0.54,"Sitelinks, AI Overview, Reviews, Video, People also ask, Discussions and forums, Related searches"
birthday party activities for kids,Informational,2400,26,0.00,"Sitelinks, AI Overview, Image, Image pack, Video, People also ask, Related searches"
christmas activities for kids,Informational,2400,11,0.41,"AI Overview, Image, Image pack, Video, People also ask, Related searches"
outdoor activities for kids,Commercial,2400,9,0.00,"Sitelinks, AI Overview, Reviews, Video, Short videos, People also ask, Local pack, Related searches"
activities for 1 year olds,Informational,1900,21,0.31,"Sitelinks, AI Overview, Video, Video carousel, People also ask, Discussions and forums, Related searches"
activities for kids about prophet adam,Informational,1900,0,0.00,"AI Overview, Image, Video, Related searches"
free activities for kids near me,Transactional,1900,23,0.00,"AI Overview, Reviews, Video, People also ask, Local pack, Related searches"
indoor activities for kids near me,Transactional,1900,13,0.00,"Video, People also ask, Local pack, Related searches"
nex playground - the active play system for kids,"Informational, Transactional",1900,65,0.00,"Sitelinks, Image, Video, Video carousel, Short videos, People also ask, Knowledge panel, Discussions and forums, Related searches"
stem activities for school age kids list,Informational,1900,26,0.00,"AI Overview, Video, Video carousel, Related searches, Ads bottom"
thanksgiving activities for kids,Informational,1900,26,0.00,"Sitelinks, AI Overview, Image, Video, Video carousel, Short videos, People also ask, Related searches"
activities for 2 year olds near me,Transactional,1600,14,1.59,"AI Overview, Video, People also ask, Local pack, Related searches"
art activities for kids,Informational,1600,27,0.00,"Sitelinks, AI Overview, Image, Video, Related searches, Ads bottom, Ads middle"
fun indoor activities for kids,Commercial,1600,22,0.00,"Sitelinks, Image pack, Video, People also ask, Local pack, Related searches"
outside activities for kids,Commercial,1600,23,0.00,"Sitelinks, AI Overview, Image, Video, Video carousel, People also ask, Related searches"
summer activities for kids near me,Transactional,1600,21,0.00,"Sitelinks, AI Overview, Video, Local pack, Related searches"
activities for 4 year olds,Informational,1300,27,0.64,"Sitelinks, AI Overview, Image pack, Video, People also ask, Related searches, Ads middle"
activities for kids.near me,Transactional,1300,38,0.86,"Reviews, Local pack, Related searches"
activity for kids,Informational,1300,42,0.79,"Sitelinks, AI Overview, Image, Image pack, Video, Video carousel, People also ask, Related searches"
brain activation exercises for kids,Informational,1300,20,0.00,"AI Overview, Video, Video carousel, Short videos, People also ask, Related searches"
fall activities for kids,Informational,1300,4,0.00,"Sitelinks, Reviews, Image, Image pack, Video, Video carousel, Related searches"
no screen time activities for 2 year old,Informational,1300,19,0.00,"Sitelinks, AI Overview, Video, Video carousel, People also ask, Related searches, Ads bottom, Ads middle"
printable activities for kids,Informational,1300,42,0.00,"Sitelinks, Image, Image pack, Video, Related searches"
spring activities for kids,Commercial,1300,21,0.00,"Sitelinks, AI Overview, Image, Video, People also ask, Related searches"
activities for 4 month old,Informational,1000,28,0.43,"Sitelinks, AI Overview, Video, People also ask, Related searches"
activities for 5 year olds,Informational,1000,9,0.59,"Sitelinks, AI Overview, Image pack, Video, Video carousel, People also ask, Related searches"
activities for four year olds,Informational,1000,10,0.64,"Sitelinks, AI Overview, Video, Video carousel, People also ask, Discussions and forums, Related searches"
activities for three year olds,Informational,1000,20,0.54,"Sitelinks, Video, Video carousel, People also ask, Related searches"
art activity for 4 year olds,Informational,1000,27,0.42,"Sitelinks, AI Overview, Image, Image pack, Video, Video carousel, People also ask, Discussions and forums, Related searches"
emotional regulation activities for kids,"Informational, Commercial",1000,23,0.00,"Sitelinks, AI Overview, Video, Video carousel, Related searches, Ads middle"
fun activities for kids near me,Transactional,1000,31,0.00,"AI Overview, Reviews, Video, People also ask, Related searches"
gardening activities for kids,Informational,1000,19,0.00,"Sitelinks, AI Overview, Image, Video, Video carousel, People also ask, Discussions and forums, Related searches"
mindfulness activities for kids,Informational,1000,33,0.00,"Sitelinks, AI Overview, Video, Video carousel, Related searches"
science activities for kids,Informational,1000,50,0.00,"AI Overview, Video, Video carousel, Short videos, Related searches, Ads bottom, Ads middle"
team building activities for kids,Informational,1000,22,0.00,"Sitelinks, AI Overview, Video, People also ask, Related searches, Ads middle"
winter activities for kids,Informational,1000,14,0.00,"Sitelinks, AI Overview, Image, Video, Video carousel, People also ask, Related searches"
activities for 8 month old,Informational,880,13,0.33,"Sitelinks, AI Overview, Image pack, Video, People also ask, Related searches, Ads middle"
activity books for kids,Commercial,880,19,0.00,"Sitelinks, Image pack, Video, Related searches, Popular products"
camping activities for kids,Informational,880,17,0.00,"Sitelinks, AI Overview, Image pack, Video, Video carousel, People also ask, Related searches"
craft activities for 3 year olds,Informational,880,35,0.28,"Sitelinks, AI Overview, Image, Video, Video carousel, People also ask, Discussions and forums, Related searches, Popular products"
free summer activities for kids,"Informational, Commercial",880,13,0.00,"AI Overview, Video, Video carousel, People also ask, Related searches, Ads bottom, Ads middle"
heavy work activities for kids,Informational,880,7,0.00,"AI Overview, Image, Video, People also ask, Discussions and forums, Related searches"
ot activities for kids with propriocention issues,Informational,880,9,0.00,"AI Overview, Video, Video carousel, Related searches"
activities for 10 month old,Informational,720,13,0.43,"Sitelinks, AI Overview, Video, Short videos, People also ask, Related searches"
activities for 15 month old,Informational,720,27,0.21,"AI Overview, Video, Video carousel, People also ask, Related searches"
activities for 18 month old,Informational,720,13,0.31,"Sitelinks, AI Overview, Video, Video carousel, People also ask, Related searches"
activities for 6 month old,Informational,720,19,0.32,"Sitelinks, AI Overview, Video, Video carousel, Short videos, People also ask, Related searches"
activities for autistic kids,Informational,720,15,0.00,"Sitelinks, AI Overview, Image, Video, Video carousel, People also ask, Related searches"
activities for one year olds,Informational,720,22,0.30,"AI Overview, Video, Video carousel, People also ask, Discussions and forums, Related searches"
craft activities for 2 year olds,Informational,720,23,0.35,"Sitelinks, AI Overview, Image, Video, Video carousel, Related searches"
diy fun foot activity for kids,Informational,720,17,0.00,"Sitelinks, AI Overview, Video, Video carousel, Short videos, People also ask"
fun summer activities for kids,Informational,720,20,0.00,"Sitelinks, AI Overview, Image, Video, People also ask, Related searches"
impulse control activities for kids,Informational,720,20,0.00,"Sitelinks, AI Overview, Image, Video, Video carousel, People also ask, Discussions and forums, Related searches"
learning activities for 2 year olds,"Informational, Commercial",720,33,0.92,"Sitelinks, AI Overview, Video, People also ask, Discussions and forums, Related searches"
learning activities for 3 year olds,Informational,720,12,1.03,"Sitelinks, AI Overview, Video, Video carousel, People also ask, Discussions and forums, Related searches"
sensory activities for kids,Informational,720,22,0.00,"AI Overview, Image, Video, Video carousel, Short videos, People also ask, Related searches"
valentines activities for kids,Informational,720,21,0.00,"AI Overview, Image, Video, People also ask, Related searches"
water activities for kids,Informational,720,27,0.00,"Sitelinks, Image pack, Video, People also ask, Local pack, Related searches"
activated charcoal for kids,Informational,590,44,0.00,"Sitelinks, AI Overview, Image pack, Video, People also ask, Discussions and forums, Related searches"
activities for 1 year olds near me,Transactional,590,16,1.86,"Sitelinks, AI Overview, Reviews, Video, People also ask, Local pack, Related searches"
activities for 3 month old,Informational,590,17,0.44,"Sitelinks, AI Overview, Video, Video carousel, People also ask, Discussions and forums, Related searches"
activities for 4 year olds near me,Transactional,590,5,1.60,"Sitelinks, AI Overview, Video, People also ask, Local pack, Related searches"
activities for 5 month old,Informational,590,17,0.48,"Sitelinks, AI Overview, Video, Video carousel, People also ask, Discussions and forums, Related searches"
activities for 7 month old,Informational,590,13,0.43,"Sitelinks, AI Overview, Video, People also ask, Related searches"
activities for 9 month old,Informational,590,10,0.35,"Sitelinks, AI Overview, Video, Video carousel, People also ask, Related searches"
activities for kids at home,Informational,590,41,0.00,"Sitelinks, AI Overview, Image, Video, People also ask, Related searches"
activity table for kids,Commercial,590,30,0.00,"Sitelinks, Image, Image pack, Video, Related searches"
bible activities for kids,Informational,590,28,0.00,"Sitelinks, AI Overview, Image pack, Video, Related searches"
birthday activities for kids,Commercial,590,21,0.00,"Sitelinks, Image, Image pack, Video, People also ask, Local pack, Related searches"
educational activities for kids,Informational,590,38,0.00,"AI Overview, Video, Video carousel, Related searches"
gratitude activities for kids,Informational,590,29,0.00,"Sitelinks, AI Overview, Image, Video, People also ask, Related searches"
physical activities for kids,Informational,590,32,0.00,"AI Overview, Video, Video carousel, Short videos, People also ask, Related searches"
road trip activities for kids,Informational,590,15,0.00,"Sitelinks, AI Overview, Image pack, Video, People also ask, Related searches"
sensory activities for 1 year olds,Informational,590,24,0.16,"Sitelinks, AI Overview, Image pack, Video, People also ask, Related searches"
sensory play activities for 2 year olds,Informational,590,7,0.37,"Sitelinks, AI Overview, Video, Video carousel, Related searches"
spring break activities for kids,Informational,590,4,0.00,"AI Overview, Image pack, Video, Video carousel, People also ask, Related searches"
table activities for 1 year olds,Informational,590,22,0.37,"Sitelinks, AI Overview, Image, Video, Video carousel, People also ask, Discussions and forums, Related searches"
activities for 2 month old,Informational,480,32,0.43,"Sitelinks, AI Overview, Video, Short videos, People also ask, Discussions and forums, Related searches"
activities for 6 year olds,Informational,480,25,0.65,"Sitelinks, Video, People also ask, Related searches"
activities for kids with autism,Informational,480,17,0.00,"Sitelinks, AI Overview, Image, Video, People also ask, Related searches"
activities near me for kids,Transactional,480,23,0.86,"AI Overview, Video, People also ask, Related searches"
activity pages for kids,Informational,480,30,0.00,"Sitelinks, Image, Image pack, Video, Related searches"
activity sheets for kids,Informational,480,40,0.00,"Sitelinks, Image, Image pack, Video, Related searches"
activity table for 1 year old,Commercial,480,21,0.00,"Sitelinks, Image, Image pack, Video, Discussions and forums, Related searches, Popular products"
after school activities for kids,Informational,480,17,0.00,"Sitelinks, AI Overview, Video, People also ask, Local pack, Related searches"
art activities for 2 year olds,Informational,480,26,0.35,"Sitelinks, AI Overview, Image, Video, Video carousel, People also ask, Related searches"
black history month activities for kids,Informational,480,23,0.00,"AI Overview, Video, Related searches"
boston activities for kids,Informational,480,27,0.00,"Sitelinks, AI Overview, Video, People also ask, Related searches, Ads bottom"
christmas craft activities for 2 year olds,Informational,480,34,0.21,"Sitelinks, Image, Image pack, Video, Video carousel, Short videos, Related searches"
fun fall activities for kids alternative to halloween,Informational,480,23,0.00,"Sitelinks, AI Overview, Video, Video carousel, People also ask, Discussions and forums, Related searches"
fun learning activities for kids,Commercial,480,36,0.00,"AI Overview, Reviews, Video, Video carousel, People also ask, Discussions and forums, Related searches"
fun outdoor activities for kids,Informational,480,6,0.00,"Sitelinks, AI Overview, Video, Short videos, People also ask, Local pack, Related searches"
group activities for kids,Informational,480,28,0.00,"AI Overview, Reviews, Image pack, Video, People also ask, Related searches"
inside activities for kids,Commercial,480,19,0.00,"Image, Image pack, Video, People also ask, Local pack, Related searches"
new years activities for kids,Informational,480,15,0.00,"Sitelinks, AI Overview, Image, Image pack, Video, Short videos, People also ask, Related searches"
party activities for kids,Commercial,480,22,0.00,"Sitelinks, Reviews, Image, Image pack, Video, People also ask, Knowledge panel"
sensory activities for 2 year olds,Informational,480,15,0.20,"Sitelinks, AI Overview, Image, Video, Video carousel, People also ask, Related searches"
st patricks day activities for kids,Informational,480,9,0.00,"Sitelinks, AI Overview, Image, Video, People also ask, Related searches"
summer camp activities for kids,Informational,480,12,0.00,"Sitelinks, AI Overview, Reviews, Image, Image pack, Video, Video carousel, People also ask, Related searches"
thanksgiving activity for kids,Informational,480,21,0.00,"AI Overview, Reviews, Image, Image pack, Video, People also ask, Related searches"
4th of july activities for kids,Informational,390,7,0.00,"Sitelinks, AI Overview, Image, Image pack, Video, Related searches"
active listening for kids,Informational,390,43,0.00,"Sitelinks, AI Overview, Image pack, Video, Video carousel, People also ask, Related searches"
activities for 11 month old,Informational,390,14,0.32,"Sitelinks, Video, Video carousel, Short videos, People also ask, Related searches"
activities for 16 month old,Informational,390,9,0.34,"Sitelinks, AI Overview, Video, Video carousel, People also ask, Related searches"
activities for 2 year olds at home,Informational,390,10,0.33,"Sitelinks, AI Overview, Video, Video carousel, People also ask, Discussions and forums, Related searches"
activities for 3 year olds near me,"Informational, Transactional",390,6,1.59,"AI Overview, Video, People also ask, Local pack, Related searches"
activities for kids in a big club,Informational,390,15,0.00,"AI Overview, Video, People also ask, Discussions and forums, Related searches"
activities for old people,Informational,390,23,0.00,"Sitelinks, Image pack, Video, People also ask, Related searches"
activities for two year olds,Informational,390,17,0.47,"AI Overview, Video, Video carousel, Short videos, People also ask, Related searches"
adhd activities for kids,Informational,390,16,0.00,"Sitelinks, AI Overview, Image, Image pack, Video, People also ask, Discussions and forums, Related searches"
car activities for kids,Informational,390,12,0.00,"Sitelinks, AI Overview, Image pack, Video, Short videos, Discussions and forums, Related searches"
cinco de mayo activities for kids,Informational,390,11,0.00,"AI Overview, Image, Image pack, Video, Video carousel, Related searches"
craft activities for kids,Informational,390,45,0.00,"Sitelinks, AI Overview, Image, Image pack, Video, Video carousel, Related searches"
easy stem activities for kids,"Informational, Commercial",390,26,0.00,"Sitelinks, AI Overview, Video, Related searches"
educational activities for 2 year olds at home,Informational,390,29,0.56,"Sitelinks, AI Overview, Video, Video carousel, Short videos, People also ask, Discussions and forums, Related searches"
fun activities for 9-11 year olds at home,Informational,390,25,0.00,"Sitelinks, AI Overview, Video, People also ask, Related searches"
fun activities for kids at home,Informational,390,28,0.00,"Sitelinks, AI Overview, Image pack, Video, Video carousel, People also ask, Related searches"
fun easter activities for kids,Informational,390,16,0.00,"AI Overview, Image, Image pack, Video, Video carousel, People also ask, Discussions and forums, Related searches, Ads bottom"
fun fall activities for kids alternative to halloween united states,Informational,390,7,0.00,"AI Overview, Reviews, Video, People also ask, Related searches"
home depot activities for kids,"Informational, Transactional",390,39,0.00,"Sitelinks, Image pack, Video, Video carousel, People also ask, Discussions and forums, Related searches"
indoor activities for 2 year olds,Informational,390,17,0.30,"Sitelinks, AI Overview, Image, Video, Video carousel, People also ask, Knowledge panel, Related searches"
kindness activities for kids,"Informational, Commercial",390,15,0.00,"Sitelinks, AI Overview, Image, Video, Related searches"
learning activities for 4 year olds,Informational,390,18,1.22,"Sitelinks, AI Overview, Video, Video carousel, People also ask, Discussions and forums, Related searches"
lent activities for kids,Informational,390,19,0.00,"Sitelinks, AI Overview, Image pack, Video, Video carousel, People also ask, Related searches"
myrtle beach activities for kids,"Informational, Commercial",390,14,0.00,"Sitelinks, Reviews, Image, Video, Short videos, People also ask, Related searches"
printable activities for 3 year olds,Informational,390,28,0.89,"Sitelinks, Reviews, Image, Image pack, Video, Related searches"
snow activities for kids,Informational,390,13,0.00,"AI Overview, Image, Image pack, Video, Video carousel, People also ask, Related searches"
space activities for kids,Informational,390,28,0.00,"Sitelinks, AI Overview, Image, Video, Related searches"
valentine's day activities for kids,Informational,390,21,0.00,"AI Overview, Image, Video, Short videos, People also ask, Related searches"
veterans day activities for kids,Informational,390,35,0.00,"AI Overview, Image, Video, Video carousel, People also ask, Related searches"
weekend activities for kids,Informational,390,30,0.00,"Featured snippet, Image pack, Video, People also ask, Local pack, Related searches"
6 7 activities for kids,Informational,320,8,0.00,"Sitelinks, Image, Image pack, Video, Short videos, Related searches"
active games for kids,Informational,320,23,0.00,"Sitelinks, AI Overview, Image, Video, Video carousel, People also ask, Related searches"
activities for 1 year old,Informational,320,30,0.00,"Sitelinks, AI Overview, Video, Video carousel, People also ask, Discussions and forums, Related searches"
activities for 10 year olds,Informational,320,22,0.70,"Sitelinks, AI Overview, Reviews, Image pack, Video, Related searches"
activities for 12 month old,Informational,320,10,0.36,"Sitelinks, AI Overview, Image pack, Video, Video carousel, People also ask, Related searches"
activities for 14 month old,Informational,320,19,0.29,"Sitelinks, AI Overview, Video, Video carousel, People also ask, Related searches, Ads middle"
activities for 5 year olds near me,Transactional,320,32,1.22,"Reviews, Video, Local pack, Related searches"
activities for a three month old,Informational,320,19,0.47,"Sitelinks, AI Overview, Video, Video carousel, Short videos, People also ask, Related searches"
activities for an 18 month old,Informational,320,7,0.31,"Sitelinks, AI Overview, Video, Video carousel, People also ask, Discussions and forums, Related searches"
activities for kids birthday party,Informational,320,26,0.00,"Sitelinks, AI Overview, Image pack, Video, People also ask, Related searches"
activities for kids nyc,Informational,320,24,0.00,"AI Overview, Video, Video carousel, Discussions and forums, Related searches"
activity gym for 4 month old,Commercial,320,30,0.00,"Sitelinks, AI Overview, Image, Video, Short videos, People also ask, Discussions and forums, Related searches"
activity sheets for 5 year olds,Informational,320,29,1.04,"Sitelinks, Image, Image pack, Video, Related searches"
activity table for 2 year old,Transactional,320,29,0.00,"Sitelinks, Image, Image pack, Video, Discussions and forums, Related searches"
backyard activities for kids,Commercial,320,33,0.00,"Sitelinks, Image, Image pack, Video, Video carousel, People also ask, Related searches, Popular products"
craft activities for 1 year olds,Informational,320,32,0.20,"Featured snippet, Sitelinks, Image, Image pack, Video, Video carousel, People also ask, Related searches"
craft activities for two year olds,Informational,320,39,0.19,"Sitelinks, AI Overview, Image, Image pack, Video, People also ask, Related searches"
easter activities for kids near me,"Informational, Transactional",320,20,0.00,"AI Overview, Reviews, Video, People also ask, Local pack, Related searches"
engineering activities for kids,Informational,320,16,0.00,"Sitelinks, AI Overview, Image, Video, Related searches"
field day activities for kids,Informational,320,26,0.00,"AI Overview, Image, Video, Short videos, People also ask, Related searches"
fun activities for 2 year olds,Informational,320,12,0.24,"AI Overview, Video, People also ask, Related searches, Ads bottom, Ads middle"
fun activities for 3 year olds,Commercial,320,9,0.31,"Sitelinks, Video, Video carousel, People also ask, Related searches, Ads bottom, Ads middle"
fun physical activities for kids,Informational,320,26,0.00,"AI Overview, Reviews, Video, Video carousel, People also ask, Related searches"
gym activities for kids,Informational,320,22,0.00,"AI Overview, Image, Video, Video carousel, People also ask, Related searches"
halloween party activities for kids,"Informational, Commercial",320,26,0.00,"Sitelinks, AI Overview, Image, Image pack, Video, Video carousel, People also ask, Related searches, Popular products, Ads bottom"
hands on activities for kids,Informational,320,27,0.00,"AI Overview, Video, Video carousel, People also ask, Related searches"
montessori activities for 2 year olds,Informational,320,5,0.59,"Sitelinks, AI Overview, Video, Video carousel, People also ask, Discussions and forums, Related searches"
nature activities for kids,Informational,320,33,0.00,"Sitelinks, AI Overview, Image, Image pack, Video, Related searches"
new years eve activities for kids,Informational,320,15,0.00,"Sitelinks, Image, Video, Related searches"
nursery activities for 3 year olds,Informational,320,12,0.85,"Video, Video carousel, People also ask, Related searches"
outdoor activities for kids near me,Transactional,320,9,0.00,"Reviews, People also ask, Local pack, Related searches"
palm sunday activities for kids,Informational,320,15,0.00,"Sitelinks, AI Overview, Reviews, Image, Image pack, Video, Video carousel, Short videos, People also ask, Related searches"
preschool activities for 4 year olds,"Informational, Commercial",320,19,1.01,"Sitelinks, AI Overview, Video, People also ask, Related searches"
printable activities for 2 year olds,Informational,320,13,0.95,"Sitelinks, Reviews, Image, Image pack, Video, People also ask, Discussions and forums, Related searches"
ramadan activities for kids,Informational,320,13,0.00,"Sitelinks, AI Overview, Image, Video, Related searches"
san diego activities for kids,Informational,320,16,0.00,"Sitelinks, Video, People also ask, Related searches"
snow day activities for kids,Informational,320,11,0.00,"Sitelinks, AI Overview, Image, Video, Video carousel, People also ask, Discussions and forums, Related searches"
st patrick's day activities for kids,Informational,320,16,0.00,"AI Overview, Image, Image pack, Video, People also ask, Discussions and forums, Related searches"
stay at home kid activities for 10 year olds,Informational,320,25,0.00,"Sitelinks, Image pack, Video, Video carousel, People also ask, Related searches"
steam activities for kids,Informational,320,51,0.00,"Sitelinks, AI Overview, Video, Video carousel, People also ask, Related searches"
stem activities for 3-5 year olds,"Informational, Commercial",320,19,0.71,"AI Overview, Video, Video carousel, People also ask, Discussions and forums, Related searches"
therapy activities for kids,Informational,320,21,0.00,"Sitelinks, AI Overview, Video, Video carousel, Related searches"
travel activities for kids,Commercial,320,29,0.00,"Sitelinks, AI Overview, Reviews, Video, Video carousel, Related searches, Popular products"
valentine activities for kids,"Informational, Commercial",320,23,0.00,"Sitelinks, AI Overview, Image, Video, Video carousel, People also ask, Related searches, Popular products"
valentines day activities for kids,Informational,320,19,0.00,"Sitelinks, AI Overview, Image, Video, Short videos, People also ask, Related searches"
67 activities for kids,Informational,260,15,0.00,"Sitelinks, Image, Image pack, Video, Video carousel, Short videos, Related searches"
activities for 1 year olds at home,Informational,260,20,0.18,"AI Overview, Video, Video carousel, Short videos, People also ask, Related searches"
activities for 20 month old,Informational,260,6,0.26,"Sitelinks, AI Overview, Video, People also ask, Related searches"
activities for 3 month old infant,Informational,260,19,0.46,"Sitelinks, AI Overview, Video, Video carousel, Short videos, People also ask, Discussions and forums, Related searches"
activities for 7 year olds,Informational,260,25,0.51,"Sitelinks, Video, People also ask, Related searches"
activities for 8 year olds,Informational,260,20,0.53,"Sitelinks, Video, Video carousel, People also ask, Related searches"
activities for a 4 month old,Informational,260,20,0.45,"Sitelinks, Video, Video carousel, Short videos, People also ask, Related searches, Ads bottom, Ads middle"
activities for kids hotel del coronado coronado hotel kid activities,Informational,260,9,0.00,"Sitelinks, AI Overview, Video, People also ask, Hotels pack, Related searches"
activities for kids with adhd,"Informational, Commercial",260,34,0.00,"Sitelinks, AI Overview, Image, Video, People also ask, Related searches"
activity kits for kids,Commercial,260,9,0.00,"Sitelinks, Image, Image pack, Video, Related searches, Popular products"
airplane activities for kids,Informational,260,7,0.00,"Sitelinks, AI Overview, Video, People also ask, Discussions and forums, Related searches"
art therapy activities for kids,Informational,260,30,0.00,"Sitelinks, AI Overview, Image, Image pack, Video, People also ask, Related searches"
at home activities for kids,Informational,260,22,0.00,"Sitelinks, Image, People also ask, Discussions and forums, Related searches"
building activities for kids,Informational,260,25,0.00,"Sitelinks, AI Overview, Image, Image pack, Video, Video carousel, People also ask, Related searches"
calming activities for kids,Informational,260,28,0.00,"AI Overview, Video, Video carousel, Short videos, People also ask, Related searches"
camp activities for kids,Informational,260,13,0.00,"AI Overview, Image pack, Video, Video carousel, People also ask, Related searches"
chicago activities for kids,Informational,260,27,0.00,"Sitelinks, Video, People also ask, Related searches"
christmas activities for kids near me,Transactional,260,14,0.00,"AI Overview, Video, People also ask, Local pack, Related searches"
coloring activities for kids,Informational,260,64,0.00,"Sitelinks, Image, Image pack, Video, Video carousel, Related searches, Ads bottom"
craft activities for 5 year olds,"Informational, Commercial",260,21,0.43,"Sitelinks, AI Overview, Image, Video, Video carousel, Related searches"
drawing activities for kids,Informational,260,40,0.00,"Sitelinks, AI Overview, Image, Video, Video carousel, Related searches"
empathy activities for kids,"Informational, Commercial",260,31,0.00,"Sitelinks, AI Overview, Video, People also ask, Related searches"
enrichment activities for kids,Informational,260,10,0.00,"AI Overview, Reviews, Image, Video, People also ask, Discussions and forums, Related searches"
extra curricular activities for kids,"Informational, Commercial",260,18,0.00,"Sitelinks, AI Overview, Video, People also ask, Related searches"
extracurricular activities for kids,Informational,260,12,0.00,"AI Overview, Video, People also ask, Discussions and forums, Related searches"
financial literacy activities for kids,Informational,260,29,0.00,"AI Overview, Video, Video carousel, Related searches"
fine motor skills activities for 3-4 year olds,Informational,260,18,0.96,"Sitelinks, AI Overview, Video, People also ask, Related searches"
free activities for kids,Informational,260,17,0.00,"Sitelinks, AI Overview, Video, People also ask, Discussions and forums, Related searches"
free online activities for 3 year olds,Commercial,260,69,1.27,"Video, Video carousel, Related searches, Ads top"
fun activities for 1 year olds,Informational,260,21,0.24,"AI Overview, Video, People also ask, Related searches"
fun activities for 4 year olds,Informational,260,19,0.41,"Sitelinks, AI Overview, Video, Video carousel, People also ask, Related searches"
fun activities for three year olds,Informational,260,14,0.32,"AI Overview, Video, Video carousel, People also ask, Discussions and forums, Related searches"
fun christmas activities for kids,Informational,260,30,0.00,"Sitelinks, AI Overview, Image, Video, Video carousel, People also ask, Related searches"
fun fall activities for kids,Informational,260,14,0.00,"Sitelinks, AI Overview, Reviews, Image, Image pack, Video, Video carousel, People also ask, Related searches"
fun friday activities for kids,Informational,260,14,0.00,"Sitelinks, AI Overview, Image, Video, Video carousel, People also ask, Related searches, Ads bottom, Ads middle"
fun halloween activities for kids,Informational,260,28,0.00,"AI Overview, Image, Image pack, Video, Video carousel, People also ask, Discussions and forums, Related searches"
fun water activities for kids,Commercial,260,24,0.00,"Sitelinks, Image pack, Video, Video carousel, People also ask, Local pack, Related searches"
grief activities for kids,Commercial,260,18,0.00,"AI Overview, Image pack, Video, Related searches"
halloween activities for kids near me,Transactional,260,16,0.00,"AI Overview, Reviews, Video, Local pack, Related searches"
hanukkah activities for kids,Informational,260,20,0.00,"Sitelinks, Image, Image pack, Video, Video carousel, Short videos, People also ask, Related searches"
holiday activities for kids,Informational,260,15,0.00,"AI Overview, Image pack, Video, People also ask, Related searches"
hydration solutions for active kids,,260,,0.00,
indoor activities for 3 year olds,Informational,260,16,0.20,"Sitelinks, AI Overview, Reviews, Video, Video carousel, People also ask, Discussions and forums, Related searches"
indoor activities near me for kids,Transactional,260,14,0.00,"Video, People also ask, Local pack, Related searches"
indoor physical activities for kids,Informational,260,16,0.00,"AI Overview, Image pack, Video, Video carousel, People also ask, Discussions and forums, Related searches, Ads bottom, Ads middle"
juneteenth activities for kids,Informational,260,16,0.00,"AI Overview, Image, Image pack, Video, Video carousel, People also ask, Discussions and forums, Related searches"
learning activities for kids,"Informational, Commercial",260,45,0.00,"AI Overview, Image pack, Video, Video carousel, People also ask, Related searches"
lunar new year activities for kids,Informational,260,23,0.00,"Reviews, Image, Image pack, Video, Related searches"
memorial day activities for kids,Informational,260,9,0.00,"AI Overview, Image, Image pack, Video, People also ask, Related searches"
new year activities for kids,Informational,260,18,0.00,"Sitelinks, AI Overview, Image, Video, Related searches"
numbers learning for kids activity,"Informational, Transactional",260,16,0.00,"Video, Video carousel, Related searches"
october activities for kids,Informational,260,3,0.00,"AI Overview, Image pack, Video, Video carousel, People also ask, Related searches"
painting activities for kids,Informational,260,21,0.00,"Sitelinks, Image, Video, Video carousel, Short videos, People also ask, Related searches"
pe activities for kids,Informational,260,17,0.00,"AI Overview, Image, Video, Video carousel, People also ask, Related searches"
preschool activities for 3 year olds,Informational,260,12,0.85,"Sitelinks, AI Overview, Video, Video carousel, People also ask, Related searches"
preschool activities for three year olds,Informational,260,12,0.85,"Sitelinks, AI Overview, Video, Video carousel, People also ask, Discussions and forums, Related searches"
recycling activities for kids,Informational,260,7,0.00,"Sitelinks, AI Overview, Image pack, Video, People also ask, Related searches"
self esteem activities for kids,Informational,260,15,0.00,"AI Overview, Image pack, Video, Related searches, Ads bottom, Ads middle"
sensory activities for 6 month old,Informational,260,8,0.22,"Sitelinks, AI Overview, Video, Video carousel, People also ask, Related searches"
spy activities for kids,Informational,260,17,0.00,"Sitelinks, AI Overview, Image, Video, Discussions and forums, Related searches"
summer activities for 10 year olds,Informational,260,13,1.25,"Sitelinks, AI Overview, Image, Image pack, Video, Video carousel, Short videos, People also ask, Related searches"
summer activities for kids at home,Informational,260,19,0.00,"AI Overview, Image pack, Video, Video carousel, People also ask, Related searches, Ads bottom, Ads middle"
summer camp activities for 8-12 year olds,Informational,260,10,1.43,"Sitelinks, AI Overview, Video, Video carousel, People also ask, Discussions and forums, Related searches, Ads bottom"
activities for 1 month old,Informational,210,19,0.53,"Sitelinks, AI Overview, Video, Short videos, People also ask, Discussions and forums, Related searches"
activities for 1 year old birthday party,Informational,210,23,0.00,"Sitelinks, AI Overview, Video, Video carousel, People also ask, Related searches"
activities for 1 year olds at daycare,Informational,210,13,0.72,"Sitelinks, AI Overview, Video, Video carousel, People also ask, Related searches"
activities for 2 3 year olds,"Informational, Commercial",210,26,0.41,"Sitelinks, AI Overview, Video, Video carousel, Short videos, People also ask, Discussions and forums, Related searches"
activities for 3 year old,Informational,210,19,0.00,"Sitelinks, AI Overview, Video, Video carousel, People also ask, Discussions and forums, Related searches"
activities for 9 year olds,Informational,210,27,0.89,"Sitelinks, Reviews, Image pack, Video, People also ask, Related searches"
activities for a 3 year old,Informational,210,19,0.00,"Sitelinks, AI Overview, Video, Video carousel, People also ask, Discussions and forums, Related searches"
activity books for 3 year olds,Commercial,210,11,0.79,"Sitelinks, AI Overview, Image, Video, Related searches, Popular products"
activity books for 4 year olds,Commercial,210,19,0.46,"Sitelinks, Image, Image pack, Video, Local pack, Discussions and forums, Related searches"
activity cube for 6 month old,Commercial,210,20,0.80,"Sitelinks, Image, Video, People also ask, Discussions and forums, Related searches, Popular products"
activity tables for 2 year olds,Commercial,210,24,0.35,"Sitelinks, Reviews, Image pack, Video, Related searches, Popular products"
art activities for three year olds,Informational,210,12,0.36,"Sitelinks, Image, Image pack, Video, Video carousel, Related searches"
art activities for two year olds,Informational,210,20,0.30,"Sitelinks, AI Overview, Image, Video, Video carousel, People also ask, Related searches"
art activity for 3 year olds,Informational,210,13,0.27,"Sitelinks, AI Overview, Image, Video, Video carousel, Short videos, Discussions and forums, Related searches"
art and craft activities for 3 year olds,Commercial,210,21,0.45,"Sitelinks, AI Overview, Image, Video, Video carousel, People also ask, Discussions and forums, Related searches"
back to school activities for kids,Informational,210,19,0.00,"Sitelinks, Image pack, Video, People also ask, Related searches"
beach activities for kids,Informational,210,7,0.00,"Sitelinks, Image, Image pack, Video, People also ask, Related searches"
best backyard toys for physically active kids,Commercial,210,16,0.00,"Sitelinks, Video, Video carousel, Related searches, Popular products"
best summer activities for kids,Informational,210,16,0.00,"AI Overview, Video, Video carousel, People also ask, Related searches"
black history activities for kids,Informational,210,22,0.00,"AI Overview, Image pack, Video, Short videos, People also ask, Related searches"
branson activities for kids,Informational,210,17,0.00,"Image, Video, People also ask, Related searches"
camping activities for kids brighton ontario,Informational,210,15,0.00,"AI Overview, Video, People also ask, Local pack, Related searches"
child development activities for 8-10 year olds,Informational,210,,0.00,"Sitelinks, Video, Video carousel, People also ask, Related searches"
christian easter activities for kids,Informational,210,16,0.00,"Sitelinks, AI Overview, Video, Video carousel, Related searches"
christmas activity sheets for kids,Informational,210,17,0.00,"Sitelinks, Reviews, Image, Image pack, Video, Related searches"
circle time activities for 3-4 year olds,Informational,210,10,0.63,"Sitelinks, AI Overview, Video, Video carousel, People also ask, Related searches"
coding activities for kids,Informational,210,24,0.00,"Sitelinks, AI Overview, Image pack, Video, Video carousel, Related searches"
confidence building activities for kids,Informational,210,14,0.00,"Sitelinks, AI Overview, Video, Short videos, People also ask, Related searches"
creative activities for kids philippines,Informational,210,19,0.00,"Sitelinks, AI Overview, Video, People also ask, Knowledge panel, Discussions and forums, Related searches"
critical thinking activities for kids,"Informational, Commercial",210,24,0.00,"Sitelinks, AI Overview, Reviews, Video, Video carousel, People also ask, Related searches"
dallas activities for kids,Informational,210,30,0.00,"Reviews, Video, Related searches"
easter activity for kids,Informational,210,12,0.00,"Sitelinks, AI Overview, Image, Video, Video carousel, People also ask, Related searches"
father's day activities for kids,Informational,210,15,0.00,"Sitelinks, AI Overview, Image, Video, Video carousel, People also ask, Related searches, Ads bottom, Ads middle"
fine motor skills activities for 1-2 year olds,Informational,210,16,0.51,"Sitelinks, AI Overview, Image, Video, Video carousel, People also ask, Discussions and forums, Related searches"
free after school activities for kids,Informational,210,11,0.00,"AI Overview, Reviews, Video, Local pack, Discussions and forums, Related searches"
free easter activities for kids nyc,Informational,210,19,0.00,"Sitelinks, AI Overview, Video, Related searches"
free printable activities for kids,Commercial,210,39,0.00,"Image, Image pack, Video, Related searches"
fun activities for 5 year olds,Informational,210,21,0.46,"Sitelinks, AI Overview, Video, Video carousel, People also ask, Related searches"
fun activities for 6 year olds,Informational,210,29,0.57,"Sitelinks, AI Overview, Video, Short videos, People also ask, Related searches"
fun activities for 9 11 year olds at home,Informational,210,22,0.00,"Sitelinks, AI Overview, Reviews, Video, People also ask, Related searches"
fun activities for four year olds,Informational,210,16,0.41,"Sitelinks, Video, Video carousel, People also ask, Related searches"
fun at home activities for kids,Informational,210,27,0.00,"AI Overview, Video, Video carousel, People also ask, Related searches"
get to know you activity for kids,Informational,210,6,0.00,"AI Overview, Image, Image pack, Video, Video carousel, Related searches, Ads bottom"
holy week activities for kids,Informational,210,9,0.00,"Sitelinks, AI Overview, Image pack, Video, People also ask, Related searches"
home activities for kids,Informational,210,35,0.00,"Sitelinks, AI Overview, Video, Video carousel, People also ask, Related searches"
indoor physical activities for 3-5 year olds,Informational,210,24,0.47,"Sitelinks, AI Overview, Video, Video carousel, Short videos, People also ask, Discussions and forums, Related searches, Ads middle"
interactive activities for kids,Commercial,210,40,0.00,"AI Overview, Video, Video carousel, People also ask, Related searches"
ireland activity for kids,Informational,210,21,0.00,"AI Overview, Image, Image pack, Video, People also ask, Related searches"
lupus awareness month - activities for kids,Informational,210,8,0.00,"Video, People also ask, Related searches"
math activities for kids,Informational,210,60,0.00,"AI Overview, Reviews, Image pack, Video, Video carousel, Related searches, Ads bottom, Ads middle"
nyc activities for kids,Informational,210,20,0.00,"Sitelinks, AI Overview, Reviews, Video, Short videos, Related searches"
orlando activities for kids,Commercial,210,28,0.00,"Reviews, Image, Video, Related searches"
outdoor activities for 2 year olds,Informational,210,12,0.26,"Sitelinks, AI Overview, Reviews, Video, People also ask, Related searches"
outdoor activities for 3-5 year olds,Informational,210,11,0.32,"Sitelinks, Video, People also ask, Related searches"
outdoor water activities for kids,Commercial,210,16,0.00,"Sitelinks, AI Overview, Image, Image pack, Video, Video carousel, Related searches, Popular products"
pigeon forge activities for kids,Informational,210,20,0.00,"Sitelinks, AI Overview, Image, Video, People also ask, Related searches"
quiet activities for kids,Informational,210,16,0.00,"AI Overview, Video, Video carousel, Short videos, People also ask, Discussions and forums, Related searches"
reading activities for kids,Commercial,210,29,0.00,"Sitelinks, AI Overview, Image, Video, Video carousel, Related searches"
screen free activities for kids,Informational,210,23,0.00,"AI Overview, Video, Video carousel, People also ask, Related searches"
self control activities for kids,Informational,210,11,0.00,"Sitelinks, AI Overview, Video, Video carousel, Related searches"
sensory activities for 3-5 year olds,Informational,210,10,0.75,"Sitelinks, AI Overview, Reviews, Video, Video carousel, People also ask, Related searches"
shaving cream activities for kids,Informational,210,12,0.00,"Sitelinks, AI Overview, Image, Video, Video carousel, People also ask, Related searches"
summer activities for kids in ne portland,Commercial,210,23,0.00,"Sitelinks, AI Overview, Reviews, Video, People also ask, Local pack, Related searches"
summer camp activities for 3-5 year olds,Informational,210,13,1.55,"AI Overview, Video, Video carousel, People also ask, Discussions and forums, Related searches"
teamwork activities for kids,Informational,210,21,0.00,"Sitelinks, AI Overview, Video, People also ask, Related searches"
turkey activities for kids,Informational,210,2,0.00,"Sitelinks, Image, Image pack, Video, Short videos, Related searches"
weather activities for kids,Informational,210,19,0.00,"AI Overview, Image pack, Video, Related searches"
winter activities video for kids,Navigational,210,39,0.00,"Video, Short videos, Related searches"
winter solstice activities for kids,Informational,210,25,0.00,"AI Overview, Image, Video, Video carousel, Short videos, Related searches"
active toys for 2 year olds,Commercial,170,16,0.28,"Sitelinks, AI Overview, Image, Video, Video carousel, People also ask, Popular products"
activities for 1.5 year olds,Informational,170,25,0.30,"Sitelinks, AI Overview, Video, Video carousel, People also ask, Discussions and forums, Related searches"
activities for 12 year olds,Informational,170,20,0.89,"AI Overview, Video, People also ask, Discussions and forums, Related searches"
activities for 2 year olds on plane,Informational,170,2,0.39,"Sitelinks, AI Overview, Video, Video carousel, People also ask, Related searches"
activities for 3 year olds at home,Informational,170,9,0.27,"Sitelinks, AI Overview, Video, People also ask, Related searches"
activities for 8 month olds,Informational,170,5,0.33,"Sitelinks, AI Overview, Video, Video carousel, Short videos, People also ask, Related searches"
activities for a 2 year old,Informational,170,15,0.00,"AI Overview, Video, Video carousel, Short videos, People also ask, Discussions and forums, Related searches"
activities for a 9 month old,Informational,170,5,0.41,"Sitelinks, AI Overview, Video, Video carousel, Short videos, People also ask, Related searches, Ads bottom, Ads middle"
activities for autistic kids near me,"Informational, Transactional",170,8,0.00,"AI Overview, Video, People also ask, Local pack, Related searches"
activities for kids atlanta,Informational,170,16,0.00,"Reviews, Video, Short videos, People also ask, Related searches"
activities for kids los angeles,Informational,170,18,0.00,"Sitelinks, Reviews, Video, Related searches"
activities for old people's home,Informational,170,20,1.60,"Sitelinks, AI Overview, Video, Video carousel, People also ask, Discussions and forums, Related searches"
activities for six year olds,Informational,170,25,0.65,"Sitelinks, Video, Video carousel, People also ask, Related searches"
activities for ten year olds,Informational,170,26,0.85,"Sitelinks, AI Overview, Video, Video carousel, People also ask, Related searches"
activity books for 2 year olds,Commercial,170,20,0.64,"Sitelinks, Image, Video, Video carousel, People also ask, Discussions and forums, Related searches, Popular products"
activity books for 5 year olds,Commercial,170,17,0.43,"Sitelinks, Image, Image pack, Video, Video carousel, People also ask, Related searches"
activity center for 4 month old,Commercial,170,21,0.40,"Sitelinks, AI Overview, Reviews, Image, Video, Video carousel, Short videos, People also ask, Discussions and forums, Related searches, Popular products"
activity for 2 year olds,Informational,170,14,0.45,"Sitelinks, AI Overview, Video, Video carousel, People also ask, Discussions and forums, Related searches"
activity for 3 year olds,Informational,170,19,0.54,"Sitelinks, AI Overview, Reviews, Video, Video carousel, People also ask, Discussions and forums, Related searches"
activity kits for 5 year olds,Commercial,170,12,0.81,"Sitelinks, Video, Video carousel, Related searches, Popular products"
activity sheets for 4 year olds,Informational,170,38,0.86,"Sitelinks, Image, Image pack, Video, Related searches"
activity sheets for 6 year olds,Informational,170,34,1.06,"Sitelinks, Image, Image pack, Video, Related searches"
activity worksheets for 4 year olds,Informational,170,50,0.99,"Sitelinks, Image, Image pack, Video, Related searches"
art activities for 1 year olds,Informational,170,11,0.17,"Sitelinks, AI Overview, Image, Video, Video carousel, Related searches"
art activities for 7 year olds,Informational,170,23,0.50,"Sitelinks, Image, Image pack, Video, Short videos, Related searches"
artemis ii activities for kids,,170,,0.00,
at home activities for 2 year olds,Informational,170,16,0.33,"Sitelinks, AI Overview, Video, Related searches"
autism awareness activities for kids,Informational,170,26,0.00,"Sitelinks, AI Overview, Image, Image pack, Video, People also ask, Related searches"
best activities for 2 year olds,"Informational, Commercial",170,14,0.40,"Video, Video carousel, People also ask, Related searches"
best outdoor toys for active kids,Commercial,170,16,0.00,"Sitelinks, AI Overview, Reviews, Video, Video carousel, People also ask, Discussions and forums, Related searches, Popular products"
big bear activities for kids,Commercial,170,11,0.00,"Sitelinks, Image, Video, Local pack, Related searches"
birthday party activities for 10 year olds,Informational,170,9,0.36,"Sitelinks, Image, Video, Video carousel, People also ask, Discussions and forums, Related searches, Ads bottom, Ads middle"
birthday party activities for 5 year olds,Informational,170,12,0.37,"Sitelinks, Image, Image pack, Video, Video carousel, People also ask, Discussions and forums, Related searches"
cbt activities for kids,Informational,170,7,0.00,"Sitelinks, AI Overview, Image, Video, Related searches"
chinese new year 2026 activities for kids,Informational,170,11,0.00,"Sitelinks, AI Overview, Image, Video, Video carousel, Related searches"
classroom activities for kids,Informational,170,35,0.00,"AI Overview, Image, Video, Video carousel, Short videos, People also ask, Discussions and forums, Related searches"
cognitive development activities for 3-5 year olds,Informational,170,30,0.00,"Sitelinks, AI Overview, Video, Video carousel, People also ask, Related searches"
day of the dead activities for kids,Informational,170,8,0.00,"Sitelinks, AI Overview, Image, Image pack, Video, People also ask, Related searches"
dia de los muertos activities for kids,Informational,170,13,0.00,"Image, Image pack, Video, People also ask, Related searches"
diwali activities for kids,Informational,170,8,0.00,"Sitelinks, AI Overview, Image, Video, People also ask, Related searches"
easy activities for 2 year olds,Informational,170,15,0.18,"AI Overview, Video, People also ask, Related searches"
educational activities for 1 year olds,Informational,170,30,0.40,"Sitelinks, AI Overview, Image pack, Video, Video carousel, Short videos, People also ask, Discussions and forums, Related searches"
fall activities for kids near me,Transactional,170,7,0.00,"Sitelinks, AI Overview, Video, People also ask, Local pack, Related searches"
fine motor activities for 2 year olds,Informational,170,16,0.40,"Sitelinks, AI Overview, Reviews, Video, Video carousel, Short videos, People also ask, Discussions and forums, Related searches, Ads bottom, Ads middle"
fine motor activities for 3 4 year olds,Informational,170,12,0.96,"Sitelinks, AI Overview, Video, Video carousel, People also ask, Related searches"
fine motor activities for 3 year olds,Informational,170,20,0.57,"Sitelinks, AI Overview, Video, People also ask, Discussions and forums, Related searches"
fine motor activities for two year olds,Informational,170,16,0.33,"Sitelinks, AI Overview, Video, People also ask, Related searches, Ads middle"
fourth of july activities for kids,Informational,170,7,0.00,"AI Overview, Image pack, Video, People also ask, Related searches, Ads middle"
free activity sheets for kids,Commercial,170,25,0.00,"Image, Image pack, Video, Related searches"
free indoor activities for kids,Informational,170,8,0.00,"AI Overview, Video, Video carousel, People also ask, Knowledge panel, Discussions and forums, Related searches"
fun activities for 10 year olds near me,Transactional,170,28,1.16,"Sitelinks, AI Overview, Image, Video, People also ask, Local pack, Related searches"
fun activities for kids in chicago,Informational,170,29,0.00,"Sitelinks, Reviews, Video, Short videos, Discussions and forums, Related searches"
fun art activities for kids,Informational,170,27,0.00,"Sitelinks, AI Overview, Reviews, Image, Video, Video carousel, Short videos"
fun camping activities for kids,Informational,170,21,0.00,"Sitelinks, AI Overview, Video, Video carousel, People also ask"
fun science activities for kids,Informational,170,39,0.00,"AI Overview, Video, Video carousel, Related searches"
gifts for active kids,Informational,170,6,0.00,"Sitelinks, AI Overview, Image, Video, Video carousel, Related searches, Popular products"
halloween activity for kids,"Informational, Commercial",170,24,0.00,"Sitelinks, Image, Image pack, Video, Video carousel, Short videos, People also ask, Related searches, Popular products"
how to make slime without activator for kids,Informational,170,23,0.00,"AI Overview, Video, Video carousel, Short videos, People also ask, Related searches"
indoor active toys for 5 year olds,"Informational, Commercial",170,17,0.33,"Sitelinks, AI Overview, Image, Video, Video carousel, Discussions and forums, Related searches, Popular products"
indoor activities for 4 year olds,Informational,170,14,0.21,"Sitelinks, AI Overview, Video, Video carousel, People also ask, Discussions and forums, Related searches"
indoor activities for kids at home,Informational,170,34,0.00,"Sitelinks, AI Overview, Image pack, Video, People also ask, Related searches"
indoor activity for kids,Commercial,170,22,0.00,"Image pack, Video, People also ask, Local pack, Related searches"
indoor physical activities for 6-12 year olds,Informational,170,10,0.54,"Sitelinks, AI Overview, Video, Video carousel, People also ask, Discussions and forums, Related searches"
interoception activities for kids,"Informational, Commercial",170,3,0.00,"Sitelinks, AI Overview, Image, Video, Related searches"
kansas city activities for kids,Informational,170,22,0.00,"AI Overview, Video, Video carousel, Short videos, Related searches"
las vegas activities for kids,Informational,170,29,0.00,"Sitelinks, AI Overview, Image, Video, People also ask, Related searches"
learning activities for 1 year olds,Commercial,170,28,0.76,"Sitelinks, AI Overview, Video, Video carousel, Short videos, People also ask, Discussions and forums, Related searches"
march activities for kids,Informational,170,5,0.00,"Sitelinks, AI Overview, Image, Image pack, Video, People also ask, Related searches"
martin luther king jr activities for kids,Informational,170,19,0.00,"AI Overview, Image, Image pack, Video, Video carousel, Related searches"
maui activities for kids,Commercial,170,3,0.00,"Sitelinks, Video, People also ask, Related searches"
mindfulness activity for kids,Informational,170,39,0.00,"Sitelinks, AI Overview, Video, Video carousel, Related searches"
montessori activities for 3 year olds,Informational,170,2,0.60,"Sitelinks, AI Overview, Video, Video carousel, People also ask, Related searches, Ads middle"
mother's day activities for kids,Informational,170,22,0.00,"Sitelinks, AI Overview, Image, Video, Video carousel, People also ask, Discussions and forums, Related searches"
november activities for kids,Informational,170,3,0.00,"AI Overview, Reviews, Image pack, Video, Video carousel, People also ask, Related searches"
nutrition activities for kids,"Informational, Commercial",170,29,0.00,"AI Overview, Video, People also ask, Related searches"
outdoor activities for 1 year olds,Informational,170,10,0.26,"Sitelinks, Reviews, Video, Video carousel, People also ask, Related searches"
outdoor activities for 4 year olds,Informational,170,13,0.44,"Sitelinks, AI Overview, Video, Video carousel, People also ask, Related searches"
physical activity for kids,Informational,170,60,0.00,"Featured snippet, Video, Video carousel, People also ask, Related searches"
preschool activities for 2 year olds,"Informational, Commercial",170,19,0.90,"Sitelinks, AI Overview, Video, Video carousel, People also ask, Discussions and forums, Related searches"
problem solving activities for kids,Informational,170,15,0.00,"Sitelinks, AI Overview, Video, Video carousel, Short videos, Discussions and forums, Related searches, Ads middle"
san antonio activities for kids,Informational,170,22,0.00,"Sitelinks, AI Overview, Reviews, Video, People also ask, Related searches"
self regulation activities for kids,Informational,170,24,0.00,"Sitelinks, AI Overview, Video, Video carousel, Related searches"
sensory activities for 1-2 year olds,Informational,170,10,0.23,"Sitelinks, AI Overview, Video, Video carousel, People also ask, Discussions and forums, Related searches, Ads bottom, Ads middle"
sensory activities for 3 year olds,Informational,170,16,0.27,"Sitelinks, AI Overview, Image, Image pack, Video, Video carousel, People also ask, Related searches"
social skills activities for kids,Informational,170,15,0.00,"Sitelinks, AI Overview, Reviews, Video, People also ask, Related searches"
stem activities for 3 5 year olds,"Informational, Commercial",170,11,0.78,"AI Overview, Video, Video carousel, People also ask, Related searches"
stem activity for kids,Informational,170,31,0.00,"AI Overview, Video, Video carousel, People also ask, Related searches, Ads bottom, Ads middle"
summer activities for 5 year olds,"Informational, Commercial",170,8,1.14,"Sitelinks, AI Overview, Image, Image pack, Video, Video carousel, People also ask, Related searches"
super bowl activities for kids,Informational,170,3,0.00,"AI Overview, Video, Video carousel, Related searches"
toys for active kids,Commercial,170,14,0.00,"Sitelinks, AI Overview, Image, Video, Video carousel, Short videos, Related searches, Popular products"
wedding activities for kids,Informational,170,20,0.00,"Sitelinks, AI Overview, Image, Image pack, Video, People also ask, Related searches"
activities for 1 year olds on a plane,Informational,140,7,0.34,"Sitelinks, AI Overview, Video, Video carousel, People also ask, Related searches"
activities for 11 year olds,Informational,140,17,0.78,"Sitelinks, AI Overview, Video, People also ask, Related searches"
activities for 13 month old,Informational,140,15,0.33,"Sitelinks, AI Overview, Video, People also ask, Related searches"
activities for 17 month old,Informational,140,23,0.20,"Sitelinks, AI Overview, Video, Video carousel, People also ask, Related searches"
activities for 18 month olds,Informational,140,5,0.31,"Sitelinks, AI Overview, Video, Video carousel, People also ask, Related searches"
activities for 2 and 3 year olds,Informational,140,30,0.41,"Sitelinks, AI Overview, Video, Video carousel, People also ask, Discussions and forums, Related searches, Ads bottom, Ads middle"
activities for 2 year old,Informational,140,14,0.00,"Sitelinks, AI Overview, Image pack, Video, People also ask, Related searches, Ads bottom, Ads middle"
activities for 2 year olds outside,Informational,140,14,0.33,"Sitelinks, Video, Video carousel, People also ask, Related searches, Ads top, Ads bottom"
activities for 3 year old birthday party,Informational,140,17,0.00,"Sitelinks, AI Overview, Video, People also ask, Related searches"
activities for 4 month old infant,Informational,140,25,0.48,"Sitelinks, AI Overview, Video, Video carousel, Related searches"
activities for four year olds to do,Informational,140,12,0.32,"Sitelinks, AI Overview, Video, Video carousel, People also ask, Related searches"
activities for kids charlotte nc,Commercial,140,22,0.00,"Sitelinks, AI Overview, Reviews, Video, People also ask, Related searches"
activities for kids chicago,Informational,140,24,0.00,"Sitelinks, AI Overview, Reviews, Video, Short videos, Related searches"
activities for kids dallas,Commercial,140,30,0.00,"Video, Short videos, Related searches"
activities for one year olds at home,"Informational, Commercial",140,27,0.20,"Sitelinks, AI Overview, Video, Video carousel, Short videos, Related searches"
activities for three month old,Informational,140,19,0.47,"Sitelinks, AI Overview, Video, Video carousel, Short videos, People also ask, Related searches"
activities to do for 2 year olds,Commercial,140,15,0.26,"Reviews, Video, People also ask, Local pack, Discussions and forums, Related searches"
activity books for three year olds,Commercial,140,10,0.79,"Sitelinks, AI Overview, Video, Related searches, Popular products"
activity boxes for kids,Commercial,140,5,0.00,"Sitelinks, Image, Video, Related searches, Popular products"
activity for kids near me,Transactional,140,9,0.00,"Video, Local pack, Related searches"
activity games for kids,Informational,140,31,0.00,"Sitelinks, AI Overview, Video, Video carousel, People also ask, Related searches, Popular products"
activity sheets for 3 year olds,Informational,140,37,0.95,"Sitelinks, Image, Image pack, Video, Related searches"
activity table for 5 year old,Commercial,140,28,0.00,"Sitelinks, Video, Related searches, Popular products"
activity worksheets for 6 year olds,Informational,140,52,1.06,"Image, Image pack, Video, Related searches"
activity worksheets for kids,Informational,140,64,0.00,"Sitelinks, Image, Image pack, Video, Video carousel, Related searches"
airplane activities for 2 year old,Informational,140,1,0.00,"Sitelinks, AI Overview, Video, Related searches"
american dream activities for kids,Informational,140,17,0.00,"Reviews, Image pack, Video, Related searches"
anger management activities for kids,Informational,140,5,0.00,"Sitelinks, AI Overview, Video, Video carousel, Short videos, Related searches"
animal activities for kids,Informational,140,13,0.00,"AI Overview, Reviews, Image, Video, Video carousel, People also ask, Discussions and forums, Related searches"
art activities for 2 year olds ideas,Informational,140,17,0.18,"Sitelinks, AI Overview, Video, Video carousel, Related searches, Ads top"
art activities for 3 4 year olds,Informational,140,14,0.28,"Sitelinks, AI Overview, Image, Image pack, Video, Video carousel, People also ask, Discussions and forums, Related searches"
art activities for 3 to 4 year olds,Informational,140,15,0.43,"Sitelinks, AI Overview, Image, Image pack, Video, Video carousel, People also ask, Related searches"
art activities for 3-4 year olds,Informational,140,24,0.43,"Sitelinks, AI Overview, Image, Video, Video carousel, Discussions and forums, Related searches, Ads bottom"
art activities for 6 year olds,Informational,140,20,0.24,"Sitelinks, Image, Video, Video carousel, Short videos, Related searches, Ads bottom"
art activities for 8 10 year olds,Commercial,140,14,0.45,"Sitelinks, AI Overview, Image, Video, Video carousel, People also ask, Discussions and forums, Related searches, Popular products"
artemis 2 activities for kids,,140,,0.00,
atlanta activities for kids,Informational,140,21,0.00,"Video, Short videos, People also ask, Related searches"
best activities for 3 year olds,Commercial,140,19,0.51,"Sitelinks, AI Overview, Reviews, Video, Video carousel, People also ask, Related searches"
christian activities for kids,Informational,140,34,0.00,"AI Overview, Video, Video carousel, Related searches"
church activities for kids,Informational,140,17,0.00,"AI Overview, Video, People also ask, Related searches"
circle time activities for 3 4 year olds,Informational,140,12,0.63,"Sitelinks, AI Overview, Video, Video carousel, People also ask, Discussions and forums, Related searches"
craft activities for 11 year olds,Informational,140,18,0.39,"Sitelinks, AI Overview, Image, Image pack, Video, Video carousel, People also ask, Related searches, Ads bottom, Ads middle"
craft activities for 3 4 year olds,Informational,140,26,0.43,"Sitelinks, AI Overview, Image, Video, Video carousel, People also ask, Discussions and forums, Related searches"
creative activities for kids,"Informational, Commercial",140,37,0.00,"AI Overview, Image, Video, People also ask, Related searches"
crossing midline activities for kids,Informational,140,5,0.00,"AI Overview, Image, Video, Video carousel, People also ask, Related searches"
dinosaur activities for kids,Informational,140,14,0.00,"Sitelinks, AI Overview, Image, Image pack, Video, Video carousel, Short videos, Related searches"
educational activities for 5 year olds,Informational,140,14,1.10,"Featured snippet, Image pack, Video, Video carousel, People also ask, Related searches"
educational activities for 8 year olds at home,Informational,140,18,0.96,"Sitelinks, AI Overview, Video, Video carousel, People also ask, Discussions and forums, Related searches"
educational activities for kids at home,Informational,140,,0.00,"AI Overview, Video, Video carousel, People also ask, Discussions and forums, Related searches"
fall festival activities for kids,Informational,140,14,0.00,"AI Overview, Image, Image pack, Video, Video carousel, Short videos, People also ask"
fine motor activities for 1 year olds,Informational,140,15,0.23,"Sitelinks, AI Overview, Reviews, Video, Video carousel, People also ask, Related searches"
fine motor activities for kids,Informational,140,24,0.00,"AI Overview, Video, People also ask, Related searches"
food activities for kids,Informational,140,19,0.00,"Sitelinks, AI Overview, Image, Video, Related searches, Ads bottom, Ads middle"
fossil activities for kids,Informational,140,21,0.00,"Sitelinks, AI Overview, Image, Image pack, Video, People also ask, Related searches"
fun activities for 12 year olds near me,Transactional,140,29,0.77,"Sitelinks, AI Overview, Video, People also ask, Local pack, Related searches"
fun activities for five year olds,Informational,140,21,0.46,"Sitelinks, AI Overview, Video, Video carousel, People also ask, Discussions and forums, Related searches, Ads bottom, Ads middle"
fun st patrick's day activities for kids,Informational,140,14,0.00,"AI Overview, Image pack, Video, Video carousel, People also ask, Discussions and forums, Related searches"
fun writing activities for kids,Informational,140,20,0.00,"AI Overview, Image, Image pack, Video, People also ask, Related searches, Ads bottom, Ads middle"
good activities for 3 year olds,Informational,140,26,0.51,"Sitelinks, AI Overview, Video, People also ask, Related searches"
growth mindset activities for kids,Informational,140,23,0.00,"AI Overview, Reviews, Image pack, Video, Video carousel, Short videos, Related searches"
halloween activities near me for kids,"Informational, Transactional",140,17,0.00,"AI Overview, Video, Discussions and forums, Related searches"
hispanic heritage month activities for kids,Informational,140,30,0.00,"Image, Image pack, Video, Short videos, Discussions and forums, Related searches"
home depot activity for kids,Navigational,140,49,0.00,"Sitelinks, Image pack, Video, People also ask, Related searches"
hotel del coronado activities for kids,Informational,140,16,0.00,"AI Overview, Video, People also ask, Discussions and forums, Related searches"
indoor winter activities for kids,Informational,140,8,0.00,"AI Overview, Image pack, Video, Short videos, Related searches"
january activities for kids,Informational,140,14,0.00,"Sitelinks, AI Overview, Image, Image pack, Video, People also ask, Related searches"
leadership activities for kids,Informational,140,16,0.00,"Sitelinks, AI Overview, Video, Short videos, Discussions and forums, Related searches"
learning activities for 5 year olds,Informational,140,14,1.37,"Sitelinks, AI Overview, Video, Video carousel, People also ask, Related searches"
learning activities for one year olds,"Informational, Commercial",140,31,0.65,"Sitelinks, AI Overview, Video, Video carousel, Related searches"
learning activity sheets for 3 year olds,Commercial,140,36,1.30,"Sitelinks, Image pack, Video, Related searches, Popular products"
lego activities for kids,Commercial,140,22,0.00,"Sitelinks, Image, Image pack, Video, Video carousel, Related searches"
miami activities for kids,Informational,140,26,0.00,"Sitelinks, Reviews, Image pack, Video, Video carousel, People also ask, Related searches"
mindful activities for kids,Informational,140,36,0.00,"Sitelinks, AI Overview, Image, Video, Video carousel, Related searches"
mlk activities for kids,Informational,140,8,0.00,"AI Overview, Image, Image pack, Video, Short videos, Related searches"
online activities for 2 year olds,Commercial,140,24,1.49,"Sitelinks, AI Overview, Video, Video carousel, Related searches"
outdoor activities for 10 year olds,Informational,140,13,0.33,"Sitelinks, AI Overview, Image pack, Video, People also ask, Related searches"
outdoor activities for 3 year olds,Informational,140,11,0.34,"Sitelinks, AI Overview, Video, Video carousel, People also ask, Related searches"
outdoor activities for four year olds,Commercial,140,11,0.44,"Sitelinks, Video, Video carousel, People also ask, Discussions and forums, Related searches"
outdoor activities for one year olds,Informational,140,13,0.28,"Sitelinks, Video, Video carousel, People also ask, Related searches"
outside activities for 3 5 year olds,Informational,140,17,0.47,"Sitelinks, Video, Video carousel, Discussions and forums, Related searches"
painting activities for 3-4 year olds,Informational,140,13,0.34,"Sitelinks, AI Overview, Video, Video carousel, Short videos, People also ask, Discussions and forums, Related searches"
printable activities for 4 year olds,Informational,140,39,0.77,"Sitelinks, Image, Image pack, Video, Discussions and forums, Related searches"
school activities for kids,Informational,140,35,0.00,"AI Overview, Video, Video carousel, People also ask, Related searches"
science activities for 3 5 year olds at home,Informational,140,16,0.25,"Sitelinks, AI Overview, Video, Video carousel, Short videos, People also ask, Related searches"
sel activities for kids,Informational,140,20,0.00,"AI Overview, Image, Video, Video carousel, People also ask, Related searches"
self awareness activities for kids,Informational,140,7,0.00,"AI Overview, Video, Related searches"
sensory activities for 9 month old,Informational,140,11,0.32,"Sitelinks, AI Overview, Video, People also ask, Related searches"
social and emotional development activities for 3-5 year olds,Informational,140,11,3.68,"Sitelinks, AI Overview, Video, People also ask, Related searches"
sports activities for kids,"Informational, Commercial",140,33,0.00,"Sitelinks, AI Overview, Video, Video carousel, Short videos, People also ask, Related searches"
st louis activities for kids,Informational,140,5,0.00,"Sitelinks, AI Overview, Reviews, Video, People also ask, Related searches"
summer activities for 12-year olds,Informational,140,9,0.00,"Sitelinks, Image, Video, People also ask, Related searches"
thankful activities for kids,Informational,140,9,0.00,"AI Overview, Image, Image pack, Video, Video carousel, Short videos, People also ask, Related searches"
toys for active 1 year olds,"Informational, Commercial",140,24,0.33,"Sitelinks, AI Overview, Reviews, Video, Video carousel, People also ask, Discussions and forums, Related searches, Popular products"
writing activities for kids,Informational,140,20,0.00,"AI Overview, Image pack, Video, People also ask, Related searches"
year of the horse activities for kids,Informational,140,14,0.00,"Sitelinks, Reviews, Image, Image pack, Video, Video carousel, Related searches"
active toys for 3 year olds,"Informational, Commercial",110,13,0.29,"Sitelinks, AI Overview, Image, Video, Related searches, Popular products"
active toys for 4 year olds,"Informational, Commercial",110,12,0.29,"Sitelinks, AI Overview, Image, Video, Related searches, Popular products"
activities for 1 1 2 year olds,Informational,110,16,0.27,"Sitelinks, AI Overview, Video, People also ask, Related searches"
activities for 1 and 2 year olds,Informational,110,10,0.27,"Sitelinks, AI Overview, Video, Video carousel, People also ask, Related searches"
activities for 13 year olds,Informational,110,13,0.94,"Sitelinks, Reviews, Video, People also ask, Related searches"
activities for 18 month old at home,Informational,110,13,0.20,"Sitelinks, AI Overview, Image pack, Video, Video carousel, People also ask, Related searches"
activities for 18 month old near me,Transactional,110,32,2.10,"AI Overview, Reviews, Video, People also ask, Local pack, Related searches"
activities for 2 1 2 year olds,Informational,110,13,0.27,"Sitelinks, AI Overview, Video, Video carousel, Short videos, People also ask, Related searches"
activities for 2 year olds in daycare,Informational,110,8,0.71,"Sitelinks, AI Overview, Video, Video carousel, People also ask, Discussions and forums, Related searches"
activities for 21 month old,Informational,110,10,0.40,"Sitelinks, AI Overview, Video, Video carousel, People also ask, Related searches, Ads bottom, Ads middle"
activities for 3 4 year olds,Informational,110,10,0.65,"Sitelinks, Video, Short videos, People also ask, Related searches"
activities for 3 5 year olds,Informational,110,7,0.62,"Sitelinks, AI Overview, Video, Video carousel, Short videos, People also ask, Discussions and forums, Related searches"
activities for 3 and 4 year olds,Informational,110,10,0.65,"Sitelinks, AI Overview, Reviews, Video, Video carousel, Short videos, People also ask, Discussions and forums, Related searches"
activities for 5 month old infant,Informational,110,14,0.38,"Sitelinks, AI Overview, Video, Video carousel, Short videos, People also ask, Discussions and forums, Related searches"
activities for 6 month olds,Informational,110,14,0.44,"Sitelinks, AI Overview, Video, Video carousel, Short videos, People also ask, Discussions and forums, Related searches"
activities for 6 year olds near me,Transactional,110,34,1.00,"AI Overview, Video, People also ask, Local pack, Related searches"
activities for 7-year olds indoors,Informational,110,28,0.45,"Sitelinks, Video, Video carousel, People also ask, Related searches"
activities for a 20 month old,Informational,110,7,0.41,"Sitelinks, AI Overview, Video, Video carousel, Short videos, People also ask, Related searches"
activities for adhd kids,"Informational, Commercial",110,15,0.00,"Sitelinks, AI Overview, Image, Video, People also ask, Related searches"
activities for kids in kansas city,Commercial,110,17,0.00,"Video, People also ask, Related searches"
activities for kids in las vegas,"Informational, Commercial",110,41,0.00,"Sitelinks, AI Overview, Image, Video, People also ask, Local pack, Related searches"
activities for kids in san diego,Commercial,110,18,0.00,"Sitelinks, Image, Video, Local pack, Discussions and forums, Related searches"
activities for kids kansas city,Informational,110,19,0.00,"Sitelinks, AI Overview, Video, Short videos, Related searches"
activities for kids philadelphia,Informational,110,19,0.00,"Sitelinks, Video, Related searches"
activities for kids san antonio,Informational,110,19,0.00,"Sitelinks, Video, Video carousel, Discussions and forums, Related searches"
activities for nine year olds,Informational,110,24,0.73,"Sitelinks, Image pack, Video, People also ask, Related searches"
activities for two year olds near me,Transactional,110,19,1.57,"AI Overview, Reviews, Video, People also ask, Local pack, Related searches"
activity boards for 1 year olds,"Informational, Commercial",110,20,0.49,"Sitelinks, AI Overview, Video, Video carousel, Related searches, Popular products"
activity books for 1 year olds,Commercial,110,26,0.50,"Sitelinks, Video, Video carousel, People also ask, Discussions and forums, Related searches, Popular products"
activity books for 7 year olds,Commercial,110,13,0.74,"Sitelinks, AI Overview, Image, Video, People also ask, Discussions and forums, Related searches, Popular products"
activity centers for 1 year olds,Commercial,110,25,0.50,"Sitelinks, Video, Video carousel, People also ask, Knowledge panel, Discussions and forums, Related searches, Popular products"
activity for 2 year olds near me,Transactional,110,18,1.59,"Sitelinks, Reviews, Video, People also ask, Local pack, Related searches"
activity for 4 year olds,Informational,110,7,0.64,"Sitelinks, AI Overview, Reviews, Video, People also ask, Related searches"
activity pages for 3 year olds,Informational,110,36,1.07,"Image, Image pack, Video, Related searches"
activity sheets for 2 year olds,Informational,110,25,0.90,"Sitelinks, Image, Image pack, Video, Related searches"
activity toys for 3 year olds,Commercial,110,14,0.36,"Sitelinks, Image, Video, Video carousel, Discussions and forums, Related searches"
advent activities for kids,Informational,110,13,0.00,"Sitelinks, AI Overview, Image, Image pack, Video, Related searches"
art activities for 18 month old,Informational,110,22,0.33,"Sitelinks, AI Overview, Image, Video, Video carousel, People also ask, Related searches"
art activities for 2 3 year olds,Informational,110,15,0.45,"Sitelinks, AI Overview, Image, Video, Video carousel, Related searches, Ads bottom"
art activities for 3 and 4 year olds,Informational,110,11,0.43,"Sitelinks, AI Overview, Video, Video carousel, Discussions and forums, Related searches, Ads bottom"
art activities for 3 year olds,Informational,110,20,0.28,"Sitelinks, AI Overview, Image, Image pack, Video, Video carousel, People also ask, Discussions and forums, Related searches"
art activities for 5 year olds,Informational,110,14,0.43,"Sitelinks, AI Overview, Image, Image pack, Video, Video carousel, Related searches"
art activities for one year olds,Informational,110,14,0.21,"Sitelinks, AI Overview, Image, Image pack, Video, Video carousel, People also ask, Related searches"
art activity for kids,Informational,110,29,0.00,"AI Overview, Image, Video, Video carousel, Related searches"
ash wednesday activities for kids,Informational,110,17,0.00,"AI Overview, Image pack, Video, People also ask, Related searches"
at home activities for 18 month old,Informational,110,7,0.20,"Sitelinks, AI Overview, Video, People also ask, Related searches"
balance activities for kids,Informational,110,4,0.00,"Sitelinks, AI Overview, Image, Video, People also ask, Related searches"
bilateral coordination activities for kids,Informational,110,5,0.00,"AI Overview, Image, Image pack, Video, Video carousel, Related searches"
bird activities for kids,Informational,110,13,0.00,"Sitelinks, AI Overview, Image, Video carousel, Related searches"
brain activities for kids,Informational,110,24,0.00,"AI Overview, Video, Video carousel, Short videos, Related searches"
car activities for 2 year olds,Informational,110,17,0.32,"Sitelinks, AI Overview, Video, Video carousel, Short videos, Related searches"
christmas activities for kids in leduc alberta december 2024,Informational,110,2,0.00,"Sitelinks, AI Overview, Video, People also ask, Related searches"
christmas eve activities for kids,Informational,110,10,0.00,"Sitelinks, AI Overview, Image, Image pack, Video, Video carousel, Short videos, People also ask, Related searches, Ads bottom"
christmas party activities for kids,Informational,110,19,0.00,"Sitelinks, AI Overview, Image, Video, Video carousel, People also ask, Discussions and forums"
communication activities for kids,Informational,110,20,0.00,"Sitelinks, AI Overview, Video, Video carousel, Related searches, Ads bottom, Ads middle"
conflict resolution activities for kids,Informational,110,4,0.00,"Sitelinks, AI Overview, Reviews, Video, Video carousel, Related searches"
cooking activities for kids,Informational,110,12,0.00,"Sitelinks, AI Overview, Video, Video carousel, Related searches"
counting activities for 2 year olds,Informational,110,4,1.32,"Sitelinks, AI Overview, Video, Video carousel, People also ask, Discussions and forums, Related searches"
counting activities for 3 year olds,Informational,110,16,1.19,"Sitelinks, AI Overview, Video, Video carousel, People also ask, Discussions and forums, Related searches"
craft activities for 6 year olds,Informational,110,30,0.48,"Sitelinks, Image, Video, Video carousel, People also ask, Related searches, Ads bottom"
craft activities for 8 year olds,"Informational, Commercial",110,14,0.23,"Sitelinks, AI Overview, Image, Image pack, Video, Related searches, Popular products, Ads bottom"
creative activities for 3 5 year olds,Informational,110,13,0.60,"Sitelinks, AI Overview, Reviews, Video, Video carousel, People also ask, Discussions and forums, Related searches"
cultural activities for kids,Informational,110,9,0.00,"AI Overview, Image, Video, Video carousel, People also ask, Related searches"
daycare activities for 2 year olds,Informational,110,6,0.71,"Sitelinks, AI Overview, Video, Video carousel, People also ask, Discussions and forums, Related searches"
daycare craft activities for 1 2 year olds,Informational,110,24,0.00,"Sitelinks, AI Overview, Image, Video, Video carousel, Discussions and forums, Related searches"
earth day 2026 activities for kids,,110,,0.00,
easy activities for kids,Informational,110,33,0.00,"Sitelinks, AI Overview, Image, Video, Video carousel, People also ask, Related searches"
educational activities for 2 year olds,Informational,110,28,0.77,"Sitelinks, AI Overview, Video, Video carousel, People also ask, Discussions and forums, Related searches"
educational activities for 3 year olds,Informational,110,28,0.80,"AI Overview, Video, Video carousel, People also ask, Discussions and forums, Related searches"
educational activities for 4 year olds,Informational,110,11,1.11,"Sitelinks, AI Overview, Video, Video carousel, People also ask, Discussions and forums, Related searches, Popular products"
educational activities for one year olds,"Informational, Commercial",110,29,0.42,"Sitelinks, AI Overview, Video, Video carousel, People also ask, Discussions and forums, Related searches"
emotion identification activities for kids,Informational,110,21,0.00,"Sitelinks, Reviews, Image, Image pack, Video, Video carousel, Related searches"
emotions activities for kids,Informational,110,25,0.00,"AI Overview, Video, Video carousel, Related searches"
extracurricular activities for 3 year olds near me,Transactional,110,17,2.36,"Sitelinks, AI Overview, Video, People also ask, Local pack, Related searches"
fine motor activities for 1 2 year olds,Informational,110,14,0.51,"Sitelinks, AI Overview, Image, Video, People also ask, Related searches"
fine motor activities for one year olds,Informational,110,16,0.24,"Sitelinks, AI Overview, Video, Video carousel, People also ask, Discussions and forums, Related searches"
fine motor activities for three year olds,Informational,110,21,0.45,"Sitelinks, AI Overview, Video, Video carousel, People also ask, Related searches"
fine motor skills activities for 1 2 year olds,Informational,110,16,0.51,"Sitelinks, AI Overview, Video, Video carousel, People also ask, Discussions and forums, Related searches"
fine motor skills activities for 3 4 year olds,Informational,110,19,0.96,"Sitelinks, AI Overview, Reviews, Image pack, Video, Video carousel, People also ask, Related searches"
fine motor skills activities for 3 year olds,Informational,110,19,0.45,"Sitelinks, AI Overview, Image pack, Video, People also ask, Related searches"
fine motor skills activities for 4 year olds,Informational,110,20,0.66,"Sitelinks, AI Overview, Video, Video carousel, People also ask, Related searches"
fine motor skills activities for 7 year olds,Informational,110,14,0.59,"AI Overview, Reviews, Image pack, Video, Video carousel, People also ask, Related searches"
free activities for kids nyc,"Informational, Commercial",110,25,0.00,"Sitelinks, AI Overview, Video, Video carousel, Short videos, Discussions and forums, Related searches"
free activity pages for kids,Informational,110,30,0.00,"Sitelinks, Image, Image pack, Video, Related searches"
free educational activities for 2 year olds at home,Informational,110,34,0.73,"Sitelinks, AI Overview, Reviews, Video, Video carousel, Related searches"
free educational activities for 3 year olds at home,Informational,110,22,0.74,"Sitelinks, AI Overview, Video, Video carousel, People also ask, Knowledge panel, Related searches"
free indoor activities for kids near me,"Informational, Transactional",110,17,0.00,"Sitelinks, AI Overview, Video, People also ask, Local pack, Related searches"
free printable activities for 2 year olds,Commercial,110,13,0.88,"Sitelinks, Image, Image pack, Video, Discussions and forums, Related searches"
free printable activities for 3 year olds,Informational,110,25,0.87,"Sitelinks, Reviews, Image, Image pack, Video, Related searches"
free printable activity sheets for kids,Informational,110,40,0.00,"Sitelinks, Image, Image pack, Video, Related searches"
free summer activities for kids near me,"Informational, Transactional",110,13,0.00,"AI Overview, Video, People also ask, Local pack, Related searches"
fun activities for 10 year olds,Informational,110,27,0.70,"Sitelinks, Reviews, Video, Video carousel, People also ask, Discussions and forums, Related searches"
fun activities for 11 year olds near me,Transactional,110,30,0.96,"Sitelinks, Image, Video, People also ask, Local pack, Related searches"
fun activities for 3 year olds near me,Transactional,110,11,1.41,"Sitelinks, AI Overview, Video, People also ask, Local pack, Related searches"
fun activities for 5 year olds near me,Transactional,110,23,1.04,"Reviews, Video, People also ask, Local pack, Related searches"
fun birthday activities for kids,Commercial,110,27,0.00,"Sitelinks, AI Overview, Reviews, Image, Video, Video carousel, People also ask, Knowledge panel, Discussions and forums, Related searches"
fun group activities for kids,Informational,110,5,0.00,"AI Overview, Video, Video carousel, Short videos, Related searches"
fun rainy day activities for kids,Informational,110,16,0.00,"AI Overview, Image pack, Video, People also ask, Discussions and forums, Related searches"
fun thanksgiving activities for kids,Informational,110,12,0.00,"Sitelinks, AI Overview, Image, Video, Video carousel, Short videos, People also ask, Related searches"
fun winter activities for kids,Informational,110,11,0.00,"AI Overview, Image, Image pack, Video, Video carousel, People also ask, Related searches"
gifts for active 5 year old boy,Commercial,110,9,0.00,"Sitelinks, AI Overview, Image, Image pack, Video, Discussions and forums, Related searches, Popular products"
great activities for 2 year olds,Informational,110,16,0.44,"Sitelinks, AI Overview, Video, Video carousel, People also ask, Discussions and forums, Related searches"
grinch activities for kids,Informational,110,17,0.00,"Sitelinks, Image, Image pack, Video, Video carousel, Related searches, Ads bottom"
gross motor activities for 2 year olds,Informational,110,7,0.39,"Sitelinks, AI Overview, Image pack, Video, People also ask, Related searches"
halloween stem activities for kids,Informational,110,6,0.00,"Sitelinks, AI Overview, Image, Image pack, Video, Related searches, Ads top, Ads bottom"
home activities for 18 month old,Informational,110,12,0.20,"Sitelinks, AI Overview, Video, Video carousel, People also ask, Related searches"
home activities for 2 year olds,Informational,110,16,0.33,"AI Overview, Video, People also ask, Discussions and forums, Related searches"
houston activities for kids,"Informational, Commercial",110,24,0.00,"Sitelinks, AI Overview, Reviews, Video, Related searches"
indoor activities for 1 year old,"Informational, Commercial",110,23,0.00,"Sitelinks, AI Overview, Video, Video carousel, People also ask, Discussions and forums, Related searches, Ads bottom, Ads middle"
indoor activities for 18 month old,Informational,110,13,0.16,"Sitelinks, AI Overview, Video, Video carousel, People also ask, Related searches"
indoor activities for 2 year olds near me,Transactional,110,17,1.31,"Video, People also ask, Local pack, Related searches"
indoor activities for kids orlando,Commercial,110,21,0.00,"Sitelinks, Video, People also ask, Local pack, Discussions and forums, Related searches"
indoor activities for one year olds,Informational,110,24,0.23,"Sitelinks, Video, Video carousel, People also ask, Local pack, Related searches"
indoor activities for three year olds,Informational,110,12,0.37,"Sitelinks, Video, Video carousel, People also ask, Discussions and forums, Related searches"
indoor physical activities for 6 12 year olds,Informational,110,12,0.52,"Sitelinks, AI Overview, Video, Video carousel, People also ask, Related searches"
indoor toys for active kids,"Informational, Commercial",110,11,0.00,"Sitelinks, AI Overview, Image, Video, Video carousel, Related searches, Popular products"
kids activities for st patrick's day,Informational,110,8,0.00,"AI Overview, Image pack, Video, Video carousel, People also ask, Related searches"
labor day activities for kids,Informational,110,2,0.00,"AI Overview, Image, Image pack, Video, Video carousel, People also ask, Related searches"
lake george activities for kids,Informational,110,3,0.00,"Sitelinks, Image, Image pack, Video, People also ask, Related searches"
language and literacy activities for 3-4-year olds,,110,,2.17,
learning activities for 18 month old,Informational,110,13,0.65,"Sitelinks, AI Overview, Video, Video carousel, Short videos, People also ask, Discussions and forums, Related searches"
learning activity sheets for 4 year olds,Commercial,110,47,1.32,"Sitelinks, Video, Video carousel, Related searches, Ads middle"
life skills activities for kids,"Informational, Commercial",110,21,0.00,"Sitelinks, AI Overview, Video, Video carousel, People also ask, Related searches"
literacy activities for 3-4 year olds pdf,Informational,110,9,0.94,"AI Overview, Video, People also ask, Related searches"
map activities for kids,Informational,110,16,0.00,"Sitelinks, AI Overview, Image, Image pack, Video, Video carousel"
math activities for 3 year olds,Informational,110,6,0.97,"AI Overview, Video, People also ask, Related searches"
money activities for kids,Informational,110,17,0.00,"Sitelinks, AI Overview, Video, People also ask, Related searches"
montessori activities for 1 year old,Informational,110,2,0.00,"Sitelinks, AI Overview, Video, Video carousel, People also ask, Related searches, Popular products"
montessori activities for two year olds,"Informational, Commercial",110,0,0.48,"Sitelinks, AI Overview, Video, Video carousel, Discussions and forums, Related searches, Popular products"
nursery activities for 4 year olds,Informational,110,23,1.01,"AI Overview, Video, Video carousel, People also ask, Related searches"
nye activities for kids,Informational,110,3,0.00,"Sitelinks, AI Overview, Image, Image pack, Video, Video carousel, Short videos, People also ask, Related searches"
ocean activities for kids,Informational,110,23,0.00,"Sitelinks, AI Overview, Image, Image pack, Video, Related searches"
online activities for 5 year olds,Commercial,110,76,1.26,"Sitelinks, AI Overview, Video, Related searches, Ads bottom"
online activities for kids,Informational,110,82,0.00,"Sitelinks, AI Overview, Video, Related searches"
outdoor activities for 10 year-olds,Informational,110,13,0.33,"Sitelinks, Video, Video carousel, People also ask, Related searches"
outdoor activities for 3 5 year olds,Informational,110,15,0.32,"Sitelinks, Reviews, Image pack, Video, People also ask, Related searches, Popular products"
outdoor activities for 5 year olds,Informational,110,18,0.29,"Sitelinks, AI Overview, Video, Video carousel, People also ask, Related searches"
outdoor activity for kids,Commercial,110,14,0.00,"Sitelinks, Reviews, Image pack, Video, Video carousel, People also ask, Local pack, Related searches, Ads middle"
party activities for 3 year olds,Informational,110,14,0.54,"Sitelinks, AI Overview, Video, People also ask, Related searches"
physical activities for 3 year olds,Informational,110,16,0.64,"Sitelinks, AI Overview, Video, Video carousel, People also ask, Related searches"
pi day activities for kids,Informational,110,22,0.00,"Sitelinks, AI Overview, Image, Image pack, Video, Video carousel, Discussions and forums, Related searches"
presidents day activities for kids,Informational,110,16,0.00,"AI Overview, Image, Image pack, Video, Short videos, People also ask, Discussions and forums"
printable activities for 10 year olds pdf,Informational,110,18,1.81,"Sitelinks, Image, Image pack, Related searches, Ads top, Ads bottom"
printable activities for 5 year olds,Informational,110,25,0.94,"Sitelinks, Image, Image pack, Video, Video carousel, Related searches"
printable activity sheets for kids,Informational,110,14,0.00,"Sitelinks, Image, Image pack, Video, Related searches"
resilience activities for kids,Informational,110,12,0.00,"Sitelinks, AI Overview, Image, Image pack, Video, Video carousel, Related searches"
science activities for 3 year olds,Informational,110,15,0.21,"Sitelinks, AI Overview, Video, Video carousel, Discussions and forums, Related searches, Ads bottom"
seattle activities for kids,Informational,110,22,0.00,"Video, Short videos, People also ask, Discussions and forums, Related searches"
sensory activities for 1 2 year olds,Informational,110,10,0.21,"AI Overview, Video, Video carousel, People also ask, Related searches"
sensory activities for 4 month old,Informational,110,11,0.33,"Sitelinks, AI Overview, Video, People also ask, Related searches"
sensory activities for 5 month old,Informational,110,8,0.25,"Sitelinks, AI Overview, Video, Video carousel, People also ask, Related searches"
september activities for kids,Informational,110,3,0.00,"AI Overview, Image pack, Video, Video carousel, People also ask, Related searches"
sequencing activities for kids,Informational,110,21,0.00,"Sitelinks, AI Overview, Reviews, Image, Image pack, Video, Video carousel, Related searches"
soccer activities for kids,Informational,110,20,0.00,"Sitelinks, AI Overview, Image, Video, Video carousel, People also ask, Discussions and forums, Related searches"
social development activities for 3-5 year olds,Informational,110,19,1.74,"Sitelinks, AI Overview, Video, People also ask, Related searches"
summer activities for 12 year olds,Informational,110,13,0.00,"Sitelinks, Image, Image pack, Video, People also ask, Discussions and forums, Related searches"
summer activities for 3 year olds,"Informational, Commercial",110,7,1.41,"AI Overview, Image, Image pack, Video, People also ask, Related searches"
summer activities for 7 year olds,Informational,110,25,1.03,"Sitelinks, Image, Image pack, Video, Video carousel, People also ask, Related searches"
summer activity for kids,Informational,110,22,0.00,"Image, Video, Video carousel, People also ask, Related searches"
superhero activities for kids,Informational,110,2,0.00,"Sitelinks, AI Overview, Image, Video, Video carousel"
thanksgiving stem activities for kids,Informational,110,2,0.00,"Image, Image pack, Video, Related searches, Ads top, Ads bottom"
therapy activities for kids with adhd,Informational,110,13,0.00,"Sitelinks, AI Overview, Image, Video, People also ask, Related searches"
water day activities for kids,Informational,110,24,0.00,"AI Overview, Video, Video carousel, People also ask, Related searches"
winter olympics 2026 activities for kids,Informational,110,12,0.00,"Sitelinks, AI Overview, Video, People also ask"
xmas activities for 2 year olds,Informational,110,16,0.28,"Sitelinks, Image, Image pack, Video, People also ask, Related searches"
active indoor games for kids,Informational,90,10,0.00,"Sitelinks, AI Overview, Video, Video carousel, People also ask, Related searches, Popular products"
active toys for 1 year olds,"Informational, Commercial",90,17,0.33,"Sitelinks, AI Overview, Reviews, Video, Video carousel, Discussions and forums, Related searches, Popular products"
activities at home for 18 month old,Informational,90,9,0.20,"Sitelinks, AI Overview, Video, Video carousel, People also ask, Related searches"
activities for 1 year olds birthday,Informational,90,19,0.52,"Sitelinks, AI Overview, Image pack, Video, Video carousel, Short videos, People also ask, Related searches, Popular products, Ads bottom"
activities for 10 year olds near me,Transactional,90,21,1.28,"AI Overview, Video, People also ask, Local pack, Related searches"
activities for 11 year old girls,Informational,90,18,0.00,"Sitelinks, Image pack, Video, People also ask, Related searches"
activities for 15 month olds,Informational,90,11,0.30,"Sitelinks, AI Overview, Video, Video carousel, People also ask, Related searches"
activities for 2 year old birthday party,Informational,90,0,0.00,"Sitelinks, AI Overview, Video, People also ask, Related searches"
activities for 2 year olds birthday party,Informational,90,11,0.37,"Sitelinks, Video, People also ask, Local pack, Related searches"
activities for 2.5 year olds,Informational,90,17,0.42,"Sitelinks, AI Overview, Video, Video carousel, Short videos, People also ask, Related searches"
activities for 4 5 year olds,Informational,90,11,0.44,"Sitelinks, Video, Video carousel, People also ask, Related searches"
activities for a 5 month old,Informational,90,11,0.48,"Sitelinks, AI Overview, Reviews, Video, Video carousel, People also ask, Related searches"
activities for four year olds at home,Informational,90,9,0.44,"Sitelinks, AI Overview, Video, Video carousel, People also ask, Related searches"
activities for kids colorado springs,Informational,90,16,0.00,"Sitelinks, Video, Short videos, Related searches"
activities for kids in atlanta,Informational,90,16,0.00,"AI Overview, Video, Short videos, Related searches"
activities for kids in galveston,Informational,90,21,0.00,"Sitelinks, AI Overview, Reviews, Video, People also ask, Related searches"
activities for kids indianapolis,Informational,90,15,0.00,"Sitelinks, AI Overview, Video, Short videos, People also ask, Discussions and forums, Related searches"
activities for kids miami,Commercial,90,28,0.00,"Sitelinks, Image, Video, People also ask, Related searches"
activities for kids phoenix,Commercial,90,16,0.00,"Sitelinks, Video, Related searches"
activities for kids san diego,Informational,90,13,0.00,"Sitelinks, Video, Video carousel, Related searches"
activities for kids st louis,Informational,90,9,0.00,"Sitelinks, AI Overview, Video, Short videos, People also ask, Discussions and forums, Related searches"
activities for kids this weekend,Informational,90,34,0.00,"AI Overview, Video, People also ask, Related searches"
activities for one year old birthday party,Informational,90,15,0.00,"Sitelinks, AI Overview, Video, People also ask, Related searches"
activities for one year olds near me,Transactional,90,18,1.70,"Sitelinks, Video, People also ask, Local pack, Related searches"
activities for three year olds at home,Informational,90,15,0.39,"Sitelinks, AI Overview, Video, Video carousel, People also ask, Related searches"
activities in kansas city for kids,Informational,90,18,0.00,"Sitelinks, AI Overview, Video, Short videos, Related searches"
activity book for kids,Commercial,90,20,0.00,"Sitelinks, Image, Image pack, Video, Related searches, Popular products"
activity books for 8 10 year olds,Commercial,90,6,0.42,"Sitelinks, Image, Video, People also ask, Discussions and forums, Related searches"
activity box for kids,Commercial,90,4,0.00,"Sitelinks, Image, Video, Related searches, Popular products"
activity for 3 year olds near me,Transactional,90,7,1.66,"Reviews, Video, People also ask, Local pack, Related searches"
activity gifts for kids,Commercial,90,2,0.00,"Sitelinks, Image, Image pack, Video, Related searches, Popular products"
activity pages for 2 year olds,Commercial,90,16,0.90,"Sitelinks, Image, Image pack, Video, Short videos, Related searches, Ads top, Ads bottom"
activity sheets for 5 year olds pdf,Informational,90,36,1.15,"Sitelinks, Image, Image pack, Video, Related searches"
activity table for 3 year old,Commercial,90,26,0.00,"Sitelinks, Image pack, Video, People also ask, Related searches, Popular products"
activity tables for kids,Commercial,90,15,0.00,"Sitelinks, Image, Image pack, Video, Related searches"
after school program activities for kids,Informational,90,14,0.00,"Sitelinks, AI Overview, Reviews, Video, Video carousel, Related searches"
airplane activities for 18 month old,Informational,90,8,0.36,"Sitelinks, AI Overview, Image, Video, Video carousel, People also ask, Related searches"
airplane activities for 3 year old,Informational,90,9,0.00,"Sitelinks, Video, Video carousel, Short videos, Related searches"
anger activities for kids,Informational,90,20,0.00,"Sitelinks, Image, Image pack, Video, Related searches"
anxiety activities for kids,Informational,90,15,0.00,"Sitelinks, AI Overview, Image, Image pack, Video, Video carousel, Related searches"
april activities for kids,Informational,90,15,0.00,"AI Overview, Image pack, Video, Video carousel, People also ask, Related searches"
april fools activities for kids,Informational,90,15,0.00,"AI Overview, Image, Image pack, Video, People also ask, Related searches"
art activities for 11 year olds,Informational,90,22,0.23,"Sitelinks, AI Overview, Reviews, Image, Video, Video carousel, People also ask, Discussions and forums, Related searches"
art activities for 2 and 3 year olds,Informational,90,21,0.45,"Sitelinks, AI Overview, Video, Video carousel, People also ask, Related searches, Ads bottom, Ads middle"
art activities for 3 to 5 year olds,Informational,90,12,0.48,"Sitelinks, AI Overview, Image, Video, Video carousel, Related searches"
art activities for 8 year olds,Informational,90,17,0.49,"Sitelinks, AI Overview, Image, Video, Video carousel, People also ask, Discussions and forums, Related searches"
autumn activities for 3 year olds,Informational,90,10,0.00,"Sitelinks, Image, Image pack, Video, Related searches"
awesome road trip activities for kids,Informational,90,25,0.00,"Sitelinks, Video, Video carousel, Knowledge panel, Related searches, Popular products"
banking activities for kids,Informational,90,18,0.00,"AI Overview, Video, People also ask, Related searches"
best activities for 1 year olds,Commercial,90,22,0.25,"Sitelinks, AI Overview, Video, Video carousel, People also ask, Related searches"
best activity table for 1 year old,Commercial,90,12,0.00,"Sitelinks, AI Overview, Video, Video carousel, Discussions and forums, Related searches, Popular products"
best rainy-day activities for kids and adults near cairns,Commercial,90,10,0.00,"Featured snippet, Sitelinks, Reviews, Video, People also ask, Local pack, Discussions and forums, Related searches"
bible activities for kids pdf,Informational,90,24,0.00,"Sitelinks, AI Overview, Reviews, Image, Video, Related searches"
birthday party activities for 10-year olds,Informational,90,9,0.36,"Sitelinks, Video, Video carousel, People also ask, Discussions and forums, Related searches"
birthday party activities for 8 year olds,Informational,90,13,0.20,"Sitelinks, AI Overview, Image, Image pack, Video, People also ask, Related searches"
brain break activities for kids,Informational,90,4,0.00,"AI Overview, Image pack, Video, Video carousel, Related searches"
calming activities for 3 year olds,Informational,90,23,0.00,"Sitelinks, Video, Video carousel, People also ask, Discussions and forums, Related searches"
car activities for 4 year olds,Informational,90,3,0.29,"Sitelinks, Video, Related searches"
carnival activities for kids,Informational,90,35,0.00,"Sitelinks, AI Overview, Image, Video, Video carousel, People also ask, Related searches"
charlotte activities for kids,"Informational, Commercial",90,14,0.00,"Sitelinks, Reviews, Video, Related searches"
chinese new year activities for kids,Informational,90,24,0.00,"AI Overview, Image, Image pack, Video, Video carousel, People also ask, Related searches"
christmas activities for 2 year olds,Informational,90,15,0.28,"Sitelinks, AI Overview, Image, Video, People also ask, Related searches"
christmas activities for kids leduc alberta december 2024,Informational,90,0,0.00,"AI Overview, Video, People also ask, Related searches"
christmas craft activities for 10 year olds,Informational,90,15,0.00,"Sitelinks, AI Overview, Image, Image pack, Video, Video carousel, Short videos, Related searches"
clay activities for kids,Informational,90,6,0.00,"AI Overview, Image, Image pack, Video, Video carousel, Short videos, People also ask"
colorado springs activities for kids,Informational,90,16,0.00,"Sitelinks, Image, Video, People also ask, Related searches"
constellation activities for kids,Informational,90,17,0.00,"Image, Image pack, Video, Video carousel, Related searches"
coping skills activities for kids,Informational,90,26,0.00,"Sitelinks, AI Overview, Image pack, Video, People also ask, Related searches"
craft activities for 18 month old,Informational,90,19,0.33,"Sitelinks, AI Overview, Image, Video, Video carousel, People also ask, Related searches"
craft activities for 3 5 year olds,Informational,90,18,0.48,"Sitelinks, AI Overview, Image, Video, Video carousel, Related searches, Popular products"
craft activities for 9 year olds,Informational,90,34,0.29,"Sitelinks, AI Overview, Image, Image pack, Video, Video carousel, Short videos, People also ask, Discussions and forums, Related searches"
creative activities for 3-5 year olds,Informational,90,27,0.60,"Sitelinks, AI Overview, Reviews, Video, Video carousel, People also ask, Discussions and forums, Related searches"
dance activities for kids,Commercial,90,14,0.00,"Video, Video carousel, Local pack, Related searches"
daycare activities for one year olds,Informational,90,29,0.79,"Sitelinks, AI Overview, Video, Short videos, People also ask, Related searches"
december activities for kids,Informational,90,13,0.00,"Sitelinks, AI Overview, Image pack, Video, Related searches"
destin activities for kids,Informational,90,7,0.00,"Sitelinks, AI Overview, Image, Image pack, Video, Short videos, People also ask, Related searches"
earth day activity for kids,Informational,90,15,0.00,"Image, Image pack, Video, Video carousel, Short videos, People also ask, Related searches"
educational activities for 10 year olds,Informational,90,8,0.97,"Sitelinks, AI Overview, Video, Video carousel, People also ask, Related searches"
educational activities for 2 year olds at home pdf,Informational,90,30,0.82,"Sitelinks, AI Overview, Reviews, Image pack, Video, Related searches"
educational activities for four year olds,Informational,90,13,0.88,"Sitelinks, AI Overview, Video, Video carousel, Short videos, People also ask, Discussions and forums, Related searches"
educational activities for kids:,Informational,90,36,0.00,"AI Overview, Video, Video carousel, People also ask, Discussions and forums, Related searches"
emotion regulation activities for kids,Informational,90,17,0.00,"Sitelinks, AI Overview, Image, Video, Video carousel, Discussions and forums, Related searches"
fall activities for 2 year olds,Informational,90,12,0.00,"Sitelinks, AI Overview, Image, Image pack, Video, Video carousel, People also ask, Related searches"
fall art activities for 2 year olds,Informational,90,13,0.00,"Sitelinks, Image, Video, Video carousel, Short videos, Discussions and forums, Related searches"
feelings activities for kids,Informational,90,25,0.00,"AI Overview, Reviews, Video, Video carousel, People also ask, Related searches"
fine motor activities for 4 year olds,Informational,90,19,0.66,"Sitelinks, AI Overview, Reviews, Image pack, Video, People also ask"
fine motor activities for 5 year olds,Informational,90,11,0.85,"AI Overview, Video, Video carousel, People also ask, Discussions and forums, Related searches"
fine motor skill activities for 2 year olds,Informational,90,13,0.74,"Sitelinks, AI Overview, Video, Short videos, People also ask, Related searches"
fine motor skills activities for 1 year olds,Informational,90,18,0.23,"Sitelinks, AI Overview, Video, Video carousel, Short videos, People also ask, Related searches"
fine motor skills activities for 2 year olds,Informational,90,13,0.40,"Sitelinks, AI Overview, Reviews, Video, Video carousel, Short videos, People also ask, Related searches, Popular products"
fire safety activities for kids,Informational,90,6,0.00,"AI Overview, Video, Video carousel, Discussions and forums, Related searches"
fitness activities for kids,Informational,90,18,0.00,"AI Overview, Image, Image pack, Video, Video carousel, People also ask, Related searches"
flexible thinking activities for kids,Informational,90,8,0.00,"AI Overview, Video, Video carousel, Related searches"
following directions activity for kids,Informational,90,11,0.00,"AI Overview, Video, Video carousel, People also ask, Related searches"
free brain activation exercises for kids,,90,,0.00,
free christmas activities for kids,Informational,90,14,0.00,"Sitelinks, AI Overview, Image pack, Video, Video carousel, Related searches"
free online activities for 2 year olds,"Informational, Commercial",90,30,0.85,"Sitelinks, AI Overview, Video, Video carousel, People also ask, Related searches, Ads bottom"
free printable activity pages for kids,Informational,90,29,0.00,"Image, Image pack, Video, Related searches"
fun activities for 2 year olds near me,Transactional,90,13,1.71,"Sitelinks, Video, People also ask, Local pack, Related searches"
fun activities for kids in orlando florida,Informational,90,26,0.00,"AI Overview, Image, Video, Video carousel, Short videos, People also ask, Discussions and forums, Related searches"
fun activities for kids nyc,"Informational, Commercial",90,16,0.00,"Sitelinks, AI Overview, Video, Related searches"
fun activities for old people,Informational,90,12,0.66,"Sitelinks, AI Overview, Video, Video carousel, People also ask, Discussions and forums, Related searches"
fun activity for kids,Commercial,90,35,0.00,"Image pack, Video, People also ask, Local pack, Related searches"
fun educational activities for kids,Informational,90,42,0.00,"AI Overview, Video, Short videos, People also ask, Related searches, Ads bottom, Ads middle"
fun outside activities for kids,Informational,90,19,0.00,"Sitelinks, AI Overview, Video, Video carousel, People also ask, Discussions and forums, Related searches"
fun printable activities for kids,Informational,90,32,0.00,"Sitelinks, Image, Image pack, Video, Video carousel, Related searches, Ads top, Ads bottom"
fun stem activities for kids,Informational,90,25,0.00,"Sitelinks, AI Overview, Video, Video carousel, Short videos, Related searches"
gatlinburg activities for kids,Informational,90,21,0.00,"Sitelinks, Image, Video, Short videos, People also ask, Related searches"
get to know you activities for kids,Informational,90,5,0.00,"AI Overview, Reviews, Image pack, Video, People also ask, Discussions and forums, Related searches"
great activities for 3 year olds,Informational,90,8,0.51,"Sitelinks, Video, People also ask, Related searches"
gross motor activities for 1 year olds,Informational,90,14,0.71,"Sitelinks, AI Overview, Image pack, Video, Video carousel, People also ask, Related searches"
gross motor skills activities for 1-2 year olds,Informational,90,20,0.71,"Sitelinks, AI Overview, Video, People also ask, Related searches, Ads top, Ads bottom"
gross motor skills activities for 2 year olds,Informational,90,10,0.39,"Sitelinks, AI Overview, Reviews, Video, Video carousel, People also ask, Related searches"
group activities for kids with autism,Informational,90,9,0.00,"AI Overview, Video, Related searches"
halloween activities for 10 year olds,Informational,90,19,0.00,"AI Overview, Image, Video, Video carousel, People also ask, Related searches"
healthy activities for kids,Informational,90,40,0.00,"AI Overview, Reviews, Video, Video carousel, People also ask, Related searches"
hilton head activities for kids,Commercial,90,15,0.00,"Sitelinks, Reviews, Image, Video, Short videos, People also ask, Discussions and forums, Related searches"
home activities for 4 year olds,Informational,90,21,0.40,"Sitelinks, AI Overview, Reviews, Video, Video carousel, People also ask, Related searches"
home activities for one year olds,,90,,0.21,
indoor active games for kids,Informational,90,23,0.00,"Sitelinks, AI Overview, Video, Video carousel, People also ask, Related searches"
indoor active toys for 10 year olds,"Informational, Commercial",90,4,0.33,"Sitelinks, AI Overview, Image, Video, Video carousel, Related searches, Popular products"
indoor active toys for 2 year olds,Commercial,90,10,0.28,"Sitelinks, Image, Video, Video carousel, Related searches, Popular products"
indoor activities for 1 year olds near me,Transactional,90,23,2.15,"Sitelinks, AI Overview, Video, People also ask, Local pack, Related searches"
indoor activities for 3 year olds near me,Transactional,90,14,1.11,"Sitelinks, AI Overview, Video, People also ask, Local pack, Related searches"
indoor activities for 5 year olds,Informational,90,28,0.18,"AI Overview, Reviews, Video, Video carousel, People also ask, Related searches"
indoor activities for kids nyc,Commercial,90,11,0.00,"Sitelinks, AI Overview, Video, Local pack, Discussions and forums, Related searches"
indoor activities for kids st louis,Commercial,90,24,0.00,"Sitelinks, Video, People also ask, Local pack, Related searches"
indoor activity for kids near me,Transactional,90,10,0.00,"Sitelinks, Reviews, Image, Video, People also ask, Local pack, Related searches"
indoor physical activities for 3 5 year olds,Informational,90,18,0.22,"Sitelinks, AI Overview, Image pack, Video, Video carousel, People also ask, Discussions and forums, Related searches"
indoor summer activities for kids,Informational,90,6,0.00,"Sitelinks, AI Overview, Image, Video, People also ask, Local pack, Related searches"
kids activities for birthday party,Commercial,90,23,0.00,"Sitelinks, AI Overview, Image, Video, People also ask, Local pack, Discussions and forums, Related searches"
kwanzaa activities for kids,Informational,90,16,0.00,"Sitelinks, AI Overview, Image, Image pack, Video, Video carousel, Short videos, People also ask, Related searches"
large motor activities for 2 year olds,Informational,90,6,0.64,"Sitelinks, AI Overview, Image pack, Video, Video carousel, People also ask, Related searches"
listening activities for kids,Informational,90,18,0.00,"Sitelinks, AI Overview, Image, Video, Video carousel, People also ask, Related searches"
los angeles activities for kids,Informational,90,17,0.00,"Sitelinks, Reviews, Video, Related searches"
martin luther king activities for kids,Informational,90,11,0.00,"AI Overview, Image, Image pack, Video, Video carousel, Related searches"
math activities for 3 5 year olds pdf,Informational,90,1,0.83,"Sitelinks, AI Overview, Video, Related searches"
math activities for 3-5 year olds pdf,Informational,90,3,0.83,"AI Overview, Video, People also ask, Related searches, Ads bottom"
mlk day activities for kids,Informational,90,11,0.00,"AI Overview, Image, Image pack, Video, People also ask, Related searches"
montessori activities for 1 year olds,Informational,90,1,0.35,"Sitelinks, AI Overview, Video, Video carousel, People also ask, Related searches"
montessori activities for 4 year olds,Informational,90,6,0.94,"Sitelinks, AI Overview, Video, Video carousel, People also ask, Discussions and forums, Related searches"
new years day activities for kids,Informational,90,15,0.00,"AI Overview, Reviews, Image, Video, Short videos, People also ask, Related searches"
new york activities for kids,Commercial,90,23,0.00,"Sitelinks, Image pack, Video, People also ask, Related searches"
nursery activities for 2 year olds,Informational,90,17,0.90,"AI Overview, Video, Video carousel, Discussions and forums, Related searches"
online activities for 6 year olds,Informational,90,78,0.90,"Sitelinks, AI Overview, Video, Related searches, Ads bottom"
outdoor activities for 1 year old,Informational,90,17,0.00,"Featured snippet, Sitelinks, Video, Video carousel, People also ask, Related searches"
outdoor activities for 1-2 year olds,Informational,90,11,0.68,"Sitelinks, AI Overview, Image, Video, Video carousel, Short videos, People also ask, Discussions and forums, Related searches"
outdoor activities for 2 year olds near me,Transactional,90,18,0.49,"Sitelinks, AI Overview, Reviews, Video, People also ask, Local pack, Related searches"
outdoor activities for 6 year olds,Informational,90,12,0.38,"Sitelinks, Video, Video carousel, Related searches"
outdoor activities for 8 year olds,Informational,90,25,0.42,"Sitelinks, Image pack, Video, Video carousel, People also ask, Related searches"
outdoor activities for three year olds,Informational,90,16,0.27,"Sitelinks, Video, Video carousel, People also ask, Discussions and forums, Related searches"
outdoor activities for two year olds,Informational,90,9,0.33,"Sitelinks, Video, People also ask, Related searches"
painting activities for 3 4 year olds,Informational,90,13,0.34,"Sitelinks, AI Overview, Image, Video, Video carousel, People also ask, Related searches"
painting activities for 7 year olds,Informational,90,1,0.35,"Sitelinks, AI Overview, Image, Image pack, Video, Video carousel, Related searches"
palm springs activities for kids,Informational,90,11,0.00,"Sitelinks, Image, Video, Related searches"
phoenix activities for kids,Commercial,90,19,0.00,"Sitelinks, Video, Video carousel, Short videos, Related searches"
physical activities for three year olds,Informational,90,19,0.64,"Sitelinks, AI Overview, Video, Video carousel, People also ask, Related searches"
plane activities for kids,Informational,90,10,0.00,"Sitelinks, AI Overview, Video, Video carousel, Short videos, Related searches"
play activities for 2 year olds,Informational,90,14,0.33,"Sitelinks, AI Overview, Video, Video carousel, People also ask, Discussions and forums, Related searches"
poetry activities for kids,Informational,90,28,0.00,"AI Overview, Image, Video, People also ask, Related searches"
pumpkin activities for kids,Informational,90,11,0.00,"Sitelinks, Image pack, Video, Video carousel, Short videos, People also ask, Related searches"
quiet time activities for 4 year olds,Informational,90,13,0.32,"Sitelinks, AI Overview, Video, People also ask"
respect activities for kids,Informational,90,13,0.00,"Sitelinks, AI Overview, Image pack, Video, Video carousel, Discussions and forums, Related searches"
road trip activities for 10 year olds,Informational,90,2,0.41,"Sitelinks, Video, Video carousel, People also ask, Discussions and forums, Related searches"
safari activities for kids,Informational,90,0,0.00,"Sitelinks, AI Overview, Image, Image pack, Video, Video carousel, Related searches"
science activities for 2 year olds,Informational,90,15,0.21,"AI Overview, Video, Short videos, People also ask, Related searches"
science activities for 3-5 year olds at home,Informational,90,23,0.25,"Sitelinks, AI Overview, Video carousel, Related searches"
science activities for 5 year olds,Informational,90,38,0.24,"Video, Video carousel, People also ask, Discussions and forums, Related searches, Ads top, Ads bottom"
science activities for three year olds,Informational,90,16,0.49,"Sitelinks, AI Overview, Video, Video carousel, People also ask, Related searches"
science activity for kids,Informational,90,37,0.00,"AI Overview, Image pack, Video, Video carousel, Short videos, Related searches"
sedona activities for kids,Informational,90,14,0.00,"Sitelinks, AI Overview, Reviews, Image, Video, People also ask, Related searches, Ads bottom"
sensory activities for 10 month old,Informational,90,0,0.27,"Sitelinks, AI Overview, Image, Video, Video carousel, Related searches"
sensory activities for 15 month old,"Informational, Commercial",90,9,0.23,"Sitelinks, AI Overview, Reviews, Video, Video carousel, People also ask"
sensory activities for 18 month old,Informational,90,22,0.29,"Sitelinks, AI Overview, Video, People also ask, Related searches"
sensory activities for 3 5 year olds,Informational,90,17,0.75,"Sitelinks, AI Overview, Video, Video carousel, People also ask, Related searches"
sensory activities for 7 month old,Informational,90,13,0.13,"Featured snippet, Sitelinks, Video, Video carousel, Short videos, Discussions and forums, Related searches"
sensory activities for 8 month old,Informational,90,6,0.21,"Sitelinks, AI Overview, Video, Video carousel, Short videos, People also ask, Related searches"
social and emotional development activities for 1-2 year olds,Informational,90,16,1.28,"AI Overview, Video, People also ask, Related searches"
social and emotional development activities for 3 5 year olds,Informational,90,15,3.68,"AI Overview, Video, Video carousel, People also ask, Discussions and forums, Related searches, Ads bottom, Ads middle"
social development activities for 3 5 year olds,"Informational, Commercial",90,15,1.74,"Sitelinks, AI Overview, Image pack, Video, People also ask, Related searches"
solar system activities for kids,Informational,90,14,0.00,"Sitelinks, AI Overview, Image, Image pack, Video, Video carousel, Related searches, Ads bottom, Ads middle"
spanish activities for kids,Informational,90,22,0.00,"AI Overview, Image pack, Video, Video carousel, People also ask, Related searches"
summer activities for 4 year olds,Informational,90,7,1.46,"Sitelinks, AI Overview, Reviews, Image, Image pack, Video, Video carousel, People also ask, Related searches"
summer activities for kids in kansas city,Informational,90,15,0.00,"AI Overview, Video, Video carousel, People also ask, Local pack, Discussions and forums, Related searches"
summer camp activities for 3 5 year olds,Informational,90,5,1.55,"Sitelinks, AI Overview, Video, Video carousel, People also ask, Related searches"
summer camp activities for 8 12 year olds,Informational,90,11,1.70,"Sitelinks, AI Overview, Reviews, Image pack, Video, Video carousel, People also ask, Related searches, Ads bottom, Ads middle"
summer fun activities for kids,Informational,90,7,0.00,"Sitelinks, AI Overview, Image, Video, Video carousel, People also ask, Local pack, Related searches"
tampa activities for kids,Informational,90,18,0.00,"Reviews, Video, Video carousel, Short videos, Related searches"
technology activities for kids,Informational,90,17,0.00,"Sitelinks, AI Overview, Image, Video, Video carousel, Related searches"
virginia beach activities for kids,Informational,90,22,0.00,"Sitelinks, Video, People also ask, Related searches"
visual motor activities for kids,Informational,90,15,0.00,"Sitelinks, AI Overview, Image, Video, Video carousel, Related searches"
wake window activities for 2 month old,Informational,90,5,0.16,"Sitelinks, AI Overview, Image pack, Video, Video carousel, People also ask, Discussions and forums, Related searches"
wake window activities for 3 month old,Informational,90,6,0.39,"Sitelinks, AI Overview, Video, Video carousel, People also ask, Related searches"
winter activity for kids,Informational,90,14,0.00,"Image, Image pack, Video, Video carousel, Short videos, People also ask, Related searches"
women's history month activities for kids,Informational,90,4,0.00,"AI Overview, Video, Video carousel, Discussions and forums, Related searches"
active activities for kids,Informational,70,31,0.00,"Video, Video carousel, People also ask, Related searches"
activities for 1 2 year olds,Informational,70,9,0.27,"Sitelinks, Video, Video carousel, Discussions and forums, Related searches"
activities for 1 year olds in daycare,Informational,70,9,0.00,"Sitelinks, AI Overview, Video, Video carousel, Discussions and forums, Related searches"
activities for 13 year old boy,Informational,70,5,0.00,"Sitelinks, Reviews, Video, Related searches"
activities for 13 year old girls,Informational,70,5,0.00,"Sitelinks, AI Overview, Video, People also ask, Related searches"
activities for 18 24 month old at home,Informational,70,22,0.41,"Sitelinks, AI Overview, Video, Video carousel, Short videos, People also ask, Discussions and forums"
activities for 18 month old on airplane,Informational,70,10,0.36,"Sitelinks, AI Overview, Video, Video carousel, Related searches, Ads bottom, Ads middle"
activities for 18-24 month old at home,Informational,70,22,0.41,"Sitelinks, AI Overview, Video, Video carousel, People also ask, Related searches"
activities for 2 month old infant,Informational,70,30,0.45,"Sitelinks, AI Overview, Video, Video carousel, Short videos, People also ask, Discussions and forums, Related searches"
activities for 3 and 5 year olds,Informational,70,18,0.49,"Sitelinks, AI Overview, Video, Video carousel, People also ask, Discussions and forums, Related searches"
activities for 3 year olds birthday party,Informational,70,15,0.39,"Sitelinks, Video, People also ask, Local pack, Related searches"
activities for 3 yr old birthday party,,70,,0.29,
activities for 4 and 5 year olds,Informational,70,6,0.44,"Sitelinks, AI Overview, Video, Video carousel, People also ask, Related searches, Ads bottom"
activities for 4 month old baby,,70,,0.00,
activities for 4 year old,Informational,70,15,0.00,"Sitelinks, AI Overview, Video, People also ask, Related searches"
activities for 6 week old,Informational,70,22,0.51,"Sitelinks, AI Overview, Video, People also ask, Related searches"
activities for a 1 year old,,70,,0.00,
activities for a 4 year old,Informational,70,10,0.00,"Sitelinks, Video, Video carousel, People also ask, Related searches"
activities for a 6 week old,Informational,70,21,0.51,"Sitelinks, AI Overview, Video, Video carousel, Short videos, People also ask, Discussions and forums, Related searches"
activities for autism kids,Informational,70,15,0.00,"AI Overview, Image, Video, People also ask, Related searches"
activities for five year olds,,70,,0.47,
activities for four month old,Informational,70,24,0.56,"Sitelinks, AI Overview, Image pack, Video, Video carousel, People also ask, Discussions and forums, Related searches"
activities for kids boston,Informational,70,26,0.00,"AI Overview, Video, Video carousel, Related searches"
activities for kids in chicago,"Informational, Commercial",70,26,0.00,"Sitelinks, AI Overview, Video, Short videos, People also ask, Related searches"
activities for kids in dallas,Informational,70,41,0.00,"Video, Short videos, People also ask, Related searches"
activities for kids in grand prairie,Informational,70,25,0.00,"Sitelinks, AI Overview, Video, People also ask, Related searches"
activities for kids in los angeles,Commercial,70,17,0.00,"Sitelinks, Reviews, Video, Local pack, Discussions and forums, Related searches, Ads bottom"
activities for kids in nyc,Informational,70,23,0.00,"Sitelinks, AI Overview, Video, People also ask, Discussions and forums, Related searches"
activities for kids in san antonio,Commercial,70,21,0.00,"Sitelinks, Reviews, Video, Video carousel, People also ask, Local pack, Related searches"
activities for kids in school,Informational,70,25,0.00,"AI Overview, Video, Video carousel, Short videos, People also ask, Related searches"
activities for kids indoors,Informational,70,21,0.00,"Sitelinks, AI Overview, Video, Video carousel, People also ask, Local pack, Related searches"
activities for kids jacksonville fl,Commercial,70,19,0.00,"Sitelinks, Video, People also ask, Discussions and forums, Related searches"
activities for kids long island,Informational,70,10,0.00,"Video, Related searches"
activities for kids louisville ky,Informational,70,23,0.00,"Sitelinks, Video, Short videos, People also ask, Discussions and forums, Related searches"
activities for kids minneapolis,Commercial,70,25,0.00,"Video, People also ask, Related searches"
activities for kids pittsburgh,Commercial,70,26,0.00,"Sitelinks, Video, Short videos, People also ask, Discussions and forums, Related searches"
activities for kids sacramento,Informational,70,19,0.00,"Sitelinks, Video, Short videos, People also ask, Related searches"
activities for kids seattle,Informational,70,18,0.00,"Sitelinks, Image, Video, Short videos, Related searches"
activities for kids with cerebral palsy,Informational,70,17,0.00,"Sitelinks, AI Overview, Image, Video, People also ask, Discussions and forums, Related searches"
activities for old people in care homes,Informational,70,17,0.93,"Sitelinks, AI Overview, Video, Video carousel, People also ask, Related searches"
activity book for 2 year old,Commercial,70,19,0.00,"Sitelinks, Image, Image pack, Video, Discussions and forums, Related searches, Popular products"
activity books for 10 year olds,Commercial,70,19,0.44,"Sitelinks, Image, Image pack, Video, Video carousel, People also ask, Discussions and forums, Related searches, Popular products"
activity center for 6 month old,Commercial,70,22,0.45,"Sitelinks, Image, Video, Video carousel, People also ask, Related searches, Popular products"
activity pages for 6 year olds,Informational,70,42,0.80,"Sitelinks, Image, Image pack, Video, People also ask, Related searches"
activity sheet for kids,Informational,70,48,0.00,"Sitelinks, Image, Image pack, Video, Related searches"
activity sheets for 10 year olds,Informational,70,27,0.00,"Sitelinks, Reviews, Image, Image pack, Video, Related searches"
activity sheets for 3 4 year olds,Informational,70,36,1.55,"Sitelinks, Image, Image pack, Video, Video carousel, Related searches"
activity table for 7 year old,Commercial,70,25,0.00,"Sitelinks, Image, Image pack, Video, People also ask, Related searches, Popular products"
activity tables for 1 year olds,"Informational, Commercial",70,12,0.37,"Sitelinks, AI Overview, Video, Related searches, Popular products"
activity tables for 3 year olds,Commercial,70,,0.47,"Sitelinks, Image, Video, Related searches"
activity toys for 2 year olds,"Informational, Commercial",70,21,0.28,"Sitelinks, AI Overview, Reviews, Image, Video, Video carousel, Related searches, Popular products"
activity toys for one year olds,"Informational, Commercial",70,19,0.33,"Sitelinks, AI Overview, Video, Video carousel, Related searches, Popular products"
acts of kindness activities for kids,Informational,70,6,0.00,"Sitelinks, AI Overview, Image, Video, Video carousel, Related searches"
adhd therapy activities for kids,,70,,0.00,
after school activities for kids near me,Transactional,70,24,0.00,"AI Overview, Video, People also ask, Local pack, Related searches"
airplane activities for 3 year olds,Informational,70,15,0.39,"Sitelinks, AI Overview, Video, Video carousel, Related searches"
all saints day activities for kids,Informational,70,13,0.00,"Sitelinks, AI Overview, Reviews, Image, Image pack, Video, Video carousel, Short videos, People also ask, Related searches"
anti bullying activities for kids,Informational,70,19,0.00,"AI Overview, Reviews, Video, Video carousel, Related searches"
around the world activities for kids,Informational,70,5,0.00,"Sitelinks, AI Overview, Image, Image pack, Video, Related searches"
art activities for 3 5 year olds,Informational,70,11,0.20,"Sitelinks, AI Overview, Image, Video, Video carousel, Discussions and forums, Related searches"
art and craft activities for 6 year olds,Informational,70,16,0.54,"Sitelinks, AI Overview, Image, Image pack, Video, Video carousel, People also ask, Related searches"
arts and crafts activities for kids,Informational,70,30,0.00,"Sitelinks, AI Overview, Image, Video, Video carousel, Related searches"
asheville activities for kids,Informational,70,23,0.00,"Sitelinks, AI Overview, Video, Video carousel, People also ask, Related searches"
baby shower activities for kids,Informational,70,19,0.00,"Sitelinks, AI Overview, Image pack, Video, People also ask, Related searches"
babysitting activities for 6 8 year olds,Informational,70,26,0.13,"Sitelinks, AI Overview, Video, Video carousel, Short videos, People also ask, Related searches"
babysitting activities for 6-8 year olds,Informational,70,16,0.05,"Sitelinks, AI Overview, Video, Video carousel, People also ask, Related searches"
best activity toys for 2 year olds,Commercial,70,27,0.31,"Sitelinks, AI Overview, Reviews, Video, Video carousel, Related searches, Popular products"
best quality athletic clothing brands for kids active children,,70,,0.00,
birthday activities for 4 year olds,Informational,70,17,0.73,"Sitelinks, AI Overview, Image, Video, Video carousel, People also ask, Related searches, Ads bottom"
birthday party activities for 1 year olds,,70,,0.29,
birthday party activities for 11 year olds,Informational,70,12,0.21,"Sitelinks, Image, Video, Video carousel, Short videos, People also ask, Discussions and forums, Related searches"
birthday party activities for 4 year olds,Informational,70,12,0.48,"Sitelinks, AI Overview, Video, Video carousel, People also ask, Related searches"
birthday party activities for 6 year olds,Informational,70,21,0.37,"Sitelinks, AI Overview, Image, Video, Video carousel, People also ask, Related searches, Popular products"
birthday party activities for 7 year olds,Informational,70,20,0.21,"Sitelinks, AI Overview, Video, Video carousel, People also ask, Related searches"
birthday party activities ideas for 7year olds,Informational,70,20,0.00,"Sitelinks, AI Overview, Image, Video, Video carousel, People also ask, Related searches, Ads bottom"
boundaries activity for kids,Informational,70,20,0.00,"Sitelinks, AI Overview, Image, Video, People also ask, Related searches"
brain activation exercises for kids emotional regulation,,70,,0.00,
brain development activities for 2 year olds,Informational,70,21,0.54,"Sitelinks, AI Overview, Reviews, Video, Video carousel, Short videos, People also ask, Related searches"
broken bow activities for kids,Informational,70,2,0.00,"Sitelinks, AI Overview, Image, Image pack, Video, People also ask, Discussions and forums, Related searches"
bug activities for kids,Informational,70,5,0.00,"Sitelinks, Image, Video, Video carousel, Related searches, Ads bottom"
car activities for 3 year olds,Informational,70,7,0.36,"Sitelinks, AI Overview, Video, Related searches, Ads middle"
catholic activities for kids,Informational,70,20,0.00,"Sitelinks, AI Overview, Video, Video carousel, Related searches"
cheap activities for kids,Commercial,70,26,0.00,"AI Overview, Video, Video carousel, People also ask, Local pack, Discussions and forums, Related searches, Ads top"
christmas activities for 3 year olds,Informational,70,9,0.00,"Sitelinks, Image, Video, Video carousel, Short videos, People also ask, Related searches"
christmas activities for kids at home,Informational,70,21,0.00,"Sitelinks, AI Overview, Image, Image pack, Video, Video carousel, People also ask, Discussions and forums, Related searches"
christmas activities for two year olds,Informational,70,13,0.00,"Sitelinks, Image, Image pack, Video, Video carousel, Short videos, People also ask, Related searches"
christmas activity for kids,Informational,70,15,0.00,"Image, Image pack, Video, Video carousel, Short videos, People also ask, Related searches"
christmas art activities for 2 year olds,Informational,70,21,0.00,"Sitelinks, Image, Image pack, Video, Video carousel, Short videos, Related searches"
circle time activities for 1 2 year olds,Informational,70,9,1.09,"Sitelinks, AI Overview, Video, Video carousel, Short videos, People also ask, Related searches"
circle time activities for 2 year olds,Informational,70,22,0.94,"Sitelinks, AI Overview, Video, Video carousel, Short videos, People also ask, Discussions and forums, Related searches"
circle time activities for 3 year olds,Informational,70,11,0.00,"Sitelinks, AI Overview, Video, Video carousel, People also ask, Related searches"
circle time activities for 4 year olds,Informational,70,5,0.58,"Sitelinks, AI Overview, Reviews, Video, Video carousel, People also ask, Discussions and forums, Related searches"
cognitive development activities for 3 5 year olds,Informational,70,16,1.19,"AI Overview, Video, Video carousel, People also ask, Related searches"
craft activities for 2 3 year olds,Informational,70,23,0.45,"Sitelinks, AI Overview, Image, Video, Video carousel, Related searches"
cutting activities for kids,Informational,70,9,0.00,"Sitelinks, Image, Image pack, Video, People also ask, Related searches, Ads top, Ads bottom"
daily activities for 4 month old,Informational,70,18,0.49,"Sitelinks, Image pack, Video, Short videos, People also ask, Related searches"
david and goliath activities for kids,Informational,70,2,0.00,"Sitelinks, AI Overview, Image, Image pack, Video, Video carousel, Related searches"
daycare activities for 1 year olds,Informational,70,19,0.79,"Sitelinks, AI Overview, Video, Video carousel, People also ask, Related searches"
dbt activities for kids,Informational,70,20,0.00,"Sitelinks, AI Overview, Video, Video carousel, People also ask, Related searches"
dc activities for kids,Commercial,70,12,0.00,"Sitelinks, Video, Short videos, Related searches"
dental activities for kids,Informational,70,15,0.00,"AI Overview, Image, Video, Related searches"
destin florida activities for kids,Informational,70,8,0.00,"Sitelinks, Image, Video, Video carousel, Short videos, People also ask, Related searches"
developmental activities for 3 month old,Informational,70,13,0.50,"Sitelinks, AI Overview, Video, Video carousel, People also ask, Related searches"
developmental activities for 3 year olds,Informational,70,10,0.55,"Sitelinks, AI Overview, Video, Video carousel, People also ask, Related searches"
diversity activities for kids,Informational,70,26,0.00,"Sitelinks, AI Overview, Video, Video carousel, Related searches"
diversity and inclusion activities for kids,Informational,70,17,0.00,"Sitelinks, AI Overview, Video, Video carousel, People also ask, Related searches"
diy activities for 1 year olds,Informational,70,15,0.14,"Sitelinks, AI Overview, Video, Video carousel, Related searches"
diy activities for 2 year olds,Informational,70,20,0.29,"AI Overview, Video, Video carousel, Discussions and forums, Related searches"
dr seuss activities for kids,Informational,70,6,0.00,"Sitelinks, Image, Image pack, Video, Video carousel, Related searches"
earth day activities for kids printable free,,70,,0.00,
easter activities for 2 year olds,Informational,70,22,0.32,"Sitelinks, AI Overview, Image, Image pack, Video, Video carousel, Short videos, People also ask"
easter activities for kids 2026,,70,,0.00,
easy activities for 4 year olds,Informational,70,18,0.20,"Sitelinks, AI Overview, Video, Video carousel, People also ask, Related searches"
easy art activities for kids,Informational,70,25,0.00,"Sitelinks, AI Overview, Image, Video, Video carousel, Related searches"
easy christmas activities for kids,Informational,70,31,0.00,"AI Overview, Image, Video, Video carousel, Short videos, People also ask, Related searches"
easy halloween activities for kids,Informational,70,20,0.00,"AI Overview, Image, Image pack, Video, Video carousel, Discussions and forums"
easy science activities for kids,Informational,70,29,0.00,"Sitelinks, AI Overview, Video, Video carousel, Related searches"
educational activities for 3 year olds at home pdf,Informational,70,41,0.78,"Image pack, Video, People also ask, Related searches"
educational activities for 5 year olds at home,Informational,70,20,0.62,"Sitelinks, AI Overview, Video, Video carousel, People also ask, Discussions and forums, Related searches"
educational activities for three year olds,Informational,70,27,0.80,"Sitelinks, AI Overview, Video, Video carousel, People also ask, Related searches"
executive function activities for 7- to 12 year-olds,,70,,1.04,
executive function activities for 7- to 12-year-olds,Informational,70,12,1.21,"Sitelinks, AI Overview, Video, Video carousel, Related searches"
exercise activities for kids,Informational,70,44,0.00,"Sitelinks, AI Overview, Video, Video carousel, People also ask, Related searches, Ads bottom"
extra activities for 2 year olds,Informational,70,16,1.97,"Sitelinks, AI Overview, Video, Video carousel, People also ask, Related searches"
extra curricular activities for kids near me,Transactional,70,1,0.00,"AI Overview, Reviews, Video, People also ask, Related searches"
extracurricular activities for 2 year olds,Informational,70,20,1.97,"Sitelinks, AI Overview, Video, Video carousel, People also ask, Related searches"
extracurricular activities for 3 year olds,Informational,70,14,2.84,"Sitelinks, AI Overview, Video, Video carousel, People also ask, Related searches"
extracurricular activities for 4 year olds,Informational,70,7,2.37,"Sitelinks, AI Overview, Video, People also ask, Related searches"
extracurricular activities for kids near me,Transactional,70,4,0.00,"AI Overview, Reviews, Video, People also ask, Related searches"
fall activities near me for kids,"Informational, Transactional",70,5,0.00,"AI Overview, Reviews, Video, People also ask, Related searches"
fall activity for kids,Informational,70,13,0.00,"AI Overview, Image, Image pack, Video, Video carousel, Short videos, People also ask, Related searches"
fall break activities for kids,Informational,70,2,0.00,"AI Overview, Video, Video carousel, People also ask, Related searches"
fine motor activities for 5 6 year olds,Informational,70,19,0.96,"Sitelinks, AI Overview, Video, Video carousel, People also ask, Discussions and forums, Related searches"
fine motor activities for 7 year olds,Informational,70,13,0.59,"Sitelinks, AI Overview, Video, Video carousel, People also ask, Discussions and forums, Related searches"
fine motor skills activities for 5 6 year olds,Informational,70,16,0.44,"Sitelinks, AI Overview, Video, Video carousel, People also ask, Discussions and forums, Related searches"
fine motor skills activities for 5 year olds,Informational,70,13,0.70,"Sitelinks, AI Overview, Video, Video carousel, Short videos, People also ask, Related searches"
fine motor strengthening activities for kids,Informational,70,18,0.00,"Sitelinks, AI Overview, Image pack, Video, Video carousel, Short videos, Related searches, Ads top"
first day of preschool activities for 3 year olds,Informational,70,5,0.00,"AI Overview, Video, Video carousel, People also ask, Related searches"
first day of preschool activities for 4 year olds,Informational,70,10,0.00,"AI Overview, Video, Video carousel, People also ask, Related searches"
focus activities for kids,Informational,70,8,0.00,"Sitelinks, AI Overview, Image pack, Video, Video carousel, Short videos, People also ask, Related searches"
free activities for kids atlanta,Commercial,70,18,0.00,"Sitelinks, Reviews, Video, Local pack, Discussions and forums, Related searches"
free activities for kids houston,Commercial,70,25,0.00,"Sitelinks, AI Overview, Video, Short videos, Local pack, Related searches"
free activity for kids near me,"Informational, Transactional",70,13,0.00,"AI Overview, Video, People also ask, Knowledge panel, Related searches"
free easter activities for kids,Informational,70,5,0.00,"Sitelinks, AI Overview, Image pack, Video, Related searches"
free thanksgiving activities for kids,Informational,70,17,0.00,"Sitelinks, AI Overview, Image, Image pack, Video, Related searches"
fun active games for kids,Informational,70,23,0.00,"Sitelinks, AI Overview, Video, Video carousel, People also ask, Related searches, Ads bottom, Ads middle"
fun activities for 18 month old,Informational,70,9,0.22,"Sitelinks, AI Overview, Image pack, Video, Video carousel, People also ask, Discussions and forums, Related searches"
fun activities for 4 year olds near me,"Informational, Transactional",70,4,1.28,"AI Overview, Video, People also ask, Local pack, Related searches"
fun activities for 6 7 year olds,Informational,70,17,0.49,"Sitelinks, Video, Video carousel, People also ask, Related searches"
fun activities for 7 year olds,Informational,70,25,0.27,"Sitelinks, Video, People also ask, Discussions and forums, Related searches"
fun activities for 7 year olds near me,Transactional,70,17,0.93,"AI Overview, Video, People also ask, Local pack, Related searches"
fun activities for autistic kids,Informational,70,21,0.00,"AI Overview, Image, Video, Video carousel, People also ask, Related searches"
fun activities for kids at school,Informational,70,34,0.00,"AI Overview, Video, People also ask, Related searches"
fun activities for kids birthday party,Informational,70,23,0.00,"Sitelinks, Image, Video, Video carousel, People also ask, Local pack, Related searches"
fun activities for kids indoors,Commercial,70,28,0.00,"Sitelinks, Reviews, Video, Video carousel, People also ask, Local pack, Related searches"
fun activities for kids los angeles,Commercial,70,32,0.00,"Sitelinks, Video, Local pack, Discussions and forums, Related searches"
fun activities for ten year olds,Informational,70,21,0.59,"Sitelinks, AI Overview, Video, Discussions and forums, Related searches"
fun activities for two year olds,Informational,70,14,0.32,"Sitelinks, Video, Video carousel, People also ask, Related searches"
fun activity sheets for kids,Informational,70,15,0.00,"Sitelinks, Image, Image pack, Video, Related searches"
fun art activities for 2 year olds,Informational,70,20,0.37,"Sitelinks, AI Overview, Image, Video, Video carousel, People also ask, Related searches"
fun art activities for 3 year olds,Informational,70,11,0.24,"Sitelinks, AI Overview, Image, Video, Video carousel, Discussions and forums, Related searches"
fun extracurricular activities for kids,,70,,0.00,
fun inside activities for kids,Informational,70,19,0.00,"AI Overview, Image, Image pack, Video, People also ask, Related searches"
fun math activities for kids,Informational,70,54,0.00,"AI Overview, Video, Video carousel, Discussions and forums, Related searches"
fun spring activities for kids,Informational,70,7,0.00,"AI Overview, Image, Image pack, Video, Video carousel, Short videos, People also ask, Related searches"
fun valentines activities for kids,Informational,70,18,0.00,"Sitelinks, AI Overview, Image, Image pack, Video, People also ask, Related searches"
games and activities for kids,Informational,70,34,0.00,"Sitelinks, AI Overview, Image, Video, Video carousel, People also ask, Related searches"
general conference activities for kids,Informational,70,1,0.00,"Sitelinks, Image pack, Video, Discussions and forums, Related searches"
gift cards for kids activities,Commercial,70,17,0.00,"Sitelinks, AI Overview, Video, People also ask, Discussions and forums, Related searches, Popular products"
gross motor activities for 3 year olds,Informational,70,15,0.33,"AI Overview, Video, People also ask, Related searches"
gross motor activities for kids,Informational,70,15,0.00,"AI Overview, Video, Video carousel, People also ask, Discussions and forums, Related searches"
gross motor activities for one year olds,Informational,70,17,0.11,"Sitelinks, AI Overview, Image pack, Video, Video carousel, Discussions and forums, Related searches"
gross motor skills activities for 1 2 year olds,Informational,70,17,0.71,"Sitelinks, AI Overview, Reviews, Video, Video carousel, People also ask, Related searches"
gross motor skills activities for 3 4 year olds,Informational,70,16,0.36,"Sitelinks, AI Overview, Video, Video carousel, People also ask, Related searches"
gross motor skills activities for 3 year olds,Informational,70,15,0.33,"Sitelinks, AI Overview, Video, Video carousel, People also ask, Discussions and forums, Related searches"
gross motor skills activities for 3-4 year olds,Informational,70,20,0.36,"Sitelinks, AI Overview, Video, People also ask, Related searches"
groundhog day activities for kids,Informational,70,17,0.00,"Sitelinks, AI Overview, Image, Image pack, Video, People also ask, Related searches"
grounding activities for kids,Informational,70,29,0.00,"AI Overview, Video, People also ask, Discussions and forums, Related searches"
group activity for kids,Informational,70,23,0.00,"Sitelinks, AI Overview, Image, Video, Video carousel, Short videos, People also ask, Related searches, Ads top"
group therapy activities for kids,Informational,70,9,0.00,"Sitelinks, AI Overview, Image, Video, Discussions and forums, Related searches"
gulf shores activities for kids,Informational,70,18,0.00,"Sitelinks, Video, People also ask, Related searches"
halloween activities for 2 year olds,Informational,70,17,0.00,"Sitelinks, Image, Image pack, Video, Video carousel, Short videos, People also ask, Discussions and forums, Related searches"
halloween activities for kids at home,Informational,70,18,0.00,"Sitelinks, AI Overview, Image, Image pack, Video, Video carousel, Related searches"
hand strengthening activities for kids,Informational,70,11,0.00,"Sitelinks, Image, Image pack, Video, Video carousel, People also ask, Discussions and forums, Related searches"
home activities for 5 year olds,"Informational, Commercial",70,24,0.50,"Sitelinks, AI Overview, Video, Video carousel, People also ask, Discussions and forums, Related searches"
homeschool activities for 2 year olds,Informational,70,2,1.29,"Sitelinks, AI Overview, Video, Video carousel, People also ask, Related searches"
homeschool activities for 3 year olds,Informational,70,6,1.53,"Sitelinks, AI Overview, Reviews, Video, Video carousel, People also ask, Related searches"
hygiene activities for kids,Informational,70,16,0.00,"Sitelinks, AI Overview, Video, People also ask, Related searches"
indoor active toys for 3 year olds,"Informational, Commercial",70,11,0.35,"Sitelinks, AI Overview, Image, Video, Related searches, Popular products"
indoor activities for kids atlanta,Commercial,70,25,0.00,"Sitelinks, Video, Short videos, People also ask, Local pack, Related searches"
indoor activities for kids columbus ohio,Commercial,70,20,0.00,"Sitelinks, AI Overview, Video, People also ask, Local pack, Related searches"
indoor activities for kids kansas city,Commercial,70,28,0.00,"Sitelinks, Video, Video carousel, Short videos, People also ask, Local pack, Discussions and forums, Related searches"
indoor activities for kids long island,Commercial,70,22,0.00,"Sitelinks, Video, People also ask, Local pack, Related searches"
indoor activities for kids louisville ky,Commercial,70,18,0.00,"Sitelinks, Reviews, Video, People also ask, Local pack, Related searches"
indoor fall activities for kids,Informational,70,12,0.00,"Sitelinks, AI Overview, Image, Image pack, Video carousel, People also ask, Related searches"
indoor learning activities for 3 5 year olds,"Informational, Transactional",70,11,0.00,"Sitelinks, Video, Video carousel, People also ask, Discussions and forums, Related searches"
indoor rainy day activities for kids,Informational,70,21,0.00,"AI Overview, Video, Video carousel, People also ask, Local pack, Discussions and forums, Related searches"
indoor snow day activities for kids,,70,,0.00,
indoor winter activities for 2 year olds,Informational,70,15,0.40,"Sitelinks, Image, Video, Video carousel, People also ask, Local pack, Related searches"
inside activities for kids near me,Transactional,70,13,0.00,"AI Overview, Reviews, Video, Local pack, Related searches"
jumping activities for kids,Commercial,70,6,0.00,"AI Overview, Image pack, Video, Video carousel, Short videos, People also ask, Local pack, Related searches"
lancaster activities for kids,Informational,70,25,0.00,"Sitelinks, Reviews, Video, Short videos, People also ask, Discussions and forums, Related searches"
language and literacy activities for 3 4 year olds,Informational,70,26,0.93,"Sitelinks, AI Overview, Reviews, Video, Video carousel, People also ask, Discussions and forums, Related searches"
large motor activities for 3 year olds,Informational,70,18,0.33,"Sitelinks, AI Overview, Reviews, Video, Video carousel, People also ask, Discussions and forums, Related searches"
learning activities for 1 year old,"Informational, Commercial",70,21,0.00,"Sitelinks, AI Overview, Video, Video carousel, People also ask, Discussions and forums, Related searches"
letter a activities for 3 year olds,Informational,70,13,1.32,"Sitelinks, AI Overview, Image, Image pack, Video, Video carousel, People also ask, Related searches"
lunar new year 2026 activities for kids,,70,,0.00,
magnet activities for kids,Informational,70,8,0.00,"Sitelinks, AI Overview, Image, Video, Video carousel, Discussions and forums, Related searches"
martin luther king activity for kids,Informational,70,11,0.00,"Image, Image pack, Video, Video carousel, Short videos, Related searches"
math activities for 2 year olds,Informational,70,12,1.01,"AI Overview, Video, People also ask, Related searches"
math activities for four year olds,Informational,70,16,1.13,"AI Overview, Video, Video carousel, Discussions and forums, Related searches"
maths activity sheets for 5 year olds,Informational,70,31,0.85,"Sitelinks, Image, Image pack, Video, Related searches, Ads bottom"
mental health activities for kids,Informational,70,22,0.00,"Sitelinks, AI Overview, Image pack, Video, Short videos, Related searches"
montessori activities for 18 month old,Informational,70,0,0.36,"Sitelinks, Image pack, Video, Video carousel, People also ask, Discussions and forums, Related searches"
moon activities for kids,Informational,70,16,0.00,"AI Overview, Image, Image pack, Video, Related searches"
motor planning activities for kids,Informational,70,14,0.00,"AI Overview, Image, Video, Short videos, People also ask, Related searches"
nashville activities for kids,Informational,70,13,0.00,"Reviews, Video, People also ask, Related searches"
native american activities for kids,Informational,70,14,0.00,"Sitelinks, AI Overview, Image, Image pack, Video, Video carousel, Related searches"
new orleans activities for kids,Informational,70,18,0.00,"Sitelinks, AI Overview, Reviews, Video, Video carousel, Short videos, People also ask, Discussions and forums, Related searches, Ads bottom"
new year's eve activities for kids,Informational,70,14,0.00,"Sitelinks, AI Overview, Image, Video, People also ask, Related searches"
occupational therapy activities for kids,Informational,70,22,0.00,"AI Overview, Video, Video carousel, Related searches"
one word for kids activities,Informational,70,2,0.00,"Sitelinks, AI Overview, Reviews, Image pack, Video, Related searches"
orange beach activities for kids,Informational,70,21,0.00,"Sitelinks, AI Overview, Image, Video, People also ask, Discussions and forums, Related searches"
ot activities for kids,Informational,70,26,0.00,"AI Overview, Image, Image pack, Video, People also ask, Related searches"
outdoor activities for 1 2 year olds,Commercial,70,10,0.68,"Sitelinks, Video, People also ask, Related searches"
outdoor activities for 12 year olds,Informational,70,10,0.83,"Sitelinks, Image pack, Video, People also ask, Related searches"
outdoor art activities for kids,Informational,70,4,0.00,"Sitelinks, Reviews, Image, Video, Video carousel, Short videos, Related searches"
outdoor play activities for 3 year olds,"Informational, Commercial",70,18,0.28,"Sitelinks, AI Overview, Reviews, Video, People also ask, Related searches, Popular products"
personal space activities for kids,Informational,70,14,0.00,"Sitelinks, AI Overview, Reviews, Image, Image pack, Video, Video carousel, Related searches"
pittsburgh activities for kids,Commercial,70,23,0.00,"Sitelinks, Video, Related searches"
plane activities for 18 month old,"Informational, Commercial",70,6,0.46,"Sitelinks, AI Overview, Image, Video, Related searches"
plant activities for kids,Informational,70,21,0.00,"Sitelinks, Image, Video, Video carousel, Related searches"
play activities for 3 month old,Informational,70,14,0.50,"Sitelinks, AI Overview, Video, Video carousel, Short videos, People also ask, Related searches"
play based learning activities for 3 year olds,"Informational, Commercial",70,13,0.00,"Sitelinks, AI Overview, Video, Video carousel, People also ask, Discussions and forums, Related searches"
print activities for 3 year olds,,70,,1.01,
printable activities for 10-year olds pdf,Informational,70,13,1.81,"Sitelinks, Reviews, Related searches"
printable learning activities for 2 year olds,Commercial,70,4,0.95,"Sitelinks, Reviews, Image, Image pack, Video, Related searches"
printable learning activities for 3 year olds,"Informational, Transactional",70,31,0.87,"Sitelinks, Reviews, Image, Image pack, Video, Related searches"
proprioceptive activities for kids,Informational,70,9,0.00,"Sitelinks, AI Overview, Image, Video, Video carousel, People also ask, Related searches"
rainbow activities for kids,Informational,70,10,0.00,"Sitelinks, AI Overview, Image, Image pack, Video, Video carousel, Related searches"
rapport building activities for kids,Informational,70,13,0.00,"Sitelinks, AI Overview, Image pack, Video, Video carousel, People also ask, Discussions and forums, Related searches"
recreational activities for old age,Informational,70,21,1.01,"Sitelinks, AI Overview, Video, Video carousel, Related searches"
road trip activities for 10 year-olds,Informational,70,8,0.30,"Sitelinks, Video, People also ask, Related searches"
road trip activities for 12 year olds,Informational,70,7,0.33,"Sitelinks, Image, Video, Video carousel, People also ask, Discussions and forums, Related searches"
safest trampoline for active kids,Commercial,70,28,0.00,"Sitelinks, Video, Video carousel, People also ask, Discussions and forums, Related searches, Popular products"
saint patrick's day activities for kids,Informational,70,11,0.00,"AI Overview, Image, Image pack, Video, Video carousel, Short videos, Related searches"
san francisco activities for kids,Commercial,70,20,0.00,"Sitelinks, AI Overview, Image, Video, Short videos, Related searches"
santa barbara activities for kids,Informational,70,5,0.00,"Sitelinks, Reviews, Image, Video, Video carousel, Short videos, People also ask, Discussions and forums, Related searches"
science activities for two year olds,Informational,70,17,0.19,"Sitelinks, AI Overview, Video, Video carousel, People also ask, Related searches, Ads bottom"
self care activities for kids,Informational,70,9,0.00,"AI Overview, Video, People also ask, Related searches"
self-esteem activities for kids,Informational,70,14,0.00,"Sitelinks, AI Overview, Image, Video, People also ask, Related searches"
sensory activities for 3 month old,Informational,70,17,0.24,"Sitelinks, AI Overview, Video, People also ask, Related searches"
sensory activities for 4 year olds,Informational,70,24,0.46,"Sitelinks, AI Overview, Video, Video carousel, People also ask, Discussions and forums, Related searches"
sensory activities for 7 year olds,Informational,70,7,0.33,"Sitelinks, AI Overview, Video, Video carousel, People also ask, Related searches"
sensory activity for 1 year old,Informational,70,5,0.00,"Sitelinks, AI Overview, Reviews, Video, Video carousel, People also ask, Discussions and forums, Related searches"
shark activities for kids,Informational,70,4,0.00,"Sitelinks, AI Overview, Image, Image pack, Video, Video carousel, Related searches"
shark week activities for kids,Informational,70,3,0.00,"Sitelinks, AI Overview, Image, Image pack, Video, Video carousel, Related searches, Ads bottom"
small group activities for 3-4 year olds,Informational,70,12,0.60,"Sitelinks, AI Overview, Video, Video carousel, Related searches"
snowflake activity for kids,Informational,70,3,0.00,"Sitelinks, Reviews, Image, Image pack, Video, Video carousel, Related searches, Popular products"
space themed activities for kids,Informational,70,27,0.00,"AI Overview, Image, Video, Video carousel, Related searches"
speech and language activities for 2 year olds,Informational,70,8,1.32,"Sitelinks, AI Overview, Video, Video carousel, Related searches"
speech therapy activities for 3 year olds,Informational,70,2,2.24,"AI Overview, Video, Video carousel, People also ask, Related searches, Ads middle"
sport activities for 2 year olds,Informational,70,9,1.65,"Sitelinks, Video, Video carousel, People also ask, Related searches"
sport activities for 3 year olds,Informational,70,7,1.42,"Sitelinks, AI Overview, Video, People also ask, Related searches"
sports and activities for 2 year olds,Informational,70,5,1.65,"Featured snippet, Sitelinks, Video, People also ask"
sports and activities for 3 year olds,Commercial,70,11,1.11,"Sitelinks, AI Overview, Video, Video carousel, People also ask, Related searches"
spring break 2026 activities for kids,Informational,70,,0.00,"AI Overview, Reviews, Video, People also ask, Related searches"
summer activities for 13 year olds,Informational,70,10,1.58,"Sitelinks, AI Overview, Image pack, Video, Video carousel, People also ask, Related searches"
summer activities for 13 year olds near me,Transactional,70,6,1.97,"Sitelinks, Video, People also ask, Local pack, Related searches"
summer activities for 13 year-olds,Informational,70,6,1.58,"Sitelinks, AI Overview, Video, Video carousel, People also ask, Related searches"
summer activities for 2 year olds,Commercial,70,16,0.00,"Sitelinks, Image, Video, Video carousel, People also ask, Discussions and forums, Related searches"
summer art activities for kids,Informational,70,11,0.00,"Image, Image pack, Video, Related searches"
summer learning activities for kids,Informational,70,14,0.00,"Reviews, Image, Image pack, Video, Video carousel, Local pack, Related searches, Ads top"
teaching children life skills cooking cleaning manners activities for kids,,70,,0.00,
toys for active 2 year olds,Informational,70,21,0.29,"Sitelinks, AI Overview, Image, Video, Discussions and forums, Related searches, Popular products"
tree activities for kids,Informational,70,19,0.00,"Sitelinks, AI Overview, Image, Image pack, Video, Video carousel, Related searches"
water activity for kids,Informational,70,20,0.00,"AI Overview, Video, Video carousel, People also ask, Related searches, Popular products"
water cycle activity for kids,Informational,70,24,0.00,"AI Overview, Reviews, Image pack, Video, Video carousel, Related searches"
what are the best birthday activities for kids,"Informational, Commercial",70,23,0.00,"Sitelinks, AI Overview, Video, Video carousel, People also ask, Discussions and forums, Related searches"
winter break activities for kids,Informational,70,5,0.00,"AI Overview, Image, Video, Video carousel, People also ask, Related searches"
winter olympic activities for kids,,70,,0.00,
winter olympics activities for kids,,70,,0.00,
winter stem activities for kids,Informational,70,12,0.00,"Sitelinks, AI Overview, Image, Video, Video carousel, Related searches"
working memory activities for kids,Informational,70,8,0.00,"AI Overview, Video, Related searches"
ymca activities for kids,Navigational,70,31,0.00,"Video, People also ask, Local pack, Related searches"
4 all park vacaville activities for kids,Commercial,50,20,0.00,"AI Overview, Reviews, Video, Video carousel, People also ask, Local pack, Related searches"
6-7 activities for kids,Informational,50,2,0.00,"Sitelinks, AI Overview, Reviews, Video, Video carousel, Short videos, Related searches, Ads bottom, Ads middle"
active wear for kids,Commercial,50,23,0.00,"Sitelinks, Image, Video, Related searches, Popular products"
activities for 1-2 year olds,,50,,0.41,
activities for 10 year old girls,,50,,0.00,
activities for 10 yr olds,,50,,0.78,
activities for 12 year old boys,Informational,50,18,0.00,"AI Overview, Video, People also ask, Related searches"
activities for 12 year old girls,Informational,50,14,0.00,"Sitelinks, AI Overview, Video, People also ask, Related searches"
activities for 14 16 year olds,,50,,0.00,
activities for 14 year old boy,Informational,50,12,0.00,"Sitelinks, Reviews, Video, Video carousel, People also ask, Related searches"
activities for 18 year olds,Informational,50,21,0.66,"Sitelinks, AI Overview, Video, People also ask, Discussions and forums, Related searches"
activities for 18 year olds near me,Transactional,50,20,1.00,"AI Overview, Reviews, Video, People also ask, Local pack, Related searches"
activities for 19 month old,Informational,50,4,0.32,"Sitelinks, AI Overview, Video, Video carousel, People also ask, Related searches"
activities for 2 1/2 year olds,,50,,0.41,
activities for 2 and 4 year olds,Informational,50,24,0.40,"Sitelinks, AI Overview, Video, People also ask, Related searches"
activities for 2 year olds in winter,Informational,50,10,0.65,"Sitelinks, AI Overview, Image pack, Video, Video carousel, Local pack, Related searches"
activities for 2-3 year olds,Commercial,50,31,0.41,"Sitelinks, Video, People also ask, Related searches"
activities for 3 year old autistic child,,50,,0.00,
activities for 4 year olds at home,Informational,50,17,0.40,"Sitelinks, AI Overview, Video, Video carousel, People also ask"
activities for 5 year old birthday party,,50,,0.00,
activities for 6 month old baby,Informational,50,19,0.00,"Sitelinks, AI Overview, Video, Video carousel, Short videos, People also ask, Discussions and forums, Related searches"
activities for 7 year old boys,Informational,50,15,0.00,"Sitelinks, AI Overview, Image pack, Video, People also ask, Related searches"
activities for 8 year old boys,Informational,50,16,0.00,"Sitelinks, Image pack, Video, People also ask, Related searches"
activities for 9 month old baby,,50,,0.00,
activities for 9 month olds,Informational,50,18,0.35,"Sitelinks, AI Overview, Video, Video carousel, People also ask, Related searches"
activities for a 1 year old birthday party,Informational,50,14,0.00,"Sitelinks, AI Overview, Video, People also ask, Related searches"
activities for a 16 month old,,50,,0.40,
activities for a 3 month old,Informational,50,30,0.44,"Sitelinks, AI Overview, Video, Video carousel, People also ask, Related searches"
activities for kids baltimore,"Informational, Commercial",50,12,0.00,"AI Overview, Video, Video carousel, Short videos, Related searches"
activities for kids bay area,Informational,50,12,0.00,"Sitelinks, AI Overview, Video, Related searches"
activities for kids buffalo ny,Informational,50,10,0.00,"Sitelinks, Reviews, Video, People also ask, Discussions and forums, Related searches"
activities for kids cincinnati,,50,,0.00,
activities for kids detroit,Informational,50,20,0.00,"Sitelinks, Reviews, Video, Video carousel, Short videos, Discussions and forums, Related searches"
activities for kids grand rapids,Informational,50,30,0.00,"AI Overview, Video, Short videos, People also ask, Related searches"
activities for kids houston,"Informational, Commercial",50,26,0.00,"Reviews, Video, People also ask, Related searches"
activities for kids in charlotte nc,Commercial,50,22,0.00,"Sitelinks, Video, Video carousel, Short videos, People also ask, Related searches"
activities for kids in miami,Informational,50,27,0.00,"Sitelinks, AI Overview, Image, Image pack, Video, People also ask, Related searches"
activities for kids myrtle beach,Informational,50,18,0.00,"Sitelinks, AI Overview, Video, Short videos, People also ask, Discussions and forums, Related searches"
activities for kids near me this weekend,"Informational, Transactional",50,28,0.00,"AI Overview, Video, People also ask, Related searches"
activities for kids orlando,Informational,50,24,0.00,"AI Overview, Video, Video carousel, Short videos, People also ask, Related searches"
activities for kids party,Informational,50,28,0.00,"Sitelinks, Video, People also ask, Local pack, Discussions and forums, Related searches"
activities for kids printable,Informational,50,31,0.00,"Sitelinks, Image, Image pack, Video, People also ask, Related searches"
activities for kids salt lake city,Informational,50,16,0.00,"Sitelinks, Video, Short videos, People also ask, Discussions and forums, Related searches"
activities for kids san francisco,Informational,50,18,0.00,"Reviews, Video, Related searches"
activities for kids tampa,Informational,50,18,0.00,"Reviews, Video, Short videos, Related searches"
activities for kids today,Informational,50,40,0.00,"Sitelinks, Video, People also ask, Related searches"
activities for kids tucson,Informational,50,11,0.00,"Sitelinks, Reviews, Image pack, Video, People also ask, Related searches"
activities for kids who love music and books,Commercial,50,,0.00,"Sitelinks, Reviews, Video, Video carousel, People also ask, Related searches, Popular products, Ads top"
activities for non verbal autistic kids,"Informational, Commercial",50,8,0.00,"Sitelinks, AI Overview, Image, Video, People also ask, Discussions and forums, Related searches"
activities for one month old,Informational,50,13,0.45,"Sitelinks, AI Overview, Video, Video carousel, People also ask, Ads bottom, Ads middle"
activities to do with kids for fun,,50,,0.00,
activity books for 6 year olds,Commercial,50,9,0.89,"Sitelinks, AI Overview, Video, Video carousel, Discussions and forums, Related searches, Popular products"
activity books for 8 year olds,Commercial,50,3,0.70,"Sitelinks, AI Overview, Image, Video, Related searches, Popular products"
activity books for 8-10 year olds,Commercial,50,6,0.42,"Sitelinks, Video, Video carousel, People also ask, Related searches, Popular products"
activity books for two year olds,Commercial,50,24,0.49,"Sitelinks, AI Overview, Video, Video carousel, People also ask, Related searches, Popular products"
activity for 4 year olds near me,,50,,1.33,
activity gym for 6 month old,Commercial,50,33,0.81,"Sitelinks, Reviews, Video, Video carousel, People also ask, Discussions and forums, Related searches, Popular products"
activity sets for kids,Commercial,50,21,0.00,"Sitelinks, Image pack, Video, Related searches, Popular products"
activity sheets for 2 3 year olds,Informational,50,11,1.48,"Sitelinks, Image, Image pack, Video, Related searches"
activity sheets for 7 year olds,Informational,50,21,0.84,"Sitelinks, Image, Image pack, Video, Related searches"
activity toys for 4 year olds,Commercial,50,17,0.29,"Sitelinks, Image, Video, Related searches, Popular products"
activity toys for 5 year olds,Commercial,50,11,0.36,"Sitelinks, Image, Video, Video carousel, Related searches, Popular products"
adhd activities for kids therapy,Informational,50,10,0.00,"Sitelinks, AI Overview, Video, Related searches"
advent calendar activities for kids,Informational,50,1,0.00,"Sitelinks, AI Overview, Image, Image pack, Video, Related searches"
age appropriate activities for 2 year olds,Informational,50,21,0.50,"Sitelinks, AI Overview, Video, People also ask, Related searches"
airplane activities for 4 year old,Informational,50,6,0.00,"Sitelinks, AI Overview, Video, Video carousel, People also ask, Related searches"
all about me activities for 2 year olds,Informational,50,17,0.00,"Sitelinks, AI Overview, Image, Image pack, Video, People also ask, Related searches"
all about me activities for 3 year olds,Informational,50,9,0.00,"Sitelinks, AI Overview, Image pack, Video, Video carousel, People also ask, Related searches"
all about me activities for two year olds,Informational,50,9,0.00,"Sitelinks, AI Overview, Image, Image pack, Video, Video carousel, Related searches"
america 250 activities for kids,,50,,0.00,
april fools day activities for kids,Informational,50,3,0.00,"AI Overview, Image, Image pack, Video, Related searches"
art activities for 3-5 year olds,,50,,0.20,
art activities for 8-10 year olds,,50,,0.21,
artemis activities for kids,,50,,0.00,
arts and crafts activities for 7 year olds,Informational,50,8,0.37,"Sitelinks, AI Overview, Image, Video, Video carousel, Related searches"
at home activities for one year olds,,50,,0.21,
autism activities for kids,Informational,50,17,0.00,"AI Overview, Image, Video, People also ask, Related searches"
autumn activities for 1 year olds,Informational,50,10,0.00,"Sitelinks, AI Overview, Image, Image pack, Video, Video carousel, People also ask, Related searches"
autumn activities for 2 year olds,Informational,50,7,0.00,"Sitelinks, Image, Image pack, Video, Video carousel, Related searches"
backyard activities for 10 year olds,Informational,50,22,0.28,"Sitelinks, AI Overview, Video, People also ask, Discussions and forums, Related searches"
baltimore activities for kids,Commercial,50,13,0.00,"Sitelinks, Reviews, Video, Short videos, Related searches"
bat activities for kids,Informational,50,17,0.00,"Sitelinks, AI Overview, Image, Video, Video carousel, Related searches"
bay area activities for kids,Informational,50,15,0.00,"Sitelinks, Video, Short videos, People also ask, Related searches"
bee activities for kids,Informational,50,12,0.00,"Sitelinks, AI Overview, Image, Video, Video carousel, Related searches"
best activities for 4 year olds,Commercial,50,18,0.50,"Sitelinks, AI Overview, Reviews, Video, Video carousel, People also ask, Related searches"
best activities for autistic kids,Commercial,50,15,0.00,"Sitelinks, AI Overview, Image, Video, Video carousel, People also ask, Related searches"
best activities for grandparents and kids near niagara falls,Commercial,50,10,0.00,"Sitelinks, AI Overview, Reviews, Video, Video carousel, People also ask, Discussions and forums, Related searches, Ads bottom"
best activities for kids in nyc,,50,,0.00,
best day camps for active kids san jose california 2025,Commercial,50,28,0.00,"Sitelinks, Image, Local pack, Related searches"
best gifts for active 3 year olds,Commercial,50,13,0.32,"Sitelinks, AI Overview, Video, Related searches, Popular products"
best hands-on science activities for kids central united states,Informational,50,31,0.00,"AI Overview, Video, Video carousel, People also ask, Discussions and forums"
best indoor activities for kids,Commercial,50,16,0.00,"Sitelinks, Video, Video carousel, People also ask, Local pack, Related searches"
best kids savings accounts for parents to monitor activity,,50,,0.00,
best road trip activities for kids,Commercial,50,7,0.00,"AI Overview, Video, Related searches"
best summer camps and activities for kids in the poconos,Commercial,50,26,0.00,"Sitelinks, AI Overview, Reviews, Video, People also ask, Local pack, Discussions and forums, Related searches"
best toys for active 2 year olds,Commercial,50,7,0.38,"Sitelinks, AI Overview, Image, Video, Video carousel, Discussions and forums, Related searches"
best toys for active 3 year olds,Commercial,50,16,0.43,"Sitelinks, AI Overview, Video, Video carousel, Popular products"
bible activities for kids free,Informational,50,27,0.00,"Sitelinks, AI Overview, Video, Related searches"
bible activities for kids printable,Informational,50,30,0.00,"Sitelinks, Image, Image pack, Video, Related searches"
bible activity sheets for kids,Informational,50,24,0.00,"Sitelinks, Image, Image pack, Video, Related searches"
birthday party activities for 2 year olds,Informational,50,16,0.37,"Sitelinks, AI Overview, Video, Video carousel, People also ask, Related searches"
blue ridge activities for kids,Informational,50,12,0.00,"Sitelinks, Image, Short videos, People also ask, Related searches"
brain activation activities for kids,,50,,0.00,
brain activation exercises for adhd kids,,50,,0.00,
brain activation games for kids,,50,,0.00,
bullying activities for kids,Informational,50,14,0.00,"AI Overview, Video, Video carousel, Related searches"
butterfly activities for kids,Informational,50,22,0.00,"Sitelinks, AI Overview, Image, Image pack, Video, Video carousel"
cancun activities for kids,Informational,50,17,0.00,"Sitelinks, AI Overview, Reviews, Image, Image pack, Video, People also ask, Related searches"
car ride activities for kids,Informational,50,12,0.00,"Sitelinks, AI Overview, Image pack, Video, Video carousel, People also ask, Discussions and forums, Related searches"
central park activities for kids,Informational,50,10,0.00,"Sitelinks, Image, Video, People also ask, Related searches"
chalk activities for kids,Informational,50,18,0.00,"Sitelinks, Image, Image pack, Video, Video carousel, People also ask, Related searches"
cheap summer activities for kids,Informational,50,3,0.00,"AI Overview, Video, Short videos, People also ask, Related searches"
christmas activities for kids in leduc december 2024,Informational,50,2,0.00,"AI Overview, Video, People also ask, Related searches"
christmas activities for kids printable,Informational,50,20,0.00,"Sitelinks, Image, Image pack, Video, Related searches"
christmas in july activities for kids,Informational,50,4,0.00,"AI Overview, Image, Image pack, Video, Discussions and forums, Related searches"
cincinnati activities for kids,,50,,0.00,
circle time activities for 1-2 year olds,Informational,50,1,1.09,"Sitelinks, AI Overview, Video, Video carousel, People also ask, Related searches"
clearwater activities for kids,Informational,50,3,0.00,"Sitelinks, AI Overview, Video, Related searches"
cleveland activities for kids,Informational,50,11,0.00,"Sitelinks, Image, Video, Short videos, People also ask, Related searches"
color activities for kids,Informational,50,13,0.00,"Sitelinks, AI Overview, Image, Image pack, Video, People also ask, Related searches"
coloring activity for kids,Informational,50,51,0.00,"Sitelinks, Image, Image pack, Video, Related searches"
columbus day activities for kids,Informational,50,5,0.00,"Sitelinks, AI Overview, Image, Image pack, Video, People also ask, Related searches"
community service activities for kids in richmond va area,Informational,50,11,0.00,"AI Overview, Reviews, Video, People also ask, Discussions and forums, Related searches"
confidence-building activities for kids,,50,,0.00,
construction activities for kids,Informational,50,6,0.00,"Sitelinks, Image, Image pack, Video, Video carousel, Related searches"
craft activities for 7 year olds,Informational,50,16,0.50,"Sitelinks, AI Overview, Image, Image pack, Video, Video carousel, Related searches"
craft activities for one year olds,,50,,0.18,
daily brain activation exercises for kids,,50,,0.00,
detective activities for kids,Informational,50,16,0.00,"Sitelinks, Image, Image pack, Video, Discussions and forums, Related searches"
development activities for 1 year olds,Informational,50,12,0.42,"Sitelinks, AI Overview, Video, Video carousel, Related searches"
disney activities for kids,Informational,50,19,0.00,"Sitelinks, AI Overview, Image, Image pack, Video, Video carousel, People also ask, Discussions and forums"
diy activities for kids,Commercial,50,28,0.00,"Sitelinks, AI Overview, Image, Video, Video carousel, Related searches"
drama activities for kids,Informational,50,21,0.00,"Sitelinks, AI Overview, Video, Video carousel"
easter activities for kids nyc,Informational,50,10,0.00,"Sitelinks, AI Overview, Reviews, Video, Discussions and forums, Related searches"
easter activities for kids printable,Informational,50,16,0.00,"AI Overview, Image, Image pack, Video, Related searches"
easter egg activities for kids,,50,,0.00,
easy clay activities for 5 year olds,Informational,50,5,0.00,"Sitelinks, Image, Image pack, Video, Video carousel, Short videos, Related searches"
easy earth day activities for kids,,50,,0.00,
educational activities for 5 year-olds at home,Informational,50,28,0.62,"Sitelinks, AI Overview, Video, Video carousel, People also ask, Related searches"
educational activities for 6 year olds at home,Informational,50,30,1.03,"Sitelinks, AI Overview, Video, Video carousel, People also ask, Related searches"
emotion activities for kids,Informational,50,20,0.00,"AI Overview, Video, Video carousel, Related searches"
emotional identification activities for kids,Informational,50,16,0.00,"AI Overview, Image, Image pack, Video, Video carousel, Related searches"
environmental activities for kids,Informational,50,27,0.00,"AI Overview, Video, People also ask, Related searches"
extracurricular activities for 2 year olds near me,Transactional,50,24,2.47,"Sitelinks, AI Overview, Video, People also ask, Local pack, Related searches"
extracurricular activities for 4 year olds near me,Transactional,50,9,2.88,"Video, People also ask, Local pack, Related searches"
extracurricular activities for 5 year olds,Informational,50,17,2.22,"Sitelinks, AI Overview, Video, People also ask, Related searches"
fall activities for 1 year olds,Informational,50,11,0.00,"Sitelinks, AI Overview, Image, Video, Video carousel, Discussions and forums, Related searches"
fall activities for 3 year olds,Informational,50,5,0.00,"Sitelinks, AI Overview, Image, Video, Related searches"
fall activities for 4 year olds,Informational,50,13,0.00,"Sitelinks, AI Overview, Image, Image pack, Video, Video carousel, Related searches"
fall craft activities for kids,Informational,50,18,0.00,"Sitelinks, AI Overview, Image, Image pack, Video, Video carousel, Short videos, People also ask, Related searches"
farm activities for kids,Commercial,50,12,0.00,"Sitelinks, AI Overview, Video, People also ask, Local pack, Related searches"
fine motor activities for 3-4 year olds,,50,,0.64,
fine motor skills activities for 3 4 year olds pdf,Informational,50,0,0.60,"Sitelinks, AI Overview, Video, Related searches"
fine motor skills activities for 5-6 year olds,Informational,50,18,0.96,"Sitelinks, AI Overview, Video, Video carousel, People also ask, Discussions and forums, Related searches"
fingerprint activity for kids,Informational,50,17,0.00,"Sitelinks, Image pack, Video, Video carousel, People also ask, Related searches"
first aid activities for kids,Informational,50,6,0.00,"Sitelinks, AI Overview, Image pack, Video, Video carousel, Related searches"
flower activities for kids,Informational,50,1,0.00,"Image, Image pack, Video, People also ask, Discussions and forums, Related searches"
food chain activities for kids,Informational,50,10,0.00,"Sitelinks, AI Overview, Image, Image pack, Video, Video carousel"
free activities for kids chicago,Informational,50,14,0.00,"Sitelinks, AI Overview, Image, Video, Discussions and forums, Related searches"
free activities for kids los angeles,Commercial,50,13,0.00,"Video, Short videos, Local pack, Discussions and forums, Related searches"
free activities for kids san antonio,Informational,50,20,0.00,"Sitelinks, AI Overview, Reviews, Video, Short videos, Local pack, Related searches"
free outdoor activities for kids,Informational,50,13,0.00,"AI Overview, Reviews, Video, Video carousel, Short videos, People also ask"
friendship activities for kids,Informational,50,13,0.00,"Sitelinks, AI Overview, Image, Image pack, Video, Video carousel, People also ask, Related searches"
frisco summer activities for kids,,50,,0.00,
fun activities for 11 year olds at home,Informational,50,24,0.66,"Sitelinks, AI Overview, Video, Video carousel, People also ask, Related searches"
fun activities for 12 year olds,Informational,50,32,0.65,"Featured snippet, Sitelinks, Reviews, Video, People also ask, Related searches"
fun activities for 20 year olds near me,Transactional,50,26,0.65,"Sitelinks, AI Overview, Reviews, Video, People also ask, Local pack, Related searches"
fun activities for 6-7 year olds,,50,,0.46,
fun activities for 8 year olds,Informational,50,19,0.56,"Sitelinks, Reviews, Video, Video carousel, People also ask, Discussions and forums, Related searches"
fun activities for eight year olds,Informational,50,19,0.56,"Sitelinks, Image, Video, Video carousel, People also ask, Related searches, Ads bottom, Ads middle"
fun activities for kids atlanta,Informational,50,21,0.00,"Sitelinks, Related searches"
fun activities for kids in san francisco,Commercial,50,19,0.00,"Sitelinks, AI Overview, Reviews, Video, Related searches"
fun activities for kids with autism,Informational,50,7,0.00,"AI Overview, Image, Video, People also ask, Related searches"
fun activities near me for kids,Transactional,50,3,0.00,"Sitelinks, AI Overview, Video, People also ask, Related searches"
fun dental activities for kids,,50,,0.00,
fun earth day activities for kids,Informational,50,19,0.00,"AI Overview, Image, Image pack, Video, Video carousel, People also ask, Related searches"
fun fall activities for kids alternatives to halloween united states,Informational,50,5,0.00,"AI Overview, Video, People also ask, Discussions and forums"
fun food activities for kids,Informational,50,17,0.00,"Sitelinks, AI Overview, Image, Video, Video carousel, Related searches"
fun holiday activities for kids,Informational,50,13,0.00,"Sitelinks, AI Overview, Related searches"
fun home activities for kids,Informational,50,20,0.00,"Sitelinks, AI Overview, Video, Video carousel, People also ask, Related searches"
fun indoor activities for kids near me,Transactional,50,12,0.00,"Sitelinks, AI Overview, Reviews, Video, Local pack, Related searches"
fun snow activities for kids,,50,,0.00,
fun team building activities for kids,Informational,50,19,0.00,"Sitelinks, AI Overview, Video, Video carousel, People also ask, Related searches"
fun valentine's day activities for kids,Informational,50,20,0.00,"AI Overview, Image, Video, Video carousel, Short videos, People also ask, Related searches"
garden activities for kids,Informational,50,10,0.00,"AI Overview, Image, Image pack, Video, Video carousel, Discussions and forums, Related searches"
geology activities for kids,Informational,50,7,0.00,"Sitelinks, AI Overview, Video, Video carousel, Discussions and forums, Related searches"
germ activities for kids,Informational,50,1,0.00,"AI Overview, Video, Video carousel, Related searches"
getting to know you activities for kids,Informational,50,12,0.00,"Sitelinks, AI Overview, Image, Video, Video carousel, People also ask, Related searches"
gifts for active 2 year olds,Commercial,50,21,0.43,"Sitelinks, Image, Video, People also ask, Discussions and forums, Related searches"
gifts for active 3 year olds,Commercial,50,16,0.33,"Sitelinks, AI Overview, Image, Video, Related searches, Ads bottom"
gingerbread activities for kids,Informational,50,0,0.00,"Sitelinks, Image, Image pack, Video, Video carousel, Short videos, Related searches"
good friday activities for kids,Informational,50,6,0.00,"Sitelinks, AI Overview, Image, Image pack, Video, Related searches"
grand canyon activities for kids,Informational,50,8,0.00,"Sitelinks, AI Overview, Image, Video, Related searches, Ads bottom, Ads middle"
grief activities for kids pdf,Informational,50,18,0.00,"Image pack, Video, Related searches, Ads top, Ads bottom"
gross motor activities for 5 year olds,Informational,50,11,0.24,"AI Overview, Video, Video carousel, Short videos, People also ask, Discussions and forums, Related searches"
gross motor activities for three year olds,Informational,50,15,0.33,"Sitelinks, AI Overview, Video, Video carousel, People also ask, Related searches"
gross motor skill activities for 2 year olds,Informational,50,7,0.39,"Sitelinks, AI Overview, Video, People also ask, Related searches"
halloween activities for 3 year olds,Informational,50,19,0.00,"Sitelinks, AI Overview, Image, Image pack, Video, Video carousel, People also ask, Discussions and forums, Related searches, Ads bottom"
harry potter activities for kids,Commercial,50,11,0.00,"Sitelinks, AI Overview, Image, Image pack, Video, People also ask, Related searches"
hawaii activities for kids,Informational,50,10,0.00,"AI Overview, Image, Video, Video carousel, People also ask, Related searches"
health activities for kids,Informational,50,14,0.00,"Sitelinks, AI Overview, Video, Related searches"
health and nutrition activities for kids,,50,,0.00,
health and wellness activities for kids,Informational,50,20,0.00,"Sitelinks, AI Overview, Video, Video carousel, People also ask, Related searches"
health fair activities for kids,,50,,0.00,
healthy eating activities for 1 2 year olds,Informational,50,17,0.00,"Sitelinks, AI Overview, Image pack, Video, People also ask, Related searches"
hocking hills activities for kids,Informational,50,16,0.00,"Sitelinks, AI Overview, Reviews, Image, Video, People also ask, Related searches"
holi activities for kids,Informational,50,5,0.00,"Sitelinks, AI Overview, Image, Image pack, Video, Video carousel, Short videos, Related searches"
holiday activities for kids near me,Transactional,50,7,0.00,"Video, People also ask, Local pack, Related searches"
ice breaker activities for kids,Informational,50,22,0.00,"Sitelinks, AI Overview, Reviews, Image, Image pack, Video, People also ask, Discussions and forums, Related searches"
indianapolis activities for kids,Informational,50,16,0.00,"Sitelinks, AI Overview, Video, Video carousel, People also ask, Related searches"
indoor activities for 1 year old birthday party,Informational,50,20,0.00,"Sitelinks, AI Overview, Video, Video carousel, People also ask, Local pack, Related searches"
indoor activities for 10 year olds,Informational,50,19,0.41,"Sitelinks, AI Overview, Video, People also ask, Discussions and forums, Related searches"
indoor activities for 3 4 year olds,Informational,50,15,0.79,"Sitelinks, Video, Video carousel, People also ask, Discussions and forums, Related searches"
indoor activities for 3-4 year olds,Informational,50,15,0.79,"Sitelinks, Reviews, Video, Video carousel, People also ask, Related searches"
indoor activities for 4 year olds near me,Transactional,50,18,1.06,"Sitelinks, AI Overview, Video, People also ask, Local pack, Related searches"
indoor activities for kids charlotte nc,Commercial,50,9,0.00,"Sitelinks, Video, People also ask, Local pack, Related searches"
indoor activities for kids colorado springs,Commercial,50,24,0.00,"Sitelinks, Video, Short videos, People also ask, Local pack, Related searches"
indoor activities for kids dallas,Commercial,50,33,0.00,"Sitelinks, Video, People also ask, Local pack, Related searches"
indoor activities for kids houston,Commercial,50,30,0.00,"Sitelinks, Reviews, Image, Video, Video carousel, Local pack, Related searches"
indoor activities for kids in las vegas,Commercial,50,26,0.00,"Sitelinks, Video, Short videos, People also ask, Local pack, Related searches"
indoor activities for kids in orlando,Commercial,50,26,0.00,"Sitelinks, Video, People also ask, Local pack, Discussions and forums, Related searches"
indoor activities for kids indianapolis,Commercial,50,22,0.00,"Sitelinks, Video, People also ask, Local pack, Related searches"
indoor activities for kids los angeles,Commercial,50,12,0.00,"Sitelinks, Video, Video carousel, Short videos, People also ask, Local pack, Discussions and forums, Related searches"
indoor activities for kids pittsburgh,Commercial,50,7,0.00,"Sitelinks, Reviews, Video, People also ask, Discussions and forums, Related searches"
indoor activities for kids san antonio,Commercial,50,18,0.00,"Sitelinks, Reviews, Video, Video carousel, People also ask, Local pack, Related searches"
indoor activities for two year olds,Informational,50,14,0.29,"Sitelinks, AI Overview, Reviews, Video, Video carousel, People also ask, Related searches"
indoor activities in san antonio for kids,,50,,0.00,
indoor activities orlando for kids,Informational,50,26,0.00,"Sitelinks, Video, Video carousel, People also ask, Local pack, Discussions and forums"
indoor christmas activities for kids,Informational,50,13,0.00,"AI Overview, Video, Video carousel, Short videos, People also ask, Related searches"
indoor halloween activities for kids,Informational,50,19,0.00,"Sitelinks, AI Overview, Video, Related searches"
indoor physical activities for 2-3 year olds,"Informational, Commercial",50,17,0.38,"Sitelinks, AI Overview, Video, Video carousel, People also ask, Related searches, Ads middle"
jacksonville activities for kids,Commercial,50,16,0.00,"Sitelinks, Reviews, Video, Related searches"
june activities for kids,Informational,50,13,0.00,"Sitelinks, AI Overview, Image pack, Video, People also ask, Related searches"
kauai activities for kids,Commercial,50,7,0.00,"Sitelinks, AI Overview, Image, Video, Related searches"
key west activities for kids,,50,,0.00,
la activities for kids,Informational,50,19,0.00,"Sitelinks, Image, Video, People also ask, Related searches"
lake tahoe activities for kids,Informational,50,0,0.00,"Sitelinks, AI Overview, Image, Video, Related searches"
language and literacy activities for 1-2 year olds,Informational,50,18,0.00,"AI Overview, Video, Short videos, People also ask, Related searches"
language and literacy activities for 3 5 year olds,Informational,50,21,0.00,"AI Overview, Video, Video carousel, People also ask, Discussions and forums, Related searches"
language and literacy activities for 3-4 year olds,"Informational, Commercial",50,23,1.67,"Sitelinks, AI Overview, Video, Video carousel, People also ask, Related searches"
language development activities for 1 2 year olds,Informational,50,14,0.86,"Sitelinks, AI Overview, Video, Short videos, People also ask, Related searches"
language development activities for 1-2 year olds,Informational,50,12,0.86,"Sitelinks, AI Overview, Video, Short videos, People also ask, Related searches"
learning activities for 3yr olds,,50,,1.27,
learning activities for five year olds,Informational,50,,1.10,"Sitelinks, AI Overview, Video, Video carousel, People also ask, Discussions and forums, Related searches"
lent activities for kids free,Informational,50,26,0.00,"Sitelinks, AI Overview, Video, Video carousel, Related searches"
lenten activities for kids,Informational,50,20,0.00,"Sitelinks, Image, Video, Video carousel, Related searches"
literacy activities for 3 4 year olds pdf,Informational,50,20,0.90,"AI Overview, Reviews, Image pack, Video, People also ask, Related searches"
long beach activities for kids,Commercial,50,10,0.00,"Sitelinks, Reviews, Video, Short videos, Related searches"
long island activities for kids,Informational,50,13,0.00,"AI Overview, Video, Short videos, Discussions and forums, Related searches"
louisville activities for kids,"Informational, Commercial",50,26,0.00,"Sitelinks, Video, Short videos, People also ask, Discussions and forums, Related searches"
math activities for 5 6 year olds,Informational,50,23,0.00,"Sitelinks, Reviews, Video, Video carousel, People also ask, Related searches"
may activities for kids,Informational,50,4,0.00,"AI Overview, Image, Image pack, Video, People also ask, Related searches"
memphis activities for kids,Informational,50,11,0.00,"Sitelinks, Reviews, Video, Short videos, People also ask, Related searches"
milwaukee activities for kids,Commercial,50,13,0.00,"Sitelinks, Video, Short videos, People also ask, Related searches"
mindful eating activity for kids,,50,,0.00,
money management activities for kids,Informational,50,19,0.00,"Sitelinks, AI Overview, Video, Video carousel, People also ask, Related searches"
montessori activities for 3-4 year olds,Informational,50,4,30.72,"Sitelinks, AI Overview, Video, Video carousel, People also ask, Discussions and forums, Related searches"
morse code activity for kids,Informational,50,18,0.00,"Sitelinks, AI Overview, Image pack, Video, Video carousel, Related searches"
new years activity for kids,Informational,50,16,0.00,"Sitelinks, AI Overview, Image, Image pack, Video, Video carousel, People also ask, Related searches"
non screen activities for kids,Informational,50,1,0.00,"Sitelinks, AI Overview, Image pack, Video, People also ask, Related searches"
olympics activities for kids,,50,,0.00,
online activities for 3 year olds,Commercial,50,76,2.20,"Sitelinks, Video, People also ask, Related searches"
outdoor activities for 13 year olds,"Informational, Commercial",50,4,0.00,"Sitelinks, AI Overview, Video, People also ask, Related searches"
outdoor activities for 7 year olds,Informational,50,15,0.18,"Sitelinks, Video, Video carousel, People also ask, Related searches"
outdoor activities for 9 year olds,Informational,50,22,0.32,"Sitelinks, Video carousel, People also ask, Related searches"
outdoor fitness activities for kids,,50,,0.00,
outdoor toys for active kids,Commercial,50,6,0.00,"Sitelinks, Video, Video carousel, Related searches, Popular products"
paint activities for kids,Informational,50,20,0.00,"Sitelinks, Image, Image pack, Video, Video carousel, Short videos, People also ask, Related searches"
parachute activities for kids,Informational,50,18,0.00,"Sitelinks, AI Overview, Image, Image pack, Video, Video carousel, Short videos, Related searches"
parachute activity for kids,Informational,50,20,0.00,"Sitelinks, AI Overview, Video, Video carousel, Short videos, People also ask, Discussions and forums, Related searches"
pensacola activities for kids,Informational,50,27,0.00,"Sitelinks, AI Overview, Image, Video, People also ask, Related searches"
pentecost activities for kids,Informational,50,20,0.00,"Sitelinks, AI Overview, Image, Image pack, Video, People also ask, Ads top"
perspective taking activities for kids,,50,,0.00,
physical activities for kids with disabilities,Informational,50,23,0.00,"Sitelinks, AI Overview, Video, Video carousel, People also ask, Related searches"
physical activity for old people,,50,,2.10,
physical activity games for kids,Informational,50,21,0.00,"Sitelinks, AI Overview, Image, Video, Video carousel, People also ask, Discussions and forums, Related searches, Popular products"
physical development activities for 3-5 year olds pdf,Informational,50,12,0.00,"AI Overview, Reviews, Video, People also ask, Related searches"
physical extracurricular activities for kids,,50,,0.00,
pipe cleaner activities for 2 year olds,Informational,50,4,0.00,"Sitelinks, AI Overview, Video, Video carousel, Short videos, People also ask, Related searches"
pirate activities for kids,Informational,50,4,0.00,"Sitelinks, AI Overview, Image, Video, Video carousel, Related searches"
planet activities for kids,Informational,50,16,0.00,"Sitelinks, AI Overview, Image, Image pack, Video, Video carousel, Related searches"
polar express activities for kids,Informational,50,0,0.00,"Sitelinks, AI Overview, Image, Video, Video carousel, Related searches"
portland maine activities for kids,Commercial,50,11,0.00,"Sitelinks, AI Overview, Video, People also ask, Related searches"
prayer activities for kids,Informational,50,11,0.00,"Sitelinks, AI Overview, Video, Video carousel, Related searches, Ads bottom, Ads middle"
printable activities for 8 year olds,Informational,50,30,1.63,"Sitelinks, Image, Image pack, Video, Discussions and forums, Related searches, Ads bottom"
printable activity pages for kids,Informational,50,22,0.00,"Sitelinks, Image, Image pack, Video, Related searches"
printable prayer activities for kids,Informational,50,1,0.00,"Sitelinks, Image, Image pack, Video, Related searches"
proprioception activities for kids,,50,,0.00,
quiet time activities for 5 year olds,Informational,50,8,0.31,"Sitelinks, AI Overview, Video, People also ask, Related searches"
rainforest activities for kids,Informational,50,6,0.00,"Sitelinks, AI Overview, Image, Video, Video carousel, Related searches, Ads bottom, Ads middle"
rainy day activities for 1 year old,Informational,50,12,0.00,"Sitelinks, AI Overview, Video, Video carousel, People also ask, Ads bottom, Ads middle"
rainy day activities for 2 year olds,Informational,50,14,0.15,"Sitelinks, AI Overview, Video, Video carousel, People also ask, Related searches"
rainy day activities for 3 year olds,Informational,50,12,0.09,"Sitelinks, AI Overview, Video, Video carousel, People also ask, Related searches, Ads middle"
rainy day indoor activities for kids,Informational,50,20,0.00,"AI Overview, Video, Video carousel, Local pack, Related searches"
recreational activities for old people,Informational,50,23,1.01,"Sitelinks, AI Overview, Video, Video carousel, People also ask, Discussions and forums, Related searches"
responsibility activities for kids,Informational,50,10,0.00,"AI Overview, Reviews, Video, Video carousel, Related searches"
road trip activities for 12 year-olds,Informational,50,5,0.30,"Sitelinks, AI Overview, Video, Video carousel, People also ask, Discussions and forums, Related searches"
road trip activities for 5 year old,Informational,50,6,0.00,"Sitelinks, Video, Related searches"
rosh hashanah activities for kids,Informational,50,9,0.00,"Sitelinks, AI Overview, Video, Video carousel, Short videos, People also ask, Related searches"
salt lake city activities for kids,Informational,50,16,0.00,"Sitelinks, AI Overview, Video, Discussions and forums, Related searches"
sarasota activities for kids,Informational,50,13,0.00,"Sitelinks, Video, Short videos, Related searches"
savannah activities for kids,Informational,50,8,0.00,"Sitelinks, AI Overview, Image, Video, Video carousel, People also ask, Related searches"
science activities for 1-2 year olds,Informational,50,12,0.33,"Sitelinks, AI Overview, Video, Short videos, Related searches"
scottsdale activities for kids,Commercial,50,18,0.00,"Sitelinks, Reviews, Video, Short videos, People also ask, Related searches"
self awareness activity for kids,,50,,0.00,
self esteem activity for kids,Informational,50,15,0.00,"Sitelinks, AI Overview, Image pack, Video, Video carousel, Related searches"
self love activities for kids,Informational,50,28,0.00,"Sitelinks, AI Overview, Reviews, Image, Image pack, Video, Video carousel, People also ask, Related searches"
self-awareness activities for kids,,50,,0.00,
sensory activities for 11 month old,Informational,50,10,0.27,"Sitelinks, AI Overview, Video, Video carousel, Short videos, Discussions and forums, Related searches"
sensory activities for 5 year olds,Informational,50,20,0.54,"Sitelinks, AI Overview, Video, Video carousel, People also ask, Related searches, Ads bottom, Ads middle"
sensory activities for kids with autism,Informational,50,25,0.00,"Sitelinks, AI Overview, Image, Video, Related searches"
sensory activities for one year olds,Informational,50,15,0.16,"Sitelinks, AI Overview, Reviews, Video, Video carousel, People also ask, Related searches"
simple activities for kids,Informational,50,36,0.00,"AI Overview, Image, Image pack, Video, Video carousel, People also ask, Related searches, Ads bottom, Ads middle"
simple stem activities for kids,"Informational, Commercial",50,25,0.00,"Sitelinks, AI Overview, Image, Video, Video carousel, Related searches, Ads bottom"
social emotional learning activities for kids,"Informational, Commercial",50,23,0.00,"AI Overview, Video, Video carousel, Related searches"
speech and language activities for 3 year olds,Informational,50,4,2.24,"Sitelinks, AI Overview, Image pack, Video, People also ask, Related searches"
speech therapy activities for kids,Informational,50,5,0.00,"AI Overview, Reviews, Video, Video carousel, Related searches"
speech therapy activities for three year olds,Informational,50,2,2.24,"Sitelinks, AI Overview, Video, Video carousel, Related searches"
sport activities for kids,Informational,50,35,0.00,"Sitelinks, Video, Video carousel, Short videos, People also ask, Related searches"
sports activities for kids near me,Transactional,50,31,0.00,"Video, People also ask, Local pack, Related searches"
spring break activities for kids near me,Transactional,50,5,0.00,"Sitelinks, AI Overview, Video, People also ask, Local pack, Related searches"
spring stem activities for kids,"Informational, Commercial",50,6,0.00,"AI Overview, Image, Image pack, Video, Related searches"
st patrick activities for kids,Informational,50,11,0.00,"AI Overview, Image, Image pack, Video, Video carousel, Related searches"
st patrick's day activities for kids free printable,Informational,50,10,0.00,"Image, Image pack, Video, Video carousel, Related searches"
st patricks activities for kids,Informational,50,11,0.00,"Sitelinks, AI Overview, Image, Image pack, Video, Video carousel, People also ask, Related searches"
star wars activities for kids,Informational,50,17,0.00,"Sitelinks, AI Overview, Image, Video, Video carousel, Short videos, Related searches"
steam activity for kids,Informational,50,41,0.00,"Sitelinks, AI Overview, Image, Video, Video carousel, Related searches"
stem activities for 2 year olds,Informational,50,10,0.53,"Sitelinks, AI Overview, Video, Video carousel, People also ask, Discussions and forums, Related searches"
stem activities for 3 year olds,Informational,50,15,0.90,"AI Overview, Video, Video carousel, People also ask, Discussions and forums, Related searches"
sticker activity books for kids,Commercial,50,5,0.00,"Sitelinks, Image pack, Video, Related searches, Popular products"
summer activities for 11 year olds,Informational,50,13,1.29,"Sitelinks, Image, Image pack, Video, People also ask, Related searches"
summer activities for 12 year olds near me,Transactional,50,30,1.65,"Sitelinks, AI Overview, Video, People also ask, Local pack, Related searches"
summer activities for 14 year olds,Informational,50,14,2.21,"Sitelinks, AI Overview, Image pack, Video, People also ask, Related searches"
summer activities for 15 year olds,Informational,50,10,1.29,"AI Overview, Reviews, Image, Image pack, Video, People also ask, Related searches"
summer activities for 16 year olds,Informational,50,3,0.00,"AI Overview, Image pack, Video, People also ask, Related searches"
summer activities for 16-year olds,Informational,50,6,0.00,"Sitelinks, AI Overview, Image, Image pack, Video, People also ask, Related searches"
summer activities for 3 year olds near me,Transactional,50,1,0.00,"AI Overview, Video, People also ask, Local pack, Related searches"
summer activities for 4 year olds near me,Transactional,50,2,1.72,"Reviews, Video, People also ask, Local pack, Related searches"
summer activities for 8 year olds,Informational,50,26,0.00,"Sitelinks, Image pack, Video, Video carousel, People also ask, Discussions and forums"
summer activities for kids camp,Commercial,50,13,0.00,"Sitelinks, AI Overview, Image, Video, People also ask, Local pack, Related searches"
summer activities for kids in louisville,Informational,50,25,0.00,"Sitelinks, AI Overview, Video, Local pack, Discussions and forums, Related searches"
summer activity list for kids,,50,,0.00,
summer bucket list activities for kids,,50,,0.00,
summer craft activities for kids,Informational,50,21,0.00,"Sitelinks, AI Overview, Image, Image pack, Video, Video carousel, Related searches"
sustainability activities for kids,Informational,50,18,0.00,"Sitelinks, AI Overview, Video, People also ask, Related searches"
team building activity for kids,Informational,50,12,0.00,"Sitelinks, AI Overview, Image pack, Video, Video carousel, People also ask, Related searches"
thanksgiving activities for 2 year olds,Informational,50,7,0.00,"Sitelinks, AI Overview, Image, Image pack, Video, Video carousel, Related searches"
thanksgiving activities for kids printable,Informational,50,12,0.00,"Sitelinks, Image, Image pack, Video, People also ask, Related searches"
thanksgiving activity sheets for kids,Informational,50,17,0.00,"Sitelinks, Image, Image pack, Video, Related searches"
thanksgiving day activities for kids,Informational,50,15,0.00,"Sitelinks, AI Overview, Image, Video, Video carousel, Related searches"
time management activities for kids,Informational,50,11,0.00,"AI Overview, Image pack, Video, People also ask, Related searches"
toys for active 4 year olds,"Informational, Commercial",50,13,0.38,"Sitelinks, AI Overview, Image, Video, Video carousel, Discussions and forums, Related searches"
tracing activities for 3 year olds,Informational,50,18,0.74,"Sitelinks, Image, Image pack, Video, Video carousel, People also ask, Related searches"
transportation activities for kids,,50,,0.00,
tucson activities for kids,Informational,50,9,0.00,"Sitelinks, Reviews, Video, Video carousel, Related searches"
tummy time activities for 3 month old,Informational,50,14,0.20,"Sitelinks, AI Overview, Video, Video carousel, Short videos, People also ask, Related searches"
tummy time activities for 4 month old,Informational,50,19,0.15,"Sitelinks, AI Overview, Video, Video carousel, Short videos, People also ask, Related searches, Ads bottom, Ads middle"
turkey activity for kids,Informational,50,1,0.00,"Sitelinks, Image, Image pack, Video, Video carousel, Short videos, Related searches, Popular products"
typing activities for kids,Informational,50,55,0.00,"Sitelinks, Video, Video carousel, People also ask, Related searches"
valentine activity for kids,,50,,0.00,
valentine's day activity for kids,Informational,50,16,0.00,"Sitelinks, AI Overview, Image, Image pack, Video, Video carousel, Short videos, Related searches"
valentines activity for kids,Informational,50,14,0.00,"Sitelinks, AI Overview, Image, Video, Video carousel, People also ask, Related searches, Popular products"
valentines day activity for kids,,50,,0.00,
vegas activities for kids,,50,,0.00,
veterans day activity for kids,Informational,50,28,0.00,"AI Overview, Image, Video, Video carousel, People also ask, Related searches, Ads bottom"
volcano activity for kids,Informational,50,29,0.00,"AI Overview, Video, Video carousel, Short videos, People also ask, Related searches"
washington dc activities for kids,Informational,50,12,0.00,"Sitelinks, Video, Video carousel, Short videos, People also ask, Related searches"
water cycle activities for kids,Informational,50,18,0.00,"AI Overview, Reviews, Video, Video carousel, Short videos, Related searches"
watercolor activities for kids,Informational,50,13,0.00,"AI Overview, Image, Image pack, Video, Video carousel, Related searches"
weather forecast activity for kids,,50,,0.00,
wellness activities for kids,Informational,50,23,0.00,"Sitelinks, AI Overview, Video, Video carousel, People also ask, Related searches"
what are brain activation exercises for kids,,50,,0.00,
wild west activities for kids,Informational,50,1,0.00,"Sitelinks, AI Overview, Image, Image pack, Video, Video carousel, Related searches"
winter activities for 2 year olds,Informational,50,9,0.00,"Sitelinks, AI Overview, Image, Image pack, Video, Video carousel, Related searches"
wisconsin dells activities for kids,Informational,50,18,0.00,"Sitelinks, Reviews, Image, Video, People also ask, Related searches"
world kindness day activities for kids,Informational,50,10,0.00,"Sitelinks, AI Overview, Image, Image pack, Video, Video carousel, Related searches"
xmas activities for kids,Informational,50,10,0.00,"AI Overview, Image, Video, Video carousel, Short videos, People also ask, Related searches"
yard activities for kids,Informational,50,29,0.00,"Sitelinks, Image, Image pack, Video, Video carousel, People also ask, Related searches"
10 commandments activities for kids,Informational,40,12,0.00,"AI Overview, Image pack, Video, Video carousel, Related searches"
1st birthday activities for kids,Informational,40,21,0.00,"Sitelinks, Image, Video, Video carousel, People also ask, Local pack, Related searches"
active games for 5 year olds,Informational,40,21,0.45,"Sitelinks, AI Overview, Video, Video carousel, People also ask, Related searches, Popular products"
active games for 7 year olds,Informational,40,18,0.39,"Sitelinks, AI Overview, Image, Image pack, Video, Video carousel, People also ask, Related searches"
active gifts for 10 year olds,Commercial,40,21,0.45,"Sitelinks, Image, Video, Video carousel, Discussions and forums, Related searches, Popular products"
active gifts for kids,Commercial,40,5,0.00,"Sitelinks, AI Overview, Video, Video carousel, Related searches, Popular products"
active listening skills for kids,,40,,0.00,
active toys for 5 year olds,"Informational, Commercial",40,11,0.36,"Sitelinks, AI Overview, Image, Video, Video carousel, Related searches, Popular products"
active toys for 6 year olds,"Informational, Commercial",40,15,0.38,"Sitelinks, AI Overview, Image, Video, Video carousel, Related searches, Popular products"
active toys for 7 year olds,Commercial,40,16,0.30,"Sitelinks, AI Overview, Image, Video, Discussions and forums, Related searches, Popular products"
active toys for 8 year olds,Commercial,40,9,0.37,"Sitelinks, AI Overview, Video, Video carousel, Related searches, Popular products"
active walker for kids,Commercial,40,16,0.00,"Sitelinks, Video, Video carousel, People also ask, Related searches, Popular products"
activities for 0 1 month old,,40,,0.00,
activities for 0 5 year olds,,40,,0.00,
activities for 10 11 year olds,Commercial,40,22,0.00,"Sitelinks, Video, People also ask, Related searches"
activities for 14 month olds,,40,,0.39,
activities for 15 year olds,Informational,40,13,1.34,"Sitelinks, AI Overview, Video, People also ask, Related searches"
activities for 17 month olds,Informational,40,14,0.30,"Featured snippet, Sitelinks, Video, Video carousel, People also ask, Related searches, Ads bottom"
activities for 2 4 year olds,Informational,40,19,0.31,"Sitelinks, AI Overview, Video, People also ask, Related searches"
activities for 2 year olds birthday,,40,,0.75,
activities for 2 year olds in house,Informational,40,22,0.20,"Sitelinks, AI Overview, Video, Video carousel, Short videos, People also ask, Discussions and forums, Related searches"
activities for 2.5 3 year olds,Informational,40,9,0.00,"Sitelinks, Video, Video carousel, People also ask, Discussions and forums, Related searches"
activities for 3 4 month old,Informational,40,14,0.52,"Sitelinks, AI Overview, Video, Video carousel, Short videos, People also ask, Related searches"
activities for 3 month old baby,,40,,0.00,
activities for 3 year olds at daycare,Informational,40,4,0.69,"Sitelinks, AI Overview, Video, Video carousel, People also ask, Related searches"
activities for 3 year olds outside,Informational,40,11,0.27,"Sitelinks, Video, Video carousel, People also ask, Related searches"
activities for 3-4 year olds,,40,,0.53,
activities for 3-5 year olds,Informational,40,7,0.62,"Sitelinks, AI Overview, Video, Video carousel, People also ask, Discussions and forums, Related searches"
activities for 5 6 month old,Informational,40,10,0.29,"Sitelinks, AI Overview, Video, Video carousel, Short videos, People also ask, Discussions and forums, Related searches"
activities for 5 month old baby,,40,,0.00,
activities for 5 year old girls,,40,,0.00,
activities for 6 year old birthday party,,40,,0.00,
activities for 6 year old boys,Informational,40,18,0.00,"Sitelinks, Image pack, Video, Video carousel, People also ask, Related searches"
activities for 7 year old girls,Informational,40,24,0.00,"Sitelinks, AI Overview, Reviews, Image pack, Video, People also ask, Related searches"
activities for 7 year olds near me,Transactional,40,19,0.69,"Video, People also ask, Local pack, Related searches"
activities for 8 year old girls,Informational,40,18,0.00,"Sitelinks, Image pack, Video, People also ask, Related searches"
activities for 8 year olds near me,Transactional,40,28,1.05,"AI Overview, Video, People also ask, Local pack, Related searches"
activities for 9 year olds near me,Transactional,40,39,0.98,"Video, People also ask, Local pack, Related searches"
activities for a 13 month old,Informational,40,13,0.33,"Sitelinks, AI Overview, Reviews, Video, Video carousel, Short videos, People also ask, Related searches"
activities for a 14 month old,Informational,40,4,0.29,"Sitelinks, AI Overview, Video, People also ask, Related searches, Ads bottom, Ads middle"
activities for a 15 month old,Informational,40,11,0.30,"Sitelinks, AI Overview, Video, People also ask, Related searches"
activities for a 2 month old,,40,,0.50,
activities for a 6 month old,Informational,40,17,0.44,"Sitelinks, Video, Video carousel, People also ask, Related searches, Ads middle"
activities for kids albuquerque,Informational,40,12,0.00,"Sitelinks, Reviews, Video, Related searches"
activities for kids birthday party at home,,40,,0.00,
activities for kids cleveland,Informational,40,10,0.00,"Sitelinks, AI Overview, Reviews, Video, Short videos, Discussions and forums, Related searches"
activities for kids denver,,40,,0.00,
activities for kids greenville sc,Commercial,40,14,0.00,"Sitelinks, Video, Short videos, Related searches"
activities for kids in dc,Commercial,40,25,0.00,"Sitelinks, Video, Video carousel, People also ask, Local pack, Related searches"
activities for kids in philadelphia,Informational,40,18,0.00,"AI Overview, Reviews, Video, Video carousel, Discussions and forums, Related searches"
activities for kids in pittsburgh,Informational,40,45,0.00,"Sitelinks, AI Overview, Image, Video, Discussions and forums, Related searches"
activities for kids in san francisco,"Informational, Commercial",40,11,0.00,"Sitelinks, AI Overview, Video, Related searches"
activities for kids in st louis,Informational,40,3,0.00,"Sitelinks, AI Overview, Video, Video carousel, Discussions and forums, Related searches"
activities for kids lancaster pa,Informational,40,37,0.00,"Sitelinks, Image, Video, People also ask, Related searches"
activities for kids maui,,40,,0.00,
activities for kids memphis,Informational,40,28,0.00,"Sitelinks, AI Overview, Image, Video, Short videos, People also ask, Related searches"
activities for kids milwaukee,Informational,40,12,0.00,"Sitelinks, Reviews, Video, People also ask, Related searches"
activities for kids on the spectrum,Commercial,40,24,0.00,"Sitelinks, AI Overview, Image, Video, People also ask, Local pack, Related searches"
activities for kids san jose,Informational,40,29,0.00,"Sitelinks, Video, Video carousel, Short videos, People also ask, Related searches"
activities for kids to do at home,Informational,40,23,0.00,"Sitelinks, AI Overview, Image pack, Video, Video carousel, People also ask, Related searches"
activities for old people in nursing homes,,40,,1.29,
activities for six month old,Informational,40,14,0.32,"Sitelinks, AI Overview, Video, Video carousel, Short videos, People also ask, Related searches"
activities in atlanta for kids,Informational,40,18,0.00,"Reviews, Video, Short videos, People also ask, Related searches"
activities in dallas for kids,Informational,40,28,0.00,"Sitelinks, Image, Video, Short videos, People also ask, Local pack, Related searches"
activities in myrtle beach for kids,Informational,40,13,0.00,"Sitelinks, Image, Video, Short videos, People also ask, Related searches"
activity book for 1 year old,,40,,0.00,
activity book for 3 year old,Commercial,40,3,0.00,"Sitelinks, Image, Image pack, Video, Related searches, Popular products"
activity books for kids ages 4-8,,40,,0.00,
activity chair for 6 month old,Commercial,40,21,0.37,"Sitelinks, Image, Image pack, Video, People also ask, Discussions and forums, Related searches, Popular products"
activity desk for kids,Informational,40,26,0.00,"Sitelinks, Image, Image pack, Video, Video carousel, People also ask, Related searches, Popular products"
activity for 18 month old,Informational,40,3,0.21,"Sitelinks, AI Overview, Video, Video carousel, People also ask, Related searches"
activity for 2 year old,,40,,0.00,
activity gifts for 2 year olds,Commercial,40,19,0.31,"Sitelinks, Image, Video, People also ask, Related searches, Popular products"
activity gifts for 5 year olds,Commercial,40,15,0.29,"Sitelinks, AI Overview, Image, Image pack, Video, Video carousel, Discussions and forums, Related searches, Popular products"
activity gifts for 8 year olds,Commercial,40,2,0.33,"Sitelinks, AI Overview, Video, Video carousel, Discussions and forums, Related searches, Popular products"
activity page for kids,,40,,0.00,
activity pages for 4 year olds,Informational,40,35,0.73,"Sitelinks, Image, Image pack, Video, Related searches"
activity pages for 5 year olds,Informational,40,33,0.92,"Sitelinks, Reviews, Image, Image pack, Video, Related searches, Popular products"
activity pages for 7 year olds,Informational,40,25,0.84,"Sitelinks, Image, Image pack, Video, Related searches"
activity pages for 8 year olds,Informational,40,20,1.12,"Sitelinks, Reviews, Image, Image pack, Video, Related searches"
activity printables for 3 year olds,,40,,1.01,
activity sheets for 2 year olds pdf,,40,,0.00,
activity sheets for 8 year olds,Informational,40,36,1.12,"Sitelinks, Reviews, Image, Image pack, Video, Related searches, Ads bottom, Ads middle"
activity sheets for 9 year olds,Informational,40,30,0.87,"Sitelinks, Image, Image pack, Video, Related searches"
activity sheets for kids printable,,40,,0.00,
activity subscription boxes for kids,Commercial,40,7,0.00,"Sitelinks, Reviews, Image, Video, Related searches, Popular products"
activity toys for 1 year old,"Informational, Commercial",40,17,0.00,"Sitelinks, AI Overview, Video, Video carousel, Related searches, Popular products"
activity toys for 18 month old,Commercial,40,5,0.37,"Sitelinks, Image, Video, Video carousel, Short videos, People also ask, Discussions and forums, Related searches, Popular products"
activity toys for 6 year olds,Commercial,40,22,0.39,"Sitelinks, AI Overview, Image, Video, Related searches, Popular products"
activity worksheets for 7 year olds,Informational,40,40,0.84,"Sitelinks, Image, Image pack, Video, Related searches, Ads top, Ads bottom"
activity worksheets for 8 year olds,Informational,40,47,1.12,"Sitelinks, Reviews, Image, Image pack, Video, Related searches"
afterschool activities for 4 year olds,Informational,40,19,1.99,"Sitelinks, AI Overview, Video, Video carousel, People also ask, Related searches, Ads middle"
age appropriate activities for 3 year olds,Informational,40,12,0.57,"Sitelinks, AI Overview, Video, Video carousel, Short videos, People also ask, Related searches, Ads bottom, Ads middle"
all about me activities for 1 2 year olds,Informational,40,14,1.38,"Sitelinks, AI Overview, Image, Video, People also ask, Discussions and forums, Related searches"
all about me activities for 1 year olds,Informational,40,16,0.00,"Sitelinks, AI Overview, Image, Image pack, Video, Video carousel, People also ask, Related searches, Popular products"
all about me activities for 2 3 year olds,,40,,0.00,
american dream mall activities for kids,,40,,0.00,
ancient egypt activities for kids,Informational,40,0,0.00,"AI Overview, Video, Video carousel, Related searches"
april stem activities for kids,,40,,0.00,
arbor day activities for kids,Informational,40,16,0.00,"Sitelinks, AI Overview, Image, Image pack, Video, Video carousel, Related searches"
archaeology activities for kids,"Informational, Commercial",40,15,0.00,"Sitelinks, AI Overview, Video, Video carousel, Related searches"
architecture activities for kids,Informational,40,7,0.00,"AI Overview, Image pack, Video, Related searches"
art activities for 12 18 month olds,Informational,40,13,0.00,"Sitelinks, AI Overview, Image, Video, Video carousel, Related searches"
art activities for 13 year olds,"Informational, Commercial",40,23,0.38,"Sitelinks, AI Overview, Image, Image pack, Video, Video carousel, People also ask, Discussions and forums, Related searches"
art activities for 4 5 year olds,Informational,40,17,0.42,"Sitelinks, AI Overview, Image, Video, Video carousel, Related searches"
art activities for 4 year olds,Informational,40,18,0.42,"Sitelinks, AI Overview, Image, Video, Video carousel, People also ask, Related searches"
art activities for four year olds,Informational,40,23,0.45,"Sitelinks, AI Overview, Image, Video, Video carousel, Related searches"
art and craft activities for 2 3 year olds,Informational,40,28,0.33,"Sitelinks, Image, Image pack, Video, Video carousel, People also ask, Discussions and forums, Related searches, Ads bottom, Ads middle"
astronomy activities for kids,Informational,40,40,0.00,"Featured snippet, Reviews, Video, Related searches"
at home summer activities for kids,Informational,40,2,0.00,"Sitelinks, AI Overview, Image, Video, Video carousel, People also ask, Related searches"
baking activities for kids,Informational,40,22,0.00,"AI Overview, Image, Image pack, Video, Video carousel, People also ask, Recipes, Discussions and forums, Related searches"
basketball activities for kids,Informational,40,9,0.00,"Sitelinks, AI Overview, Image, Image pack, Video, Video carousel, Related searches"
best accessories for active kids,Commercial,40,1,0.00,"Sitelinks, Video, Video carousel, People also ask, Related searches, Popular products"
best active toys for 3 year olds,Commercial,40,20,0.31,"Sitelinks, AI Overview, Video, Video carousel, People also ask, Discussions and forums, Related searches, Popular products"
best active toys for 4 year olds,Commercial,40,8,0.30,"Sitelinks, AI Overview, Video, Video carousel, Discussions and forums, Related searches, Popular products"
best activity books for 5 year olds,Commercial,40,15,0.57,"Sitelinks, AI Overview, Video, Discussions and forums, Related searches, Popular products"
best activity toys for 3 year olds,Commercial,40,13,0.31,"Sitelinks, Video, People also ask, Related searches, Popular products"
best activity tracker for kids,Commercial,40,33,0.00,"Sitelinks, AI Overview, Video, Video carousel, Discussions and forums, Related searches"
best camera for pov shots during outdoor activities with kids,,40,,0.00,
best durable action camera for active kids,Commercial,40,21,0.00,"Sitelinks, Video, Video carousel, People also ask, Discussions and forums, Related searches, Popular products"
best extra curricular activities for kids,Commercial,40,20,0.00,"Sitelinks, AI Overview, Video, Short videos, People also ask, Discussions and forums, Related searches"
best gifts for active 2 year olds,Commercial,40,10,0.45,"Sitelinks, Video, Video carousel, Discussions and forums, Related searches, Popular products"
best indoor mini tramp for kids for active play,Commercial,40,10,0.00,"Sitelinks, Reviews, Video, Video carousel, People also ask, Discussions and forums, Related searches, Popular products"
best outdoor activities in gippsland for active families with kids,"Informational, Commercial",40,10,0.00,"Sitelinks, AI Overview, Reviews, Video, People also ask, Related searches"
best parks for kids creative activities usa,Commercial,40,12,0.00,"Video, Video carousel, Local pack, Related searches"
best toys for active 2 year old,,40,,0.00,
best travel activities for kids,Commercial,40,7,0.00,"Sitelinks, AI Overview, Video, Video carousel, Short videos, Discussions and forums, Related searches"
bible activity book for kids,,40,,0.00,
bible activity for kids,Informational,40,32,0.00,"Sitelinks, AI Overview, Image pack, Video, Video carousel, Related searches"
bible study activities for kids,Informational,40,29,0.00,"Sitelinks, Video, Video carousel, Related searches"
birthday party activities for 5-year olds,Informational,40,9,0.37,"Sitelinks, AI Overview, Video, Short videos, People also ask, Related searches"
black history month activities for kids printable,,40,,0.00,
body awareness activities for kids,,40,,0.00,
book activities for kids,Informational,40,13,0.00,"Sitelinks, AI Overview, Video, Video carousel, Related searches"
boundary activities for kids,Informational,40,20,0.00,"Sitelinks, AI Overview, Image, Video, Video carousel, Related searches"
brain activities for 7 month old,Informational,40,23,0.59,"AI Overview, Image pack, Video, Video carousel, Short videos, People also ask, Discussions and forums, Related searches"
brain activity for kids,Informational,40,41,0.00,"AI Overview, Image, Image pack, Video, Video carousel, Short videos, People also ask, Related searches"
brain development activities for 3 year olds,Informational,40,16,0.71,"AI Overview, Video, Video carousel, Short videos, People also ask, Discussions and forums, Related searches"
branson mo activities for kids,Informational,40,9,0.00,"Sitelinks, Video, Short videos, People also ask, Related searches"
breathing activities for kids,Informational,40,35,0.00,"AI Overview, Video, Video carousel, Short videos, Related searches"
bullying activity for kids,,40,,0.00,
calm down activities for kids,Informational,40,22,0.00,"Sitelinks, AI Overview, Video, Video carousel, People also ask, Discussions and forums, Related searches"
cape cod activities for kids,,40,,0.00,
cape may activities for kids,Informational,40,11,0.00,"Sitelinks, AI Overview, Image, Video, People also ask, Related searches"
car activities for 5 year olds,Informational,40,6,0.28,"Sitelinks, AI Overview, Video, Discussions and forums, Related searches"
car activities for 7 year olds,Informational,40,7,0.30,"Sitelinks, AI Overview, Video, Video carousel, People also ask, Related searches"
carlo acutis activities for kids,Informational,40,3,0.00,"Sitelinks, AI Overview, Image, Image pack, Video, Video carousel, People also ask, Related searches"
catalina island activities for kids,,40,,0.00,
catholic advent activities for kids,"Informational, Commercial",40,24,0.00,"Sitelinks, Image pack, Video, Video carousel, Related searches"
character building activities for kids,Informational,40,16,0.00,"AI Overview, Video, Video carousel, Short videos, People also ask, Related searches"
character development activities for kids,,40,,0.00,
cheap activities for kids near me,,40,,0.00,
cheap indoor activities for kids,,40,,0.00,
christian christmas activities for kids,Informational,40,7,0.00,"Sitelinks, Image, Video, Video carousel, Related searches"
christmas activities at home for kids,Informational,40,35,0.00,"Sitelinks, AI Overview, Image, Image pack, Video, Video carousel, People also ask, Related searches"
christmas activities for 1 year olds,Informational,40,2,0.00,"Sitelinks, Image, Image pack, Video, Video carousel, Short videos, People also ask, Related searches"
christmas activities for 4 year olds,Informational,40,17,0.00,"Featured snippet, Sitelinks, Image, Image pack, Video, Video carousel, Related searches"
christmas activities for four year olds,Informational,40,25,0.00,"Featured snippet, Sitelinks, Image, Video, Video carousel, Short videos, Related searches"
christmas activities for kids nyc,Informational,40,12,0.00,"Sitelinks, AI Overview, Video, Discussions and forums, Related searches"
christmas activity ideas for kids,Informational,40,25,0.00,"Sitelinks, AI Overview, Image, Image pack, Video, Short videos, Related searches"
christmas activity pages for kids,Informational,40,17,0.00,"Sitelinks, Reviews, Image, Image pack, Video, Related searches, Popular products"
circle time activities for 5 year olds,Informational,40,9,0.00,"AI Overview, Video, Video carousel, People also ask, Discussions and forums, Related searches"
clearwater beach activities for kids,,40,,0.00,
climbing activities for kids,,40,,0.00,
cognitive activities for 3 year olds,Informational,40,26,0.00,"AI Overview, Video, People also ask, Related searches"
cognitive development activities for 6-12 year olds,Informational,40,9,0.61,"Sitelinks, AI Overview, Image pack, Video, People also ask, Related searches"
color activities for 2 year olds,Informational,40,9,0.53,"Sitelinks, AI Overview, Image, Image pack, Video, Video carousel, People also ask, Related searches"
coloring activities for 2 year olds,Informational,40,20,0.53,"Sitelinks, Reviews, Image, Image pack, Video, People also ask, Related searches"
constitution day activities for kids,Informational,40,29,0.00,"AI Overview, Video, Video carousel, People also ask, Discussions and forums, Related searches"
cooperation activities for kids,Informational,40,26,0.00,"Sitelinks, AI Overview, Image, Video, Video carousel, People also ask, Related searches"
craft activities for 13 year olds,Informational,40,16,0.34,"Sitelinks, Reviews, Image, Image pack, Video, Video carousel, People also ask, Discussions and forums, Related searches"
craft activities for 3-4 year olds,,40,,0.62,
craft activities for 4 year olds,Informational,40,25,0.45,"Sitelinks, AI Overview, Image, Image pack, Video, Video carousel, People also ask, Discussions and forums, Related searches"
culture activities for kids,Informational,40,13,0.00,"Sitelinks, AI Overview, Image, Image pack, Video, People also ask, Related searches"
cut and paste activities for kids,Informational,40,10,0.00,"Sitelinks, Image, Image pack, Video, Video carousel, Discussions and forums, Related searches"
daily activities for 2 year old,,40,,0.00,
daily activities for 3 year olds,Informational,40,11,0.37,"Sitelinks, AI Overview, Video, Video carousel, People also ask, Related searches"
day care activities for 2 year olds,Informational,40,9,0.71,"Sitelinks, AI Overview, Video, Video carousel, People also ask, Related searches"
daytona beach activities for kids,,40,,0.00,
denver activities for kids,Informational,40,31,0.00,"Sitelinks, Image, Image pack, Video, People also ask, Related searches"
detroit activities for kids,Commercial,40,22,0.00,"Sitelinks, Video, Short videos, People also ask, Related searches"
developmental activities for 6 month old,Informational,40,19,0.59,"Featured snippet, Sitelinks, Video, Video carousel, People also ask, Related searches"
disney springs activities for kids,,40,,0.00,
earth day 2025 activities for kids,Informational,40,29,0.00,"Sitelinks, AI Overview, Image, Image pack, Video, People also ask, Related searches"
earth day activities for 3 year olds,Informational,40,3,2.33,"Sitelinks, AI Overview, Image, Image pack, Video, People also ask, Related searches"
easter 2026 activities for kids,,40,,0.00,
easter activities for 1 year olds,,40,,0.45,
easter activities for 3 year olds,Informational,40,20,0.00,"Sitelinks, AI Overview, Image, Video, Video carousel, People also ask, Discussions and forums, Related searches"
educational activities for 5 year olds pdf,Informational,40,20,1.21,"AI Overview, Video, People also ask, Related searches"
emergent reading activities for 3 5 year olds,Informational,40,7,0.00,"Sitelinks, AI Overview, Video, Video carousel, People also ask, Related searches"
emotional intelligence activities for kids,Informational,40,14,0.00,"Sitelinks, AI Overview, Image, Image pack, Video, Related searches"
emotions activity for kids,,40,,0.00,
engaging activities for kids,,40,,0.00,
engaging activities for kids at the dentist,,40,,0.00,
event activities for kids,,40,,0.00,
executive function activities for 7 to 12 year-olds,,40,,1.04,
faith activities for kids,,40,,0.00,
fall activity sheets for kids,Informational,40,16,0.00,"Image, Image pack, Video, Related searches"
family tree activity for kids,Informational,40,23,0.00,"Sitelinks, Image, Image pack, Video, People also ask, Related searches"
family-friendly hotels tampa activities for kids,"Informational, Transactional",40,9,0.00,"Sitelinks, AI Overview, Image, Video, Hotels pack, Related searches"
family-friendly neighborhoods in savannah with parks and activities for kids,Informational,40,8,0.00,"Sitelinks, AI Overview, Video, Video carousel, People also ask, Discussions and forums, Related searches"
february activities for kids,Informational,40,3,0.00,"Sitelinks, AI Overview, Image, Image pack, Video, Video carousel, People also ask, Related searches"
fine motor activities for 1-2 year olds,,40,,0.46,
fine motor skill activities for 4 year olds,Informational,40,17,0.53,"Sitelinks, AI Overview, Video, People also ask, Related searches"
fine motor skills activities for 6 7 year olds,Informational,40,20,0.00,"Sitelinks, Reviews, Video, Video carousel, People also ask, Related searches"
first birthday activities for kids,Informational,40,19,0.00,"Sitelinks, AI Overview, Image, Video, Video carousel, People also ask, Related searches"
flagstaff activities for kids,Informational,40,10,0.00,"Image, Video, Related searches"
florence activities for kids,Informational,40,7,0.00,"Sitelinks, AI Overview, Image, Video, Video carousel, Discussions and forums, Related searches"
following directions activities for kids,Informational,40,7,0.00,"AI Overview, Video, Video carousel, Related searches"
football activities for kids,Informational,40,12,0.00,"Sitelinks, AI Overview, Image pack, Video, Video carousel, Related searches"
forensic science activities for kids,Informational,40,5,0.00,"Sitelinks, AI Overview, Image pack, Video"
fort myers activities for kids,Commercial,40,21,0.00,"Sitelinks, Video, Related searches"
free activities for kids charlotte nc,Informational,40,7,0.00,"Sitelinks, AI Overview, Reviews, Video, Short videos, Local pack, Discussions and forums, Related searches, See results about"
free activities for kids in hampton,"Informational, Commercial",40,9,0.00,"Sitelinks, AI Overview, Video, People also ask, Local pack, Discussions and forums, Related searches"
free activities for kids kansas city,,40,,0.00,
free activity sheets for kids printable,,40,,0.00,
free earth day activities for kids,,40,,0.00,
free educational activities for 1 year olds,Informational,40,36,0.90,"Sitelinks, AI Overview, Reviews, Video, Video carousel, Short videos, People also ask, Discussions and forums, Related searches"
free educational activities for 5 year olds,Informational,40,29,0.77,"Sitelinks, AI Overview, Video, Video carousel, Related searches"
free learning activities for 4 5 year olds,,40,,0.00,
free online activities for kids,,40,,0.00,
free printable bible activity sheets for kids,Informational,40,27,0.00,"Sitelinks, Image, Image pack, Video, Related searches"
free resurrection activities for kids,,40,,0.00,
free summer activities for kids 2025,Informational,40,1,0.00,"Sitelinks, AI Overview, Video, Related searches"
frustration tolerance activities for kids,,40,,0.00,
fun activities for 3 6 year olds,Informational,40,19,0.40,"AI Overview, Video, Video carousel, People also ask, Related searches"
fun activities for 4 year olds at home,Informational,40,19,0.44,"Sitelinks, AI Overview, Video, Video carousel, People also ask, Discussions and forums, Related searches"
fun activities for 6 month old,Informational,40,14,0.32,"Sitelinks, AI Overview, Video, Video carousel, Short videos, People also ask, Discussions and forums, Related searches"
fun activities for 6 year olds near me,Transactional,40,25,0.89,"Video, People also ask, Local pack, Related searches"
fun activities for 8 year olds near me,Transactional,40,33,1.09,"AI Overview, Reviews, Video, People also ask, Local pack, Related searches"
fun activities for kids akron,Informational,40,9,0.00,"Sitelinks, AI Overview, Video, Related searches"
fun activities for kids chicago,Informational,40,26,0.00,"Sitelinks, AI Overview, Video, People also ask, Discussions and forums, Related searches"
fun activities for kids cleveland,,40,,0.00,
fun activities for kids dallas,,40,,0.00,
fun activities for kids in los angeles,,40,,0.00,
fun activities for kids in orlando,Informational,40,19,0.00,"Sitelinks, Image, Video, Short videos, People also ask, Related searches"
fun activities for kids las vegas,,40,,0.00,
fun activities for six year olds,Informational,40,28,0.46,"Sitelinks, Video, Video carousel, People also ask, Related searches"
fun activity worksheets for kids,Informational,40,38,0.00,"Sitelinks, Image, Image pack, Video, Related searches"
fun gym activities for kids,Informational,40,17,0.00,"Sitelinks, AI Overview, Image, Video, Video carousel, Related searches"
fun indoor activities for 2 year olds,,40,,0.39,
fun learning activities for 2 3 year olds,"Informational, Commercial",40,28,0.00,"Sitelinks, Video, Video carousel, People also ask, Related searches"
fun learning activities for 3 year olds,Informational,40,18,0.66,"Sitelinks, AI Overview, Video, Video carousel, People also ask, Discussions and forums, Related searches"
fun nutrition activities for kids,,40,,0.00,
fun snow day activities for kids,,40,,0.00,
fun summer camp activities for kids,Informational,40,7,0.00,"Sitelinks, AI Overview, Video, Video carousel, Discussions and forums, Related searches"
fun therapy activities for kids,Informational,40,9,0.00,"Sitelinks, AI Overview, Video, Related searches"
galveston activities for kids,Commercial,40,14,0.00,"Sitelinks, AI Overview, Image, Video, Video carousel, Short videos, People also ask, Related searches"
geography activities for kids,,40,,0.00,
gifts for active 4 year olds,Commercial,40,13,0.46,"Sitelinks, Image, Video, Video carousel, Related searches, Popular products"
gifts for active 5 year olds,Commercial,40,14,0.25,"Sitelinks, AI Overview, Video, Video carousel, Discussions and forums, Related searches, Popular products"
grief activity for kids,Informational,40,18,0.00,"Image pack, Video, Related searches"
halloween activities for 1 year olds,Informational,40,17,0.00,"Sitelinks, Image, Image pack, Video, People also ask, Discussions and forums, Related searches, Popular products"
halloween activities for kids printable,Informational,40,20,0.00,"Sitelinks, Image, Image pack, Video"
halloween art activities for kids,Informational,40,11,0.00,"Sitelinks, Image, Image pack, Video, Video carousel, Short videos, Related searches"
halloween therapy activities for kids,Informational,40,2,0.00,"Sitelinks, Image, Image pack, Video, Related searches"
hawaiian activities for kids,Informational,40,13,0.00,"Sitelinks, AI Overview, Image pack, Video, Video carousel, Related searches"
healthy eating activities for kids,Informational,40,37,0.00,"Sitelinks, AI Overview, Video, Video carousel, Related searches"
heart activities for kids,Informational,40,8,0.00,"Sitelinks, Image, Image pack, Video, Video carousel, Related searches"
heart activity for kids,,40,,0.00,
hispanic heritage activities for kids,Informational,40,25,0.00,"Sitelinks, AI Overview, Image, Image pack, Video, Video carousel, Short videos, Related searches"
home activities for 3 year olds,Informational,40,6,0.39,"Sitelinks, AI Overview, Video, Video carousel, People also ask, Related searches"
homeschool activities for 12 year olds,Informational,40,0,2.47,"Sitelinks, AI Overview, Video, Video carousel, People also ask, Discussions and forums, Related searches"
how to make sneakers last longer for active kids,,40,,0.00,
imaginative play activities for 5 8 year olds,Informational,40,15,0.00,"Sitelinks, AI Overview, Video, People also ask, Discussions and forums, Related searches"
independent activities for 4 year olds,,40,,0.79,
indoor active toys for 4 year olds,"Informational, Commercial",40,14,0.32,"Sitelinks, AI Overview, Image, Video, Video carousel, People also ask, Discussions and forums, Related searches, Popular products"
indoor active toys for 6 year olds,Commercial,40,14,0.38,"Sitelinks, AI Overview, Image, Video, Video carousel, Related searches"
indoor activities dallas for kids,Commercial,40,30,0.00,"Sitelinks, Reviews, Video, Short videos, People also ask, Local pack, Related searches"
indoor activities for 1-2 year olds,Informational,40,8,0.16,"Sitelinks, AI Overview, Video, Video carousel, People also ask, Discussions and forums, Related searches"
indoor activities for 12 year olds near me,Transactional,40,20,0.86,"Sitelinks, Image, Video, People also ask, Local pack, Related searches"
indoor activities for 13 year old boy,,40,,0.00,
indoor activities for kids jacksonville fl,Commercial,40,32,0.00,"Sitelinks, Image, Video, People also ask, Local pack, Discussions and forums, Related searches"
indoor activities for kids myrtle beach,Commercial,40,17,0.00,"Sitelinks, Video, Local pack, Related searches"
indoor activities for kids nj,Commercial,40,15,0.00,"Reviews, Video, Video carousel, Short videos, People also ask, Local pack, Related searches"
indoor activities for kids phoenix,,40,,0.00,
indoor activity toys for 3 year olds,,40,,0.30,
indoor physical activities for 1-2 year olds,"Informational, Commercial",40,18,0.44,"Sitelinks, AI Overview, Video, Video carousel, People also ask, Discussions and forums, Related searches"
indoor physical activities for 2 3 year olds,Informational,40,13,0.38,"Sitelinks, AI Overview, Image, Video, Video carousel, Related searches"
insect activities for kids,Informational,40,2,0.00,"Sitelinks, AI Overview, Image, Video, Video carousel, Related searches"
is it best outdoor toys for active kids,Commercial,40,4,0.00,"Sitelinks, AI Overview, Video, Video carousel, People also ask, Discussions and forums, Related searches"
january stem activities for kids,Informational,40,12,0.00,"Sitelinks, AI Overview, Image, Video, Video carousel, Related searches"
july 4th activities for kids,Informational,40,13,0.00,"AI Overview, Image, Image pack, Video, Video carousel, People also ask, Related searches"
kid activities for birthday party,,40,,0.00,
language and literacy activities for 3-5 year olds,"Informational, Commercial",40,24,1.28,"Sitelinks, AI Overview, Video, Video carousel, People also ask, Related searches"
language and literacy activities for 4 5 year olds,"Informational, Commercial",40,27,1.79,"Sitelinks, AI Overview, Video carousel, People also ask"
language development activities for 3 5 year olds pdf,Informational,40,0,1.22,"AI Overview, Video, People also ask, Related searches"
language development activities for 3-5 year olds,Informational,40,13,0.00,"Sitelinks, AI Overview, Video, People also ask, Related searches"
language development activities for 3-5 year olds pdf,Informational,40,0,1.81,"AI Overview, Video, People also ask"
leading toddler clothes for active kids,Commercial,40,13,0.00,"Sitelinks, Video, People also ask, Related searches, Popular products"
learning activities for 4 5 year olds pdf,"Informational, Commercial",40,23,1.14,"Sitelinks, AI Overview, Image pack, Video, Related searches"
learning activities for 6 year olds,"Informational, Commercial",40,31,1.13,"Sitelinks, AI Overview, Video, Video carousel, People also ask, Related searches"
leavenworth activities for kids,Commercial,40,7,0.00,"Sitelinks, Video, People also ask, Local pack, Related searches"
leduc christmas activities for kids december 2024,Informational,40,3,0.00,"AI Overview, Reviews, Video, People also ask, Related searches"
leprechaun activities for kids,,40,,0.00,
letter a activities for 2 year olds,Informational,40,11,0.64,"Sitelinks, AI Overview, Image, Image pack, Video, Video carousel, People also ask, Ads middle"
letter activities for 2 year olds,Informational,40,0,0.64,"Sitelinks, AI Overview, Image, Image pack, Video, Video carousel, Short videos, Related searches"
letter c activities for 3 year olds,Informational,40,7,0.00,"Sitelinks, AI Overview, Image, Image pack, Video, Video carousel, Related searches"
literacy activities for kids,Informational,40,8,0.00,"AI Overview, Image, Image pack, Video, Related searches"
lowes activities for kids,Informational,40,29,0.00,"Sitelinks, AI Overview, Video, People also ask, Related searches, Popular products"
luau activities for kids,"Informational, Commercial",40,7,0.00,"Sitelinks, AI Overview, Reviews, Image, Video, Video carousel, Short videos, People also ask, Related searches, Popular products"
map activity for kids,,40,,0.00,
march madness activities for kids,,40,,0.00,
martin luther king day activities for kids,,40,,0.00,
may day activities for kids,Informational,40,3,0.00,"Image, Image pack, Video, Related searches"
mess free activities for 5 year olds,Informational,40,0,0.43,"Sitelinks, AI Overview, Image, Video, Video carousel, Discussions and forums, Related searches"
messy activities for kids,Informational,40,7,0.00,"Sitelinks, Image, Image pack, Video, Video carousel, Knowledge panel, Related searches"
moab activities for kids,Informational,40,5,0.00,"Sitelinks, AI Overview, Reviews, Image, Video, Related searches"
montessori activities for 15 month old,Commercial,40,0,0.41,"Sitelinks, AI Overview, Image pack, Video, People also ask, Related searches"
montessori activities for 5 year olds,Informational,40,0,0.96,"Sitelinks, AI Overview, Video, Video carousel, Related searches"
monthly activity boxes for kids,Commercial,40,15,0.00,"Sitelinks, Image, Image pack, Video, People also ask, Related searches, Popular products"
moon phases activity for kids,Informational,40,18,0.00,"AI Overview, Image, Image pack, Video, Video carousel, Related searches"
motion activated toys for kids,,40,,0.00,
movement activities for kids,,40,,0.00,
music activities for kids,Informational,40,17,0.00,"Sitelinks, AI Overview, Video, Video carousel, Related searches"
music and movement activities for 3 5 year olds,"Informational, Commercial",40,11,0.00,"Sitelinks, AI Overview, Video, Video carousel, People also ask, Discussions and forums, Related searches"
musical activities for 2 3 year olds,Informational,40,0,0.00,"Sitelinks, AI Overview, Video, Video carousel, People also ask, Related searches"
musical activities for 3 5 year olds,Informational,40,10,0.00,"Sitelinks, AI Overview, Video, Video carousel, People also ask, Discussions and forums, Related searches"
mystery activities for kids,Informational,40,6,0.00,"Sitelinks, AI Overview, Reviews, Image pack, Video, Video carousel, Related searches"
nashville indoor activities for kids,Commercial,40,20,0.00,"Sitelinks, Image, Video, Short videos, People also ask, Local pack, Related searches"
nature exploration activities for kids,,40,,0.00,
neurodiversity celebration week activities for kids,Informational,40,14,0.00,"AI Overview, Reviews, Video, Discussions and forums, Related searches, Ads bottom, Ads middle"
new year's day activities for kids,,40,,0.00,
oahu activities for kids,Informational,40,6,0.00,"Image, Video, People also ask, Related searches"
olympic activities for kids,Informational,40,16,0.00,"AI Overview, Video, Video carousel, Related searches"
organized activities for 3 year olds near me,Transactional,40,7,0.00,"Sitelinks, Video, People also ask, Local pack, Related searches"
orlando indoor activities for kids,,40,,0.00,
outdoor activities for 14 year olds,Commercial,40,15,0.00,"Sitelinks, Video, People also ask, Local pack, Discussions and forums, Related searches"
outdoor activities for 5 7 year olds,,40,,0.00,
outdoor activities for kids at home,,40,,0.00,
outdoor activities for kids no equipment,Informational,40,12,0.00,"Sitelinks, AI Overview, Video, People also ask, Discussions and forums, Related searches"
outdoor exploration activities for kids,,40,,0.00,
outdoor fall activities for kids,Informational,40,7,0.00,"AI Overview, Image, Video, Video carousel, People also ask, Related searches"
outdoor science activities for kids,Informational,40,15,0.00,"AI Overview, Video, Video carousel, Related searches"
outdoor winter activities for kids,Informational,40,2,0.00,"Sitelinks, Image, Image pack, Video, Video carousel, People also ask, Related searches"
outer banks activities for kids,"Informational, Transactional",40,6,0.00,"Sitelinks, Video, Related searches"
outside activities for 1 year old,Informational,40,1,0.00,"Sitelinks, Video, Video carousel, People also ask, Related searches"
painting activities for 5 year olds,Informational,40,9,0.57,"Sitelinks, AI Overview, Image, Image pack, Video, Video carousel, Short videos, Related searches"
park city activities for kids,Informational,40,18,0.00,"Sitelinks, Reviews, Video, Short videos, Related searches"
perseverance activities for kids,Informational,40,12,0.00,"AI Overview, Reviews, Video, Video carousel, People also ask, Related searches"
philadelphia activities for kids,Informational,40,20,0.00,"Reviews, Image pack, Video, Related searches"
physical activities for 2 year olds,,40,,0.91,
physical activity for old age,,40,,0.00,
pismo beach activities for kids,,40,,0.00,
plane activities for 2 year old,Informational,40,1,0.00,"Sitelinks, AI Overview, Video, Video carousel, People also ask, Related searches"
play activities for 2 month old,Informational,40,21,0.40,"Sitelinks, AI Overview, Video, Video carousel, People also ask, Related searches"
play activities for 6 month old,Informational,40,14,0.34,"Sitelinks, AI Overview, Video, Video carousel, Short videos, People also ask, Discussions and forums, Related searches"
play based learning activities for 4 year olds,Informational,40,19,0.00,"Sitelinks, Video, Video carousel, Related searches"
pokemon activities for kids,Informational,40,7,0.00,"Sitelinks, AI Overview, Image, Image pack, Video, Video carousel, Discussions and forums, Related searches"
pollinator activities for kids,Commercial,40,10,0.00,"Sitelinks, AI Overview, Image, Video, Video carousel, Related searches"
pom pom activities for 2 year olds,Informational,40,4,0.00,"Sitelinks, AI Overview, Video, Video carousel, Short videos, People also ask, Related searches"
pool activities for kids,,40,,0.00,
printable activities for 1 year olds,Informational,40,20,1.08,"Sitelinks, Image, Image pack, Video, Related searches"
printable activities for 10 year olds,Informational,40,14,1.14,"Sitelinks, Image, Image pack, Video, Related searches"
printable activities for 7 year olds pdf,Informational,40,17,1.42,"Image, Image pack, Related searches"
printable christmas activities for kids,Informational,40,13,0.00,"Sitelinks, Reviews, Image, Image pack, Video, Related searches"
problem solving activity for kids,,40,,0.00,
pt activities for kids,,40,,0.00,
puzzle activities for kids,Informational,40,31,0.00,"Sitelinks, AI Overview, Reviews, Image, Image pack, Video, Video carousel, Related searches"
quiet time activities for 3 year olds,Informational,40,11,0.50,"Sitelinks, AI Overview, Image, Video, People also ask, Discussions and forums, Related searches"
rainy day activities for one year olds,Informational,40,13,0.18,"Sitelinks, AI Overview, Video, Video carousel, People also ask, Related searches"
rapport building activities for kids therapy,,40,,0.00,
recreational activities for kids,,40,,0.00,
regulation activities for kids,Informational,40,17,0.00,"Sitelinks, AI Overview, Reviews, Image pack, Video, People also ask, Related searches"
relaxing activities for kids,Informational,40,35,0.00,"Sitelinks, AI Overview, Video, Video carousel, People also ask, Discussions and forums, Related searches"
sacramento activities for kids,Informational,40,24,0.00,"Sitelinks, AI Overview, Image, Video, Short videos, People also ask, Related searches"
san jose activities for kids,Commercial,40,19,0.00,"Sitelinks, Video, Short videos, Related searches"
screen free activities for 4 year olds,Informational,40,21,1.50,"Sitelinks, AI Overview, Video, Related searches"
self discovery activities for kids,,40,,0.00,
self reflection activities for kids,,40,,0.00,
sensory activities for 1 year old,Informational,40,24,0.00,"Sitelinks, AI Overview, Video, Video carousel, People also ask, Related searches"
sensory activity for 8 month old,,40,,0.13,
small group activities for 3 4 year olds,Informational,40,9,0.56,"Sitelinks, AI Overview, Video, Video carousel, Related searches"
snowman activity for kids,Informational,40,15,0.00,"Sitelinks, Reviews, Image, Image pack, Video, Video carousel, Short videos, Related searches, Popular products"
soccer activities for 6 year olds,Informational,40,18,1.15,"Sitelinks, AI Overview, Video, Video carousel, Short videos, People also ask, Related searches"
social activities for kids,,40,,0.00,
social development activities for 4 5 year olds,Informational,40,11,0.00,"Sitelinks, AI Overview, Video, Video carousel, People also ask, Discussions and forums, Related searches"
social distancing activities for kids,Informational,40,1,0.00,"AI Overview, Video, Video carousel, People also ask, Related searches"
speech activities for 2 3 year olds,Informational,40,16,0.00,"Sitelinks, AI Overview, Video, Video carousel, Discussions and forums, Related searches, Ads bottom"
speech pathology activities for 3 year olds,Informational,40,0,1.69,"Sitelinks, AI Overview, Video, Video carousel, Discussions and forums, Related searches, Ads bottom"
spelling activities for kids,Informational,40,5,0.00,"AI Overview, Image, Video, Video carousel, Related searches"
spring art activities for kids,Informational,40,10,0.00,"Sitelinks, AI Overview, Image, Image pack, Video, Related searches"
spring break activities for kids 2026,,40,,0.00,
spring break activities for kids san antonio,,40,,0.00,
st patrick's day stem activities for kids,,40,,0.00,
st. patrick's day activities for kids,Informational,40,7,0.00,"AI Overview, Video, Video carousel, Short videos, People also ask, Related searches"
summer activities for 1 year old,"Informational, Commercial",40,4,0.00,"AI Overview, Video, Video carousel, People also ask, Discussions and forums, Related searches"
summer activities for 12 year olds at home,Informational,40,9,0.00,"AI Overview, Image, Image pack, Video, Video carousel, People also ask, Discussions and forums, Related searches"
summer activities for 12-year olds at home,Informational,40,13,0.85,"AI Overview, Video, People also ask, Related searches"
summer activities for 14 year-olds,Informational,40,12,1.66,"Sitelinks, AI Overview, Image, Image pack, Video, People also ask, Related searches"
summer activities for 2 year olds near me,Transactional,40,14,1.68,"Reviews, Video, People also ask, Local pack, Related searches"
summer activities for 5 year olds near me,Transactional,40,7,1.27,"AI Overview, Video, People also ask, Local pack, Related searches"
summer activities for 6 year olds,Informational,40,18,1.28,"AI Overview, Image, Image pack, Video, People also ask, Related searches"
summer activities for 9 year olds,Informational,40,13,1.88,"Sitelinks, AI Overview, Image, Video, Video carousel, People also ask, Discussions and forums, Related searches"
summer camp for kids activity,,40,,0.00,
summer outdoor activities for kids,,40,,0.00,
summer solstice activities for kids,Informational,40,15,0.00,"Sitelinks, AI Overview, Image, Image pack, Video, People also ask, Related searches"
super hero activities for kids,Informational,40,11,0.00,"Sitelinks, AI Overview, Image, Image pack, Video, Video carousel, Discussions and forums, Related searches"
superbowl activities for kids,,40,,0.00,
team bonding activities for kids,Informational,40,16,0.00,"AI Overview, Reviews, Video, Video carousel, Short videos, People also ask, Discussions and forums, Related searches"
team work activities for kids,Informational,40,11,0.00,"Sitelinks, AI Overview, Video, Video carousel, People also ask, Related searches"
thanksgiving activities for 3 year olds,Informational,40,5,0.00,"Sitelinks, AI Overview, Image, Image pack, Video, People also ask"
thanksgiving activities for kids free printable,Informational,40,8,0.00,"Sitelinks, Image, Image pack, Video, Related searches"
therapy activities for kids with anxiety,Informational,40,13,0.00,"Sitelinks, AI Overview, Image, Video, Video carousel, Related searches"
toys and activities for 2 year olds,Commercial,40,22,0.39,"Sitelinks, Image, Video, Video carousel, People also ask, Discussions and forums, Related searches"
toys for active 3 year olds,Commercial,40,13,0.29,"Sitelinks, AI Overview, Image, Video, Related searches, Popular products"
toys for active 8 year olds,Commercial,40,9,0.24,"Sitelinks, Video, Related searches, Popular products"
transportation activities for 2 year olds,Informational,40,2,0.00,"Sitelinks, AI Overview, Image, Video, Video carousel, Related searches"
tummy time activities for 2 month old,Informational,40,10,0.18,"Sitelinks, AI Overview, Image pack, Video, Video carousel, Short videos, People also ask, Discussions and forums, Related searches"
under the sea activities for 2 year olds,Informational,40,7,0.00,"Sitelinks, AI Overview, Image, Video, Video carousel, Short videos, People also ask, Related searches, Ads bottom, Ads middle"
valentine's activities for kids,Informational,40,19,0.00,"Sitelinks, AI Overview, Image, Video, Short videos, People also ask, Related searches"
wake window activities for 4 month old,,40,,0.51,
water activities for 1 year olds,Informational,40,5,0.70,"Sitelinks, AI Overview, Image, Video, Video carousel, Short videos, Related searches"
water safety activities for kids,Informational,40,15,0.00,"Sitelinks, AI Overview, Image pack, Video, Related searches"
weather report activity for kids,,40,,0.00,
winter activities for 1 2 year olds,Informational,40,13,0.19,"Sitelinks, Image, Image pack, Video, People also ask, Related searches"
winter activities for 1 year olds,Informational,40,11,0.00,"Sitelinks, AI Overview, Image, Image pack, Video, Video carousel, Short videos, People also ask, Discussions and forums, Related searches"
winter activities for 3 year olds,Informational,40,9,0.47,"Sitelinks, Image, Image pack, Video, Video carousel, People also ask, Discussions and forums, Related searches"
winter activities for kids near me,Transactional,40,4,0.00,"Sitelinks, AI Overview, Reviews, Video, People also ask, Local pack, Related searches"
winter indoor activities for kids,Informational,40,29,0.00,"Featured snippet, Image, Image pack, Video, Short videos, People also ask, Local pack, Related searches"
worksheet activities for 2 year olds,,40,,0.96,
yom kippur activities for kids,Informational,40,10,0.00,"AI Overview, Video, Related searches"
12 days of christmas activities for kids,,30,,0.00,
3 month old activities for development,,30,,0.45,
5 de mayo activities for kids,,30,,0.00,
5 senses activities for 2 year olds,,30,,0.00,
activate for kids,,30,,0.00,
activate games for kids,,30,,0.00,
active chairs for kids,,30,,0.00,
active gifts for 5 year olds,,30,,0.48,
active gifts for 8 year olds,Commercial,30,15,0.54,"Sitelinks, AI Overview, Image, Video, Video carousel, People also ask, Related searches"
active play for 3 year olds,Commercial,30,18,0.55,"Sitelinks, Video, Video carousel, People also ask, Related searches, Popular products"
active toys for 10 year olds,,30,,0.26,
active toys for 9 year olds,,30,,0.35,
active toys for kids,,30,,0.00,
active video games for kids,,30,,0.00,
activities and crafts for 2 year olds,,30,,0.20,
activities for 1 1/2 year olds,,30,,0.41,
activities for 1 year old birthday,,30,,0.00,
activities for 10 13 year olds,,30,,0.00,
activities for 10 month olds,,30,,0.40,
activities for 12 month olds,,30,,0.34,
activities for 12 year olds near me,Transactional,30,22,1.26,"Sitelinks, Reviews, Video, People also ask, Local pack, Related searches"
activities for 13 year olds near me,Transactional,30,21,1.04,"Video, People also ask, Local pack, Related searches"
activities for 14 year old girl,,30,,0.00,
activities for 14 year olds,Informational,30,10,0.87,"Sitelinks, Reviews, Video, People also ask, Related searches"
activities for 15 year old boys,,30,,0.00,
activities for 18 month olds at home,,30,,0.22,
activities for 2 4 year olds near me,,30,,0.00,
activities for 2 year olds at daycare,,30,,0.45,
activities for 2 yr olds,,30,,0.51,
activities for 22 month old,,30,,0.41,
activities for 3 to 4 year olds,Informational,30,17,0.56,"Sitelinks, AI Overview, Video, Video carousel, Related searches"
activities for 3 to 5 year olds,,30,,0.45,
activities for 3 week old,,30,,0.52,
activities for 3 year olds in daycare,Informational,30,7,1.02,"Sitelinks, AI Overview, Video, People also ask, Related searches"
activities for 4 year old birthday party,,30,,0.00,
activities for 4yrs old,,30,,0.00,
activities for 5 year olds at home,,30,,0.39,
activities for 6 month old near me,,30,,2.01,
activities for 7 year olds indoors,Informational,30,19,0.55,"Sitelinks, AI Overview, Video, Video carousel, People also ask, Related searches"
activities for 7 yr olds,Informational,30,23,0.55,"Sitelinks, Video, People also ask, Related searches"
activities for 90 year olds,,30,,0.00,
activities for a 10 month old,,30,,0.40,
activities for a 12 month old,,30,,0.34,
activities for a one year old birthday party,,30,,0.00,
activities for birthday parties for 12 year olds,,30,,0.36,
activities for eight year olds,,30,,0.00,
activities for elementary kids,,30,,0.00,
activities for elementary school kids,,30,,0.00,
activities for emotional regulation for kids,,30,,0.00,
activities for kids at birthday party,,30,,0.00,
activities for kids bakersfield,,30,,0.00,
activities for kids columbus ohio,,30,,0.00,
activities for kids fort wayne,,30,,0.00,
activities for kids greensboro nc,,30,,0.00,
activities for kids in barcelona,,30,,0.00,
activities for kids in hampton roads,,30,,0.00,
activities for kids in indianapolis,,30,,0.00,
activities for kids in myrtle beach,,30,,0.00,
activities for kids in phoenix,,30,,0.00,
activities for kids las vegas,,30,,0.00,
activities for kids madison wi,,30,,0.00,
activities for kids new orleans,,30,,0.00,
activities for kids omaha,,30,,0.00,
activities for kids outside,,30,,0.00,
activities for kids sarasota,,30,,0.00,
activities for kids this weekend near me,,30,,0.00,
activities for kids today near me,,30,,0.00,
activities for kids under 10,,30,,0.00,
activities for kids virginia beach,,30,,0.00,
activities for kids while camping,,30,,0.00,
activities for kids with autism near me,,30,,0.00,
activities for kids with intellectual disability,,30,,0.00,
activities for kids with special needs,,30,,0.00,
activities for neurodivergent kids,,30,,0.00,
activities for severely mentally disabled kids,,30,,0.00,
activities for special needs kids,,30,,0.00,
activities for two month old,,30,,0.30,
activities in nyc for kids,,30,,0.00,
activity boxes for 2 year olds,Commercial,30,12,1.52,"Sitelinks, Image, Video, Video carousel, Related searches, Popular products"
activity center for 3 month old,,30,,0.68,
activity classes for 3 year olds near me,Transactional,30,3,2.26,"AI Overview, Video, People also ask, Local pack, Related searches"
activity cube for 1 year old,,30,,0.00,
activity for 15 month old,,30,,0.31,
activity for 3-4 year olds,,30,,0.53,
activity ideas for kids,,30,,0.00,
activity kits for 2 year olds,Commercial,30,12,1.22,"Sitelinks, Video, Discussions and forums, Related searches, Popular products"
activity packets for kids,,30,,0.00,
activity sets for 6 year olds,,30,,0.00,
activity table for 6 month old,,30,,0.40,
activity tracker for kids,,30,,0.00,
activity tray for kids,,30,,0.00,
adhd therapy activities for kids pdf,,30,,0.00,
advent activities for kids catholic,,30,,0.00,
adventure activities for kids,,30,,0.00,
after school activities for 5 year olds,,30,,0.00,
age appropriate activities for 4 year olds,,30,,0.00,
all about me activities for kids,,30,,0.00,
apple activities for kids,,30,,0.00,
art activities for 15 month old,,30,,0.24,
at home activities for 4 year olds,,30,,0.42,
autumn activities for 3 4 year olds,,30,,0.00,
babysitting activities for 12 year olds,,30,,0.00,
babysitting activities for 5 year olds,,30,,0.03,
bars with balanced nutrition for active kids,,30,,0.00,
beach activities for kids with sand and water,,30,,0.00,
best activities for energetic kids during winter school break,,30,,0.00,
best activity books for 3 year olds,,30,,0.70,
best activity center for 6 month old,Commercial,30,18,0.64,"Sitelinks, AI Overview, Video, Video carousel, Short videos, Discussions and forums, Related searches, Popular products"
best activity chair for 6 month old,,30,,0.43,
best activity cubes for 1 year olds,Commercial,30,9,0.53,"Sitelinks, AI Overview, Image, Video, Video carousel, Related searches"
best activity kits for 5 year olds,Commercial,30,16,0.66,"Sitelinks, Image, Video, Discussions and forums, Related searches"
best car activities for kids,,30,,0.00,
best extracurricular activities for 4 year olds,Commercial,30,3,5.14,"Sitelinks, AI Overview, Video, People also ask, Related searches"
best extracurricular activities for kids,,30,,0.00,
best gifts for active kids,,30,,0.00,
best indoor family activities for kids 2026 trends,,30,,0.00,
best toys for active 1 year old,,30,,0.00,
best toys for active kids,,30,,0.00,
bible activity pages for kids,,30,,0.00,
bible story activities for kids,,30,,0.00,
birthday activities for 1 year old,,30,,0.00,
birthday activities for 1 year olds,,30,,0.33,
birthday activities for 3 year olds,Informational,30,11,0.54,"Sitelinks, Image, Video, Video carousel, People also ask, Related searches"
birthday activity for kids,,30,,0.00,
birthday party activities for 12 year olds,,30,,0.36,
black history month for kids activities,,30,,0.00,
boat show activities for kids,,30,,0.00,
brain activation exercises for 4 year olds,,30,,1.11,
brain activation exercises for kids free,,30,,0.00,
brain activation exercises for kids with adhd,,30,,0.00,
brain activities for 18 month old,Informational,30,15,0.68,"Sitelinks, AI Overview, Image pack, Video, Video carousel, Short videos, People also ask, Discussions and forums, Related searches"
brain activity exercises for kids,,30,,0.00,
brain development activities for 10 month old,Informational,30,21,0.86,"AI Overview, Image pack, Video, Video carousel, Short videos, People also ask, Discussions and forums, Related searches"
brain development activities for 4 month old,,30,,0.68,
bubble activities for kids,,30,,0.00,
business skills activities for kids near me,,30,,0.00,
busy toddler activities for 2 year olds,,30,,0.00,
calming activities for 2 year olds,,30,,0.69,
campfire activities for kids,,30,,0.00,
camping activities for kids nh,,30,,0.00,
car trip activities for kids,,30,,0.00,
cardboard activities for kids,,30,,0.00,
career activities for kids,,30,,0.00,
charlotte nc activities for kids,,30,,0.00,
chattanooga activities for kids,,30,,0.00,
cheap outdoor activities for kids,,30,,0.00,
chelsea piers activities for kids,,30,,0.00,
chemistry activities for kids,,30,,0.00,
christmas activities for kids in school,,30,,0.00,
christmas activities near me for kids,,30,,0.00,
christmas activity for 3 year olds,,30,,0.00,
christmas around the world activities for kids,,30,,0.00,
christmas art activities for kids,,30,,0.00,
christmas break activities for kids,,30,,0.00,
christmas craft activities for 3 year olds,,30,,0.00,
christmas craft activities for kids,,30,,0.00,
christmas fun activities for kids,,30,,0.00,
christmas printable activities for kids,,30,,0.00,
christmas themed activities for kids,,30,,0.00,
christmas therapy activities for kids,,30,,0.00,
circle time activities for 3 - 4 year olds,,30,,0.75,
classroom activities for 2 year olds,,30,,0.62,
classroom activities for 3 year olds,Informational,30,0,0.69,"Sitelinks, AI Overview, Video, Video carousel, Related searches"
cloud activities for kids,,30,,0.00,
cognitive activities for 2 year olds,,30,,0.68,
cognitive activities for 5 year olds,,30,,0.00,
cognitive development activities for 5 year olds,,30,,0.00,
cold weather activities for kids,,30,,0.00,
colonial activities for kids,,30,,0.00,
colour activities for 2-3 year olds,,30,,0.00,
columbus activities for kids,,30,,0.00,
community activities for kids,,30,,0.00,
community building activities for kids,,30,,0.00,
community helper activities for 2 year olds,,30,,0.00,
compassion activities for kids,,30,,0.00,
confidence activities for kids,,30,,0.00,
conservation activities for kids,,30,,0.00,
corpus christi activities for kids,,30,,0.00,
costa rica activities for kids,,30,,0.00,
craft activities for 1 2 year olds,,30,,0.00,
craft activities for 3-5 year olds,,30,,0.20,
craft activity for kids,,30,,0.00,
crafts and activities for 2 year olds,,30,,0.20,
creative activities for 3 5 year olds pdf,,30,,0.00,
crime scene activities for kids,,30,,0.00,
cut out activity for kids,,30,,0.00,
cutting activities for 3 year olds,,30,,0.85,
cyber safety activities for kids,,30,,0.00,
daily activities for 2 year olds,Informational,30,28,1.00,"Sitelinks, AI Overview, Video, Video carousel, People also ask, Related searches"
daily activities for kids,,30,,0.00,
day camp activities for kids,,30,,0.00,
day care activities for 3 year olds,,30,,0.98,
daycare activities for 3 year olds,,30,,0.98,
dinosaur activities for 2 3 year olds,Commercial,30,10,0.59,"Sitelinks, Image pack, Video, Related searches"
dinosaur activities for 4 year olds,Informational,30,11,0.63,"Sitelinks, AI Overview, Image, Image pack, Video, Video carousel, Related searches"
diwali activity for kids,,30,,0.00,
door county activities for kids,,30,,0.00,
dr seuss activities for 2 year olds,,30,,0.00,
dragon activities for kids,,30,,0.00,
drawing activities for 4 5 year olds,,30,,0.00,
drawing activities for 5 year olds,Informational,30,16,0.56,"Sitelinks, Image, Image pack, Video, Video carousel, Related searches"
drawing activity for kids,,30,,0.00,
durable kids clothes brands for active children who play rough,,30,,0.00,
earth day activities for 2 year olds,,30,,0.38,
easter activities for kids near me 2026,,30,,0.00,
easter activity sheets for kids,,30,,0.00,
easy cooking activities for kids,,30,,0.00,
easy steam activities for kids,,30,,0.00,
easy summer activities for kids,,30,,0.00,
easy team building activities for kids,,30,,0.00,
educational activities for 11 year olds,Commercial,30,5,1.63,"Sitelinks, Video, People also ask, Related searches"
educational activities for 3 5 year olds,Informational,30,5,0.87,"Sitelinks, AI Overview, Video, Video carousel, People also ask, Discussions and forums, Related searches"
educational activities for 3 year olds at home,,30,,1.71,
educational activities for 4 year olds at home,Informational,30,10,0.64,"Sitelinks, AI Overview, Video, Video carousel, People also ask, Related searches"
educational activities for 4 year olds pdf,,30,,2.57,
educational activities for 6 year-olds at home,,30,,0.90,
educational activities for 7 year olds at home,,30,,0.99,
educational activities for 8 year olds,,30,,0.00,
educational activities for kids english class,,30,,0.00,
egg drop activity for kids,,30,,0.00,
eid activities for kids,,30,,0.00,
empathy activities for kids pdf,,30,,0.00,
empathy activity for kids,,30,,0.00,
empathy building activities for kids,,30,,0.00,
end of summer activities for kids,,30,,0.00,
end of the year activities for kids,,30,,0.00,
engaging group activities for kids and adults together,,30,,0.00,
epiphany activities for kids,,30,,0.00,
esther activity for kids,,30,,0.00,
executive function activities for 7 to 12 year olds,Informational,30,12,1.04,"AI Overview, Video, Related searches"
executive function activities for 7 to 12 year olds pdf,Informational,30,3,29.34,"AI Overview, Video, Related searches"
extra curricular activities for 3 year olds,Informational,30,12,2.84,"Sitelinks, AI Overview, Video, Short videos, People also ask, Related searches"
fall art activities for kids,,30,,0.00,
fall garden activities for kids,,30,,0.00,
feelings activity for kids,,30,,0.00,
fine motor activities for 6 year olds,Informational,30,19,1.06,"Sitelinks, AI Overview, Reviews, Video, Video carousel, Short videos, People also ask, Related searches"
fine motor skills activities for 2-3 year olds,,30,,0.00,
fine motor skills activities for 3-4 year olds pdf,Informational,30,0,0.79,"Sitelinks, AI Overview, Reviews, Video, Video carousel, Related searches"
fine motor skills activities for 4-5 year olds,Informational,30,11,0.92,"Sitelinks, AI Overview, Video, Video carousel, Short videos, People also ask, Discussions and forums, Related searches"
fine motor skills activities for 8 year olds,,30,,0.00,
fire safety activities for 2 year olds,,30,,0.00,
first day of preschool activities for 2 year olds,,30,,0.00,
first day of preschool activities for 3 year olds printable,,30,,0.00,
fishing activities for kids,,30,,0.00,
flag day activities for kids,,30,,0.00,
following direction activities for kids,,30,,0.00,
food chain activity for kids,,30,,0.00,
fort lauderdale activities for kids,,30,,0.00,
fort wayne activities for kids,,30,,0.00,
fossil activity for kids,,30,,0.00,
foxwoods activities for kids,,30,,0.00,
free activities for 2 year olds near me,Transactional,30,5,1.47,"Sitelinks, AI Overview, Video, People also ask, Local pack, Related searches"
free activities for kids near me today,,30,,0.00,
free activities for kids phoenix,,30,,0.00,
free activities for kids today,,30,,0.00,
free advent activities for kids,,30,,0.00,
free bible activities for kids,,30,,0.00,
free bible activity sheets for kids,,30,,0.00,
free educational activities for 4 year olds,Informational,30,35,1.05,"Sitelinks, AI Overview, Video, Video carousel, People also ask, Discussions and forums, Related searches"
free educational activities for 4-year-olds,Informational,30,19,1.05,"Sitelinks, AI Overview, Reviews, Video, Video carousel, People also ask, Related searches"
free educational activities for 6 year olds at home,Informational,30,35,1.34,"AI Overview, Video, Video carousel, People also ask, Related searches"
free educational activities for 7 year olds,Informational,30,43,1.33,"AI Overview, Video, Video carousel, People also ask, Discussions and forums, Related searches"
free indoor activities nyc for kids,,30,,0.00,
free kindness activities for kids printable,,30,,0.00,
free printable activities for 7 year olds,Informational,30,39,1.27,"Image, Image pack, Video, Related searches"
free printable activity sheets for 6 year olds pdf,Informational,30,35,0.81,"Sitelinks, Image, Image pack, Video, Related searches"
free printable christmas activities for kids,,30,,0.00,
free printable easter activity sheets for kids,,30,,0.00,
free spring break activities for kids,,30,,0.00,
free st patrick's day activities for kids,,30,,0.00,
free summer activities for kids nyc,,30,,0.00,
friendsgiving activities for kids,,30,,0.00,
fun 4th of july activities for kids,,30,,0.00,
fun activities at home for 4 year olds,,30,,0.34,
fun activities at home for kids,,30,,0.00,
fun activities for 1 year old birthday party,,30,,0.00,
fun activities for 1 year olds near me,Transactional,30,8,1.00,"Sitelinks, AI Overview, Video, People also ask, Local pack, Related searches"
fun activities for 2 5 year olds,,30,,0.39,
fun activities for 4 6 year olds,,30,,0.14,
fun activities for 8 10 year olds,,30,,0.37,
fun activities for 9 year olds near me,Transactional,30,35,0.59,"AI Overview, Image, Video, People also ask, Local pack, Related searches"
fun activities for kids in atlanta,,30,,0.00,
fun activities for kids in school,,30,,0.00,
fun activities for kids in vail village,,30,,0.00,
fun activities for kids in west houston,,30,,0.00,
fun activities for kids macedonia,,30,,0.00,
fun activities for kids to do at home,,30,,0.00,
fun activities in nyc for kids,,30,,0.00,
fun activity pages for kids,,30,,0.00,
fun backyard activities for kids,,30,,0.00,
fun beach activities for kids,,30,,0.00,
fun bible activities for kids,,30,,0.00,
fun birthday party ideas for active kids,,30,,0.00,
fun bug activities for kids,,30,,0.00,
fun classroom activities for kids,,30,,0.00,
fun cooking activities for kids,,30,,0.00,
fun craft activities for kids,,30,,0.00,
fun enrichment activities for kids,,30,,0.00,
fun fall activities for kids alternatives to halloween,,30,,0.00,
fun fine motor activities for kids,,30,,0.00,
fun hands on activities for kids,,30,,0.00,
fun indoor activities for kids at home,,30,,0.00,
fun learning activities for 2 year olds,Informational,30,26,0.93,"Sitelinks, AI Overview, Video, Video carousel, People also ask, Related searches, Popular products"
fun learning activities for kids phoenix,,30,,0.00,
fun nye activities for kids,,30,,0.00,
fun outdoor water activities for kids,,30,,0.00,
fun party activities for kids,,30,,0.00,
fun spring break activities for families with kids,,30,,0.00,
fun summer activities for kids at home,,30,,0.00,
fun summer activities for kids who are bored at home,,30,,0.00,
game activities for kids,,30,,0.00,
gifts for active 6 year old boy,,30,,0.00,
glow in the dark activities for kids,,30,,0.00,
goal setting activities for kids,,30,,0.00,
gogo squeez active for kids,,30,,0.00,
good activities for 2 year olds,,30,,0.39,
grammar activities for kids,,30,,0.00,
grapevine activities for kids,,30,,0.00,
gravity activities for kids,,30,,0.00,
gravity activity for kids,,30,,0.00,
great wolf lodge activities for kids,,30,,0.00,
greensboro activities for kids,,30,,0.00,
greenville activities for kids,,30,,0.00,
grief therapy activities for kids,,30,,0.00,
gross motor activities for 4 year olds,"Informational, Commercial",30,16,1.24,"Sitelinks, AI Overview, Reviews, Video, Video carousel, People also ask, Related searches"
gross motor activities for two year olds,Informational,30,5,0.64,"AI Overview, Video, Video carousel, People also ask, Discussions and forums, Related searches"
halloween activities for 2 year old,,30,,0.00,
halloween activities for one year olds,,30,,0.00,
halloween activity sheets for kids,,30,,0.00,
halloween fun activities for kids,,30,,0.00,
halloween printable activities for kids,,30,,0.00,
halloween science activities for kids,,30,,0.00,
handwashing activity for kids,,30,,0.00,
heavy work activities for 2 year olds,,30,,0.00,
hibernation activities for kids,,30,,0.00,
hieroglyphics activity for kids,,30,,0.00,
high chair activities for 6 month old,,30,,0.00,
hiking activities for kids,,30,,0.00,
history activities for kids,,30,,0.00,
holy monday activities for kids,,30,,0.00,
homeschool activities for 10 year olds,,30,,2.63,
homeschool activities for 2 3 year olds,,30,,0.00,
homeschool activities for 5 year olds,Informational,30,2,1.84,"Sitelinks, AI Overview, Video, Video carousel, People also ask, Related searches"
hotel activities for kids,,30,,0.00,
icebreaker activities for kids,,30,,0.00,
independent activities for 10 year olds,,30,,0.00,
independent activities for 5 year olds,,30,,0.66,
indoor active toys for 7 year olds,,30,,0.31,
indoor activities at home for kids,,30,,0.00,
indoor activities for 1 year olds,,30,,0.24,
indoor activities for 10 year olds near me,"Informational, Transactional",30,19,1.67,"AI Overview, Video, People also ask, Local pack, Related searches"
indoor activities for 15 month old,,30,,0.40,
indoor activities for 2 year old,,30,,0.00,
indoor activities for 5 year olds near me,Transactional,30,12,0.89,"AI Overview, Reviews, Video, People also ask, Local pack, Related searches"
indoor activities for 6 year olds,,30,,0.31,
indoor activities for four year olds,,30,,0.30,
indoor activities for kids boston,,30,,0.00,
indoor activities for kids cincinnati,,30,,0.00,
indoor activities for kids las vegas,,30,,0.00,
indoor activities for kids nashville,,30,,0.00,
indoor activities for kids omaha,,30,,0.00,
indoor activities for kids philadelphia,,30,,0.00,
indoor activities for kids pigeon forge,,30,,0.00,
indoor activities for kids tulsa,,30,,0.00,
indoor activities for one year old,,30,,0.00,
indoor activities in ct for kids,,30,,0.00,
indoor activities in orlando for kids,,30,,0.00,
indoor activities myrtle beach for kids,,30,,0.00,
indoor activities oahu for kids,,30,,0.00,
indoor activities phoenix for kids,,30,,0.00,
indoor activities san antonio for kids,,30,,0.00,
indoor camp activities for kids,,30,,0.00,
indoor play activities for kids,,30,,0.00,
indoor sports activities for kids,,30,,0.00,
jane goodall activities for kids,,30,,0.00,
japan activities for kids,,30,,0.00,
kids activities for new years eve,,30,,0.00,
kids activities for summer,,30,,0.00,
kindling falls vacation rental activities for kids,,30,,0.00,
lake activities for kids,,30,,0.00,
lake geneva activities for kids,,30,,0.00,
language activities for 4 5 year olds,,30,,0.00,
language and literacy activities for 2 year olds,,30,,0.00,
language development activities for 2 year olds,Informational,30,18,2.20,"Sitelinks, AI Overview, Video, People also ask, Related searches"
language development activities for 2-3 year olds pdf,,30,,1.98,
learning activities for 3 year olds near me,,30,,0.00,
learning activities for 4 5 year olds at home,Informational,30,22,1.22,"Sitelinks, AI Overview, Video, Video carousel, People also ask, Related searches"
learning activities for 4 5 year olds online,,30,,0.00,
learning activities for two year olds,,30,,1.25,
lent activity for kids,,30,,0.00,
library activities for kids,,30,,0.00,
literacy activities for 2 year olds,Informational,30,20,1.19,"Sitelinks, AI Overview, Video, People also ask, Related searches"
march activities for kids printable,,30,,0.00,
mardi gras activities for kids,,30,,0.00,
math activities for 2-3 year olds,Informational,30,6,0.54,"AI Overview, Video, Video carousel, Related searches"
math activities for 4 year olds,Informational,30,22,1.13,"Sitelinks, Video, Video carousel, People also ask, Discussions and forums, Related searches"
maths activities for 2 year olds,Informational,30,10,1.04,"AI Overview, Video, Short videos, Related searches"
meditation activities for kids,,30,,0.00,
michaels activities for kids,,30,,0.00,
minneapolis activities for kids,,30,,0.00,
monterey activities for kids,,30,,0.00,
montessori activities for 3 4 year olds,Informational,30,9,30.72,"AI Overview, Video, Video carousel, People also ask, Discussions and forums, Related searches"
montessori activities for 5 6 year olds,,30,,0.00,
montessori activities for 9 month old,,30,,0.90,
montessori activities for kids,,30,,0.00,
montessori activity for 2 year olds,,30,,0.57,
montessori for 18 month old activities,,30,,0.67,
montreal activities for kids,,30,,0.00,
morning activities for kids,,30,,0.00,
moses parting the red sea activity for kids,,30,,0.00,
muscular system activities for kids,,30,,0.00,
myplate activities for kids,,30,,0.00,
native american heritage month activities for kids,,30,,0.00,
nativity activity for kids,,30,,0.00,
nature walk activity for kids,,30,,0.00,
nelson mandela activities for kids,,30,,0.00,
newport beach activities for kids,,30,,0.00,
niagara falls activities for kids,,30,,0.00,
no screen activities for kids,,30,,0.00,
non screen activities for 12 year olds,Informational,30,8,0.99,"Sitelinks, AI Overview, Video, Video carousel, People also ask, Discussions and forums, Related searches"
november stem activities for kids,,30,,0.00,
nutrition activity for kids,,30,,0.00,
occupational therapy group activities for kids,,30,,0.00,
ocd activities for kids,,30,,0.00,
open ended activities for kids,,30,,0.00,
outdoor activities for 11 year olds,,30,,0.19,
outdoor activities for 15 year olds,,30,,0.00,
outdoor activities for 18 month old,,30,,0.23,
outdoor activities for kids with autism,,30,,0.00,
outdoor activities for three-year-olds,,30,,0.33,
outdoor activities near me for kids,,30,,0.00,
outdoor party activities for kids,,30,,0.00,
outer space activities for kids,,30,,0.00,
outside activities for 2 year olds,,30,,0.30,
palm sunday activity for kids,,30,,0.00,
panama city beach activities for kids,,30,,0.00,
paper activities for kids printable,,30,,0.00,
parting the red sea activity for kids,,30,,0.00,
personal hygiene activities for kids,,30,,0.00,
physical development activities for 1-2 year olds,,30,,0.00,
physical play activities for 3 5 year olds,,30,,0.00,
physics activities for kids,,30,,0.00,
planting activities for kids,,30,,0.00,
play activities for 9 month old,,30,,0.29,
play dough activities for 2 year olds,Informational,30,10,0.56,"Sitelinks, AI Overview, Video, Video carousel, Short videos, Discussions and forums, Related searches"
playtime activities for kids,,30,,0.00,
poconos activities for kids,,30,,0.00,
preschool literacy activities for 4 year olds,,30,,0.00,
print activities for 2 year olds,,30,,1.06,
printable activities for 11 year olds,,30,,0.00,
printable activities for 7 year olds,Informational,30,26,0.99,"Sitelinks, Image, Image pack, Video, Related searches"
printable activities for 9 year olds,,30,,0.00,
printable brain activation exercises for kids,,30,,0.00,
printable thanksgiving activities for kids,,30,,0.00,
purim activities for kids,,30,,0.00,
rainy day activities for 10 year olds,,30,,0.26,
rainy day activities for kids that are actually exciting,,30,,0.00,
ramadan activity for kids,,30,,0.00,
receptive language activities for 2 year olds,,30,,0.00,
reflection activities for kids,,30,,0.00,
reflection activity for kids,,30,,0.00,
relaxation activities for kids,,30,,0.00,
reno activities for kids,,30,,0.00,
resurrection activities for kids,,30,,0.00,
road to emmaus activities for kids,,30,,0.00,
rock activities for kids,,30,,0.00,
rodeo activities for kids,,30,,0.00,
rosary activities for kids,,30,,0.00,
safety activities for kids,,30,,0.00,
scavenger hunt activities for kids,,30,,0.00,
science activities for 1 year olds,,30,,0.00,
science activities for 3 4 year olds,,30,,0.91,
science activities for 3 5 year olds at school,,30,,0.00,
science/sensory activities for 3-5 year olds,,30,,0.00,
screen-free activities for 7 year olds,,30,,0.51,
screen-free activities for kids,,30,,0.00,
self confidence activities for kids,,30,,0.00,
self reflection activity for kids,,30,,0.00,
sensory activities for 10 year olds,,30,,0.61,
sensory activities for two year olds,,30,,0.00,
sewing activities for kids,,30,,0.00,
shape activities for 1 2 year olds,,30,,0.00,
simple machines activities for kids,,30,,0.00,
sioux falls activities for kids,,30,,0.00,
slime activities for kids,,30,,0.00,
slime activity for kids,,30,,0.00,
small group activities for 4 5 year olds,,30,,0.66,
social emotional activities for 2 year olds,,30,,0.00,
social skill activities for kids,,30,,0.00,
south lake tahoe activities for kids,,30,,0.00,
speech therapy activities for 2 year olds,Informational,30,18,1.32,"Sitelinks, AI Overview, Video, Video carousel, Discussions and forums, Related searches"
sports activities for 2 year olds,Informational,30,6,1.33,"Sitelinks, Video, Video carousel, People also ask, Related searches"
sports activities for 3 year olds,,30,,1.05,
spring activities for 1 2 year olds,Informational,30,4,0.76,"Sitelinks, AI Overview, Image, Image pack, Video, Video carousel, Related searches"
spring activities for 2 year olds,,30,,0.63,
spring break activity ideas for kids,,30,,0.00,
st patrick's day activities for kids printable,,30,,0.00,
st patty's day activities for kids,,30,,0.00,
st. simons island family activities for 12 year old kids,,30,,0.00,
stem activities for 1 year olds,,30,,0.53,
stem activities for 2 3 year olds,"Informational, Commercial",30,3,0.64,"AI Overview, Video, Video carousel, Related searches, Ads bottom, Ads middle"
stem activities for 2-3 year olds,Informational,30,3,0.99,"AI Overview, Video carousel, Related searches"
stem activities for 4 year olds,"Informational, Commercial",30,6,0.88,"AI Overview, Video, Video carousel, People also ask, Discussions and forums, Related searches"
stem activities for 5 year olds,Informational,30,21,0.73,"AI Overview, Video, Video carousel, Related searches"
stem activities for 7 year olds,Informational,30,21,0.71,"Sitelinks, AI Overview, Video, Video carousel, Discussions and forums, Related searches"
storytelling activities for kids,,30,,0.00,
summer activities for 1 year olds,Informational,30,16,0.75,"Sitelinks, AI Overview, Image, Image pack, Video, Video carousel, People also ask, Discussions and forums, Related searches, Ads bottom, Ads middle"
summer activities for 11 year olds near me,,30,,1.83,
summer activities for 15-year-olds,Informational,30,12,1.70,"Sitelinks, AI Overview, Reviews, Video, Video carousel, People also ask, Discussions and forums, Related searches"
summer activities for 17 year olds,,30,,1.56,
summer activities for autistic kids,,30,,0.00,
summer activities for kids 2025,,30,,0.00,
summer activities for kids jacksonville fl,,30,,0.00,
summer activities for kids la,,30,,0.00,
summer activities list for kids,,30,,0.00,
summer activity for kids near me,,30,,0.00,
summer activity ideas for kids,,30,,0.00,
summer camp activities for 5 year olds,,30,,0.00,
summer day activities for energetic kids,,30,,0.00,
summer home activities for kids,,30,,0.00,
summer time activities for kids,,30,,0.00,
sunday activities for kids,,30,,0.00,
table activities for 2 year olds,,30,,0.33,
table activities for kids,,30,,0.00,
team activities for kids,,30,,0.00,
team building activities for 5 year olds,,30,,0.00,
ten commandments activity for kids,,30,,0.00,
thankfulness activities for kids,,30,,0.00,
thanksgiving activities for 1 year olds,,30,,0.00,
thanksgiving activities for three year olds,,30,,0.00,
thanksgiving coloring activities for kids,,30,,0.00,
therapeutic activities for kids,,30,,0.00,
therapy activities for kids with autism,,30,,0.00,
threading activities for 2 year olds,,30,,0.00,
tie dye activities for kids,,30,,0.00,
tiger mom parenting activities for 9 month old baby,,30,,0.00,
toddler activities for 2 year olds,,30,,0.00,
tornado activity for kids,,30,,0.00,
toys for active 4 year old boy,,30,,0.00,
train activities for kids,,30,,0.00,
travel activities for 2 year olds,,30,,0.39,
travel activities for 5 year olds,,30,,0.23,
tulsa activities for kids,,30,,0.00,
tummy time activities for 5 month old,,30,,0.16,
tummy time activities for 6 month old,Informational,30,13,0.63,"Sitelinks, AI Overview, Image, Video, Video carousel, Short videos, Related searches"
under the sea activities for 1 year olds,,30,,0.00,
under the sea activities for kids,,30,,0.00,
understanding the world activities for 2 3 year olds,,30,,0.00,
utah activities for kids,,30,,0.00,
valentines therapy activities for kids,,30,,0.00,
vestibular activities for kids,,30,,0.00,
virtual therapy activities for kids,,30,,0.00,
wake window activities for 1 month old,,30,,0.66,
wake window activities for 5 month old,,30,,0.18,
water activities for 2 year olds,,30,,0.15,
water activities for kids near me,,30,,0.00,
water color activities for kids,,30,,0.00,
weaving activity for kids,,30,,0.00,
weekend activities for kids near me,,30,,0.00,
williamsburg activities for kids,,30,,0.00,
winter activity sheets for kids,,30,,0.00,
winter break activities for kids near me,,30,,0.00,
winter themed activities for kids,,30,,0.00,
winter wonderland activities for kids,,30,,0.00,
writing activity for kids,,30,,0.00,
yarn activities for kids,,30,,0.00,
yarn activity for kids,,30,,0.00,
ymca activities for 3 year olds,,30,,4.39,
yosemite activities for kids,,30,,0.00,
zoo activities for kids,,30,,0.00,
10 commandments activity for kids,,20,,0.00,
10 commandments for kids activities,,20,,0.00,
15 fun winter activities for kids,,20,,0.00,
25 days of christmas activities for kids,,20,,0.00,
4th of july activities for 2 year olds,,20,,0.00,
5 age appropriate activities for 2 year olds,,20,,0.00,
5 senses activities for 1 year olds,,20,,0.00,
5 senses activities for 3 year olds,,20,,0.00,
50 montessori activities for 2 year olds,,20,,0.00,
9 11 activities for kids,,20,,0.00,
90s activities for kids,,20,,0.00,
90s summer activities for kids,,20,,0.00,
aba activities for 2 year olds,,20,,1.00,
aba activities for 3 year olds,,20,,1.39,
aba activities for 4 year olds,,20,,0.85,
aba activities for 5 year olds,,20,,1.80,
aba activities for 8 year olds,,20,,0.00,
aba activities for kids,,20,,0.00,
abc activities for 2 year olds,,20,,0.00,
abc activities for 3 year olds,,20,,0.82,
abc activities for 4 year olds,,20,,0.00,
abc activities for 5 year olds,,20,,0.00,
abc learning activities for 3 year olds,,20,,0.00,
academic activities for 2 year olds,,20,,0.00,
academic activities for 3 year olds,,20,,0.00,
academic activities for 4 year olds,,20,,0.00,
academic activities for kids,,20,,0.00,
acorn activities for kids,,20,,0.00,
activated charcoal for kids stomach bug,,20,,0.00,
active games for 10 year olds,,20,,0.21,
active games for 2 year olds,,20,,0.22,
active games for 3 5 year olds,,20,,0.00,
active games for 3 year olds,,20,,0.84,
active games for 4 year olds,,20,,0.44,
active games for 6 year olds,,20,,0.27,
active games for 8 year olds,,20,,0.00,
active gifts for 2 year olds,,20,,0.51,
active gifts for 3 year olds,,20,,0.38,
active gifts for 6 year olds,,20,,0.36,
active gifts for 7 year olds,,20,,0.27,
active indoor games for 6 12 year olds,,20,,0.00,
active jobs for 16 year olds,,20,,0.00,
active moving game for disabled kids,,20,,0.00,
active noise cancelling headphones for kids,,20,,0.00,
active play for 2 year olds,,20,,0.22,
active play for kids,,20,,0.00,
active play toys for 2 year olds,,20,,0.21,
active play toys for 3 year olds,,20,,0.24,
active toys for 1 year old,,20,,0.00,
active toys for 12 year olds,,20,,0.00,
activities and games for 2 year olds,,20,,0.38,
activities and toys for 2 year olds,,20,,0.00,
activities at home for 10 month old,,20,,0.06,
activities at home for 10 year olds,,20,,0.00,
activities at home for 11 year olds,,20,,0.00,
activities at home for 12 month old,,20,,0.00,
activities at home for 12 year olds,,20,,0.00,
activities at home for 13 year olds,,20,,0.00,
activities at home for 15 month old,,20,,0.08,
activities at home for 16 month old,,20,,0.00,
activities at home for 4 year olds,,20,,0.39,
activities at home for 6 year olds,,20,,0.11,
activities at home for 7 year olds,,20,,0.14,
activities at home for 9 month old,,20,,0.00,
activities at home for 9 year olds,,20,,0.00,
activities for 0 1 year olds,,20,,0.00,
activities for 0 12 month olds,,20,,0.00,
activities for 0 2 year olds,,20,,0.00,
activities for 0 3 month olds,,20,,0.45,
activities for 0 3 year olds,,20,,0.00,
activities for 0 to 2 year olds,,20,,0.00,
activities for 1 2 year olds at home,,20,,0.14,
activities for 1 2 year olds at nursery,,20,,0.39,
activities for 1 2 year olds in childcare,,20,,0.46,
activities for 1 2 year olds in daycare,,20,,0.00,
activities for 1 2 year olds near me,,20,,1.52,
activities for 1 4 year olds,,20,,0.00,
activities for 1 5 year olds,,20,,0.00,
activities for 1 and 4 year olds,,20,,0.00,
activities for 1 and a half year olds,,20,,0.36,
activities for 1 and half year olds,,20,,0.35,
activities for 1 month old infant,,20,,0.51,
activities for 1 week old,,20,,0.25,
activities for 1 year olds in nyc,,20,,0.82,
activities for 1 year olds indoors,,20,,0.00,
activities for 1 year olds nyc,,20,,0.82,
activities for 1.5 2 year olds,,20,,0.00,
activities for 1.5 year olds at home,,20,,0.00,
activities for 1.5 year olds near me,,20,,1.98,
activities for 10 12 month olds,,20,,0.04,
activities for 10 12 year olds,,20,,1.28,
activities for 10 month old at home,,20,,0.39,
activities for 10 month old near me,,20,,1.19,
activities for 10 month old on plane,,20,,0.00,
activities for 10 week old,,20,,0.81,
activities for 10 year old birthday party,,20,,0.00,
activities for 10 year olds at home,,20,,0.25,
activities for 10 year olds in nyc,,20,,0.00,
activities for 11 12 year olds,,20,,0.00,
activities for 11 13 year olds,,20,,0.00,
activities for 11 14 year olds,,20,,0.00,
activities for 11 month old at home,,20,,0.23,
activities for 11 month old near me,,20,,0.00,
activities for 11 week old,,20,,0.46,
activities for 11 year old boys,,20,,0.00,
activities for 11 year olds at home,,20,,0.00,
activities for 11 year olds near me,,20,,0.69,
activities for 12 18 month olds,,20,,0.35,
activities for 12 24 month olds,,20,,0.00,
activities for 12 month old near me,,20,,0.00,
activities for 12 month olds at home,,20,,0.16,
activities for 12 to 18 month olds,,20,,0.20,
activities for 12 week old,,20,,0.52,
activities for 12 year olds at home,,20,,0.00,
activities for 12 year olds indoors,,20,,0.00,
activities for 12 year olds to do,,20,,0.00,
activities for 12 year olds to do at home,,20,,0.00,
activities for 12-14 year olds,,20,,0.00,
activities for 12-15 month olds,,20,,0.00,
activities for 13 15 year olds,,20,,0.00,
activities for 13 month old at home,,20,,0.39,
activities for 13 month old near me,,20,,0.00,
activities for 13 year olds at home,,20,,0.00,
activities for 13 year olds in summer,,20,,0.00,
activities for 13 year olds indoors,,20,,0.00,
activities for 14 month old at home,,20,,0.10,
activities for 14 year olds near me,,20,,1.37,
activities for 14 year olds to do,,20,,0.00,
activities for 15 18 month olds,,20,,0.07,
activities for 15 month old near me,,20,,1.64,
activities for 15 month old on plane,,20,,0.33,
activities for 15 month olds at home,,20,,0.24,
activities for 15 year olds near me,,20,,0.00,
activities for 16 month old at home,,20,,0.71,
activities for 16 month old near me,,20,,1.53,
activities for 16 year olds,,20,,0.60,
activities for 16 year olds near me,,20,,0.00,
activities for 17 month old at home,,20,,0.23,
activities for 17 month old near me,,20,,0.00,
activities for 17 year olds,,20,,0.83,
activities for 17 year olds near me,,20,,0.00,
activities for 18 24 month old,,20,,0.55,
activities for 18 month old in car,,20,,0.00,
activities for 18 month old indoors,,20,,0.00,
activities for 18 month old montessori,,20,,0.00,
activities for 18 month old on plane,,20,,0.32,
activities for 18 month old pinterest,,20,,0.00,
activities for 18 month old twins,,20,,0.00,
activities for 18 month olds in daycare,,20,,0.14,
activities for 19 month old at home,,20,,0.17,
activities for 19 month old near me,,20,,0.81,
activities for 19 year olds,,20,,0.00,
activities for 19 year olds near me,,20,,0.00,
activities for 1yr old,,20,,0.31,
activities for 2 3 month old,,20,,0.54,
activities for 2 3 year olds at home,,20,,0.37,
activities for 2 3 year olds at nursery,,20,,0.42,
activities for 2 3 year olds in childcare,,20,,0.00,
activities for 2 3 year olds near me,,20,,1.55,
activities for 2 5 year olds,,20,,0.49,
activities for 2 and a half year olds,,20,,0.43,
activities for 2 month old baby,,20,,0.00,
activities for 2 to 3 year olds,,20,,0.46,
activities for 2 week old,,20,,0.34,
activities for 2 year olds daycare,,20,,0.56,
activities for 2 year olds houston,,20,,0.00,
activities for 2 year olds in atlanta,,20,,0.00,
activities for 2 year olds in chicago,,20,,0.00,
activities for 2 year olds in childcare,,20,,0.00,
activities for 2 year olds in los angeles,,20,,0.00,
activities for 2 year olds in nj,,20,,0.00,
activities for 2 year olds indoors,,20,,0.28,
activities for 2 year olds inside,,20,,0.00,
activities for 2 year olds learning,,20,,0.78,
activities for 2 year olds los angeles,,20,,0.00,
activities for 2 year olds montessori,,20,,0.00,
activities for 2 year olds nj,,20,,0.00,
activities for 2 year olds nyc,,20,,1.01,
activities for 2 year olds outdoors,,20,,0.00,
activities for 2 year olds pdf,,20,,3.43,
activities for 2 year olds pinterest,,20,,0.00,
activities for 2 year olds printable,,20,,0.86,
activities for 2 year olds sports,,20,,1.09,
activities for 2 year olds to do at home,,20,,0.46,
activities for 2 year olds with autism,,20,,1.33,
activities for 2-6 year olds,,20,,0.00,
activities for 2.5 month old,,20,,0.46,
activities for 2.5 year old,,20,,0.00,
activities for 2.5 year olds at home,,20,,0.37,
activities for 2.5 year olds near me,,20,,2.04,
activities for 20 month old at home,,20,,0.11,
activities for 20 month old near me,,20,,0.00,
activities for 20 year olds,,20,,0.69,
activities for 20 year olds near me,,20,,0.58,
activities for 21 month old at home,,20,,0.27,
activities for 21 year olds,,20,,0.00,
activities for 22 month old at home,,20,,0.42,
activities for 22 year olds,,20,,0.00,
activities for 23 month old,,20,,0.31,
activities for 23 year olds,,20,,0.00,
activities for 24 36 month olds,,20,,0.00,
activities for 24 month old,,20,,0.58,
activities for 25 month old,,20,,0.00,
activities for 25 year olds,,20,,0.00,
activities for 26 month old,,20,,0.30,
activities for 27 month old,,20,,0.00,
activities for 28 month old,,20,,0.00,
activities for 2yr old at home,,20,,0.00,
activities for 3 1 2 year olds,,20,,0.17,
activities for 3 1/2 year olds,,20,,0.00,
activities for 3 4 year olds at home,,20,,0.00,
activities for 3 4 year olds in childcare,,20,,0.00,
activities for 3 4 year olds near me,,20,,1.72,
activities for 3 5 year olds at home,,20,,0.00,
activities for 3 5 year olds fine motor,,20,,0.00,
activities for 3 5 year olds gross motor,,20,,0.00,
activities for 3 5 year olds in nursery,,20,,0.00,
activities for 3 5 year olds near me,,20,,1.53,
activities for 3 6 month olds,,20,,0.00,
activities for 3 6 year olds,,20,,0.45,
activities for 3 and 4 year olds at home,,20,,0.00,
activities for 3 and 6 year olds,,20,,0.22,
activities for 3 month old development,,20,,0.43,
activities for 3 month old near me,,20,,0.00,
activities for 3 month old wake window,,20,,0.29,
activities for 3 week old infant,,20,,0.51,
activities for 3 week old newborn,,20,,0.00,
activities for 3 year olds birthday,,20,,0.43,
activities for 3 year olds indoors,,20,,0.00,
activities for 3 year olds learning,,20,,0.00,
activities for 3 year olds los angeles,,20,,0.00,
activities for 3 year olds nyc,,20,,0.91,
activities for 3 year olds pdf,,20,,0.00,
activities for 3 year olds pinterest,,20,,0.00,
activities for 3 year olds printable,,20,,0.86,
activities for 3 year olds sports,,20,,0.80,
activities for 3 year olds to do at home,,20,,0.48,
activities for 3-5 year olds in childcare,,20,,0.00,
activities for 3.5 month old,,20,,0.48,
activities for 3.5 year olds,,20,,0.75,
activities for 30 month old,,20,,0.70,
activities for 30 year olds,,20,,0.00,
activities for 30 year olds near me,,20,,0.50,
activities for 31 month old,,20,,0.00,
activities for 33 month old,,20,,0.00,
activities for 36 month olds,,20,,0.00,
activities for 3yr old,,20,,0.35,
activities for 3yr old near me,,20,,0.00,
activities for 4 5 month old,,20,,0.33,
activities for 4 5 month olds,,20,,0.33,
activities for 4 6 month olds,,20,,0.13,
activities for 4 6 year olds,,20,,0.33,
activities for 4 7 year olds,,20,,0.30,
activities for 4 8 year olds,,20,,0.21,
activities for 4 and 6 year olds,,20,,0.22,
activities for 4 month old at home,,20,,0.19,
activities for 4 month old near me,,20,,0.00,
activities for 4 month old wake window,,20,,0.00,
activities for 4 week old,,20,,0.41,
activities for 4 year old boys,,20,,0.00,
activities for 4 year olds at daycare,,20,,0.74,
activities for 4 year olds indoors,,20,,0.00,
activities for 4 year olds outside,,20,,0.00,
activities for 4 year olds pinterest,,20,,0.00,
activities for 4 year olds printable,,20,,1.14,
activities for 4 year olds to do at home,,20,,0.19,
activities for 4 years olds,,20,,0.00,
activities for 4-5 month old,,20,,0.25,
activities for 4-6 year olds,,20,,0.33,
activities for 4.5 month old,,20,,0.39,
activities for 40 year olds,,20,,0.00,
activities for 4yr olds,,20,,0.95,
activities for 4yr olds near me,,20,,0.00,
activities for 5 10 year olds,,20,,0.15,
activities for 5 12 year olds,,20,,0.00,
activities for 5 6 year olds,,20,,0.34,
activities for 5 7 year olds,,20,,0.19,
activities for 5 8 year olds,,20,,0.37,
activities for 5 and 6 year olds,,20,,0.34,
activities for 5 and 7 year olds,,20,,0.00,
activities for 5 month old development,,20,,0.00,
activities for 5 month old near me,,20,,0.00,
activities for 5 month olds at home,,20,,0.00,
activities for 5 months old,,20,,0.49,
activities for 5 week old,,20,,0.35,
activities for 5 year old,,20,,0.00,
activities for 5 year olds in the classroom,,20,,0.00,
activities for 5 year olds indoors,,20,,0.12,
activities for 5 year olds pinterest,,20,,0.00,
activities for 5 year olds to do at home,,20,,0.00,
activities for 5-7 year olds,,20,,0.19,
activities for 50 year olds,,20,,0.00,
activities for 50 year olds near me,,20,,0.00,
activities for 55 year old man high at home,,20,,0.00,
activities for 6 10 year olds,,20,,0.39,
activities for 6 11 year olds,,20,,0.00,
activities for 6 12 month olds,,20,,0.28,
activities for 6 12 year olds,,20,,0.00,
activities for 6 7 month old,,20,,0.00,
activities for 6 7 year olds,,20,,0.00,
activities for 6 8 year olds,,20,,0.28,
activities for 6 9 month olds,,20,,0.33,
activities for 6 9 year olds,,20,,0.24,
activities for 6 and 7 year olds,,20,,0.46,
activities for 6 month olds at home,,20,,0.14,
activities for 6 to 12 month olds,,20,,0.00,
activities for 6 week old infant,,20,,0.53,
activities for 6 year old,,20,,0.00,
activities for 6 year old girls,,20,,0.00,
activities for 6 year olds at home,,20,,0.17,
activities for 6 year olds to do at home,,20,,0.00,
activities for 6 year olds with autism,,20,,0.00,
activities for 6-12 month olds,,20,,0.28,
activities for 6-8 year olds,,20,,0.28,
activities for 6-9 year olds,,20,,0.00,
activities for 60 year old women,,20,,0.00,
activities for 60 year olds,,20,,0.00,
activities for 60 year olds near me,,20,,0.00,
activities for 65 year olds,,20,,0.00,
activities for 7 10 year olds,,20,,0.31,
activities for 7 11 year olds,,20,,0.00,
activities for 7 12 year olds,,20,,0.00,
activities for 7 8 year olds,,20,,0.36,
activities for 7 9 year olds,,20,,0.47,
activities for 7 month old at home,,20,,0.28,
activities for 7 month old near me,,20,,1.80,
activities for 7 to 12 year olds,,20,,0.00,
activities for 7 to 9 year olds,,20,,0.47,
activities for 7 week old,,20,,0.52,
activities for 7 year old birthday party,,20,,0.00,
activities for 7 year olds at home,,20,,0.41,
activities for 7 year olds printable,,20,,1.10,
activities for 7 year olds to do,,20,,0.00,
activities for 70 year olds,,20,,0.31,
activities for 8 10 year olds,,20,,0.45,
activities for 8 11 year olds,,20,,0.12,
activities for 8 12 month olds,,20,,0.00,
activities for 8 12 year olds,,20,,0.34,
activities for 8 9 month old,,20,,0.16,
activities for 8 9 year olds,,20,,0.40,
activities for 8 month old at home,,20,,0.34,
activities for 8 month old baby,,20,,0.00,
activities for 8 month old near me,,20,,2.22,
activities for 8 to 12 year olds,,20,,0.00,
activities for 8 week old,,20,,0.45,
activities for 8 year old birthday party,,20,,0.00,
activities for 8 year olds at home,,20,,0.59,
activities for 8 year olds birthday party,,20,,0.49,
activities for 8 year olds indoors,,20,,0.00,
activities for 8 year olds printable,,20,,0.00,
activities for 8 year olds to do,,20,,0.00,
activities for 80 year olds,,20,,0.37,
activities for 9 10 year olds,,20,,0.21,
activities for 9 12 month olds,,20,,0.77,
activities for 9 12 year olds,,20,,0.38,
activities for 9 and 10 year olds,,20,,0.21,
activities for 9 month old at home,,20,,0.16,
activities for 9 month old development,,20,,0.55,
activities for 9 month old near me,,20,,1.71,
activities for 9 month old on plane,,20,,0.31,
activities for 9 month olds at home,,20,,0.00,
activities for 9 week old,,20,,0.00,
activities for 9 year old birthday party,,20,,0.00,
activities for 9 year olds at home,,20,,0.00,
activities for a 1 month old,,20,,0.55,
activities for a 10 week old,,20,,0.00,
activities for a 23 month old,,20,,0.00,
activities for a 3 week old,,20,,0.00,
activities for a 5 month old at home,,20,,0.21,
activities for a 6 month old at home,,20,,0.34,
activities for a 7 month old,,20,,0.29,
activities for a kids birthday party,,20,,0.00,
activities for a nine month old,,20,,0.29,
activities for a seven month old,,20,,0.44,
activities for a ten month old,,20,,0.25,
activities for active 18 month old,,20,,0.00,
activities for active 2 year olds,,20,,0.00,
activities for active 3 year olds,,20,,0.00,
activities for adhd 3 year olds,,20,,0.00,
activities for almost 2 year olds,,20,,0.42,
activities for almost 3 year olds,,20,,0.45,
activities for anxious kids,,20,,0.00,
activities for autistic 3 year olds,,20,,1.26,
activities for birthday parties for 13 year olds,,20,,0.00,
activities for birthday parties kids,,20,,0.00,
activities for bored 11 year olds,,20,,0.00,
activities for bored 8 year olds,,20,,0.00,
activities for busy 2 year olds,,20,,0.00,
activities for busy 3 year olds,,20,,0.00,
activities for families with kids of different ages,,20,,0.00,
activities for five month old,,20,,0.44,
activities for five year olds at home,,20,,0.00,
activities for five year olds cognitive,,20,,0.00,
activities for four month olds,,20,,0.00,
activities for four year olds near me,,20,,2.19,
activities for gifted 5 year olds,,20,,0.00,
activities for grandparents and 3 year olds,,20,,0.00,
activities for homeschool kids,,20,,0.00,
activities for hyper 2 year olds,,20,,0.08,
activities for hyper 4 year olds,,20,,0.00,
activities for hyperactive 3 year olds,,20,,0.00,
activities for hyperactive 4 year olds,,20,,0.00,
activities for hyperactive 5 year olds,,20,,0.00,
activities for hyperactive 6 year olds,,20,,0.00,
activities for hyperactive kids,,20,,0.00,
activities for kids albany ny,,20,,0.00,
activities for kids at school,,20,,0.00,
activities for kids birthday,,20,,0.00,
activities for kids birthday parties,,20,,0.00,
activities for kids brooklyn,,20,,0.00,
activities for kids campground santa cruz,,20,,0.00,
activities for kids christmas party,,20,,0.00,
activities for kids during quarantine,,20,,0.00,
activities for kids during summer,,20,,0.00,
activities for kids fort myers,,20,,0.00,
activities for kids fort worth,,20,,0.00,
activities for kids halloween party,,20,,0.00,
activities for kids in branson mo,,20,,0.00,
activities for kids in charlotte,,20,,0.00,
activities for kids in classroom,,20,,0.00,
activities for kids in colorado springs,,20,,0.00,
activities for kids in ct,,20,,0.00,
activities for kids in destin fl,,20,,0.00,
activities for kids in jacksonville fl,,20,,0.00,
activities for kids in la,,20,,0.00,
activities for kids in london,,20,,0.00,
activities for kids in louisville ky,,20,,0.00,
activities for kids in manhattan,,20,,0.00,
activities for kids in maryland,,20,,0.00,
activities for kids in maui,,20,,0.00,
activities for kids in memphis,,20,,0.00,
activities for kids in minneapolis,,20,,0.00,
activities for kids in new orleans,,20,,0.00,
activities for kids in new york,,20,,0.00,
activities for kids in orlando,,20,,0.00,
activities for kids in palm springs,,20,,0.00,
activities for kids in pigeon forge,,20,,0.00,
activities for kids in provence,,20,,0.00,
activities for kids in salt lake city,,20,,0.00,
activities for kids in savannah ga,,20,,0.00,
activities for kids in seattle,,20,,0.00,
activities for kids in tampa,,20,,0.00,
activities for kids in tucson,,20,,0.00,
activities for kids in vegas,,20,,0.00,
activities for kids in washington dc,,20,,0.00,
activities for kids in wheelchairs,,20,,0.00,
activities for kids lexington ky,,20,,0.00,
activities for kids little rock,,20,,0.00,
activities for kids london,,20,,0.00,
activities for kids long beach,,20,,0.00,
activities for kids nashville,,20,,0.00,
activities for kids near me today,,20,,0.00,
activities for kids oahu,,20,,0.00,
activities for kids on a rainy day,,20,,0.00,
activities for kids on st patrick's day,,20,,0.00,
activities for kids on thanksgiving,,20,,0.00,
activities for kids overland park,,20,,0.00,
activities for kids pensacola,,20,,0.00,
activities for kids portland maine,,20,,0.00,
activities for kids queens,,20,,0.00,
activities for kids raleigh nc,,20,,0.00,
activities for kids reno,,20,,0.00,
activities for kids rochester ny,,20,,0.00,
activities for kids savannah ga,,20,,0.00,
activities for kids scottsdale,,20,,0.00,
activities for kids sioux falls,,20,,0.00,
activities for kids syracuse ny,,20,,0.00,
activities for kids thanksgiving,,20,,0.00,
activities for kids west palm beach,,20,,0.00,
activities for kids with broken arm,,20,,0.00,
activities for kids with disabilities,,20,,0.00,
activities for kids with learning disabilities,,20,,0.00,
activities for little kids,,20,,0.00,
activities for my 10 month old,,20,,0.31,
activities for my 11 month old,,20,,0.43,
activities for my 15 month old,,20,,0.21,
activities for my 16 month old,,20,,0.26,
activities for my 18 month old,,20,,0.23,
activities for my 2 month old,,20,,0.50,
activities for my 3 month old,,20,,0.55,
activities for my 4 month old,,20,,0.55,
activities for my 5 month old,,20,,0.48,
activities for my 6 month old,,20,,0.50,
activities for my 7 month old,,20,,0.50,
activities for my 8 month old,,20,,0.45,
activities for my 9 month old,,20,,0.37,
activities for nine month old,,20,,0.30,
activities for old age home,,20,,0.00,
activities for old age people,,20,,0.00,
activities for old folks,,20,,0.00,
activities for old folks home,,20,,0.00,
activities for old people near me,,20,,0.00,
activities for old people to do at home,,20,,0.00,
activities for old school day,,20,,0.00,
activities for one and a half year olds,,20,,0.36,
activities for one and half year olds,,20,,0.36,
activities for one and two year olds,,20,,0.40,
activities for one year old,,20,,0.00,
activities for one year olds at daycare,,20,,0.00,
activities for one year olds daycare setting,,20,,0.00,
activities for one year olds in daycare,,20,,0.00,
activities for preschool kids,,20,,0.00,
activities for sensory seeking kids,,20,,0.00,
activities for seven month old,,20,,0.27,
activities for seven month olds,,20,,0.00,
activities for seven year olds,,20,,0.38,
activities for sick 3 year olds,,20,,0.00,
activities for single 30 year olds,,20,,0.00,
activities for summer for kids,,20,,0.00,
activities for ten month old,,20,,0.40,
activities for ten month olds,,20,,0.25,
activities for three and four year olds,,20,,0.00,
activities for two and a half year olds,,20,,0.00,
activities for two and three year olds,,20,,0.39,
activities for two to three year olds,,20,,0.39,
activities for two week old,,20,,0.00,
activities for two year olds at home,,20,,0.13,
activities for two year olds in daycare,,20,,0.00,
activities for two year olds indoors,,20,,0.00,
activities for under 1 year olds,,20,,0.00,
activities for under 2 year olds,,20,,0.52,
activities for under 3 year olds,,20,,0.00,
activities in chicago for kids,,20,,0.00,
activities in destin florida for kids,,20,,0.00,
activities in las vegas for kids,,20,,0.00,
activities in los angeles for kids,,20,,0.00,
activities in orlando for kids,,20,,0.00,
activities in san antonio for kids,,20,,0.00,
activities in tampa for kids,,20,,0.00,
activities indoor for 2 year olds,,20,,0.00,
activities near me for 10 year olds,,20,,0.69,
activities near me for 2 year olds,,20,,2.47,
activities near me for 3 year olds,,20,,1.46,
activities near me for 4 year olds,,20,,0.00,
activities near me for 5 year olds,,20,,1.10,
activities to develop fine motor skills for 2 year olds,,20,,0.00,
activities to do at home for 2 year olds,,20,,0.00,
activities to do for 3 year olds,,20,,0.00,
activities to print for 2 year olds,,20,,0.00,
activities to print for 3 year olds,,20,,0.00,
activities to print for 4 year olds,,20,,0.00,
activities to print for 5 year olds,,20,,0.00,
activity bags for 10 year olds,,20,,0.00,
activity bags for 3 year olds,,20,,0.00,
activity board for 4 year olds,,20,,0.00,
activity board for 6 month old,,20,,0.00,
activity boards for 2 year olds,,20,,0.44,
activity book for 2 year old pdf free,,20,,0.00,
activity books for 1-2 year olds,,20,,0.00,
activity books for 10 year olds pdf,,20,,0.00,
activity books for 11 year olds,,20,,0.00,
activity books for 12 year olds,,20,,0.57,
activity books for 13 year olds,,20,,0.00,
activity books for 18 month olds,,20,,0.00,
activity books for 2 3 year olds,,20,,0.48,
activity books for 2 year olds pdf free download,,20,,0.00,
activity books for 3 4 year olds,,20,,0.54,
activity books for 3 4 year olds pdf,,20,,0.00,
activity books for 3 5 year olds,,20,,0.00,
activity books for 3 year olds pdf,,20,,0.69,
activity books for 3 year olds pdf free download,,20,,0.00,
activity books for 4 5 year olds,,20,,0.00,
activity books for 4 year olds pdf,,20,,0.00,
activity books for 5 6 year olds,,20,,0.00,
activity books for 5 year olds pdf,,20,,0.00,
activity books for 6 7 year olds pdf,,20,,0.00,
activity books for 6 year olds pdf,,20,,0.00,
activity books for 7 year olds pdf,,20,,0.00,
activity books for 8 year olds pdf,,20,,0.00,
activity books for 9 year olds,,20,,0.53,
activity books for 9 year olds pdf,,20,,0.00,
activity box for 18 month old,,20,,0.00,
activity boxes for 10 year olds,,20,,0.00,
activity boxes for 3 year olds,,20,,1.43,
activity boxes for 4 year olds,,20,,2.61,
activity boxes for 5 year olds,,20,,2.58,
activity center for 18 month old,,20,,0.25,
activity center for 5 month old,,20,,0.84,
activity center for 7 month old,,20,,0.39,
activity center for 8 month old,,20,,0.37,
activity center for 9 month old,,20,,0.43,
activity center for kids,,20,,0.00,
activity centers for 2 year olds,,20,,0.48,
activity centers for kids,,20,,0.00,
activity centre for 6 month old,,20,,0.00,
activity chair for 3 month old,,20,,0.28,
activity chair for 4 month old,,20,,0.29,
activity classes for 10 year olds near me,,20,,0.00,
activity classes for 2 year olds,,20,,2.27,
activity classes for 2 year olds near me,,20,,0.00,
activity classes for 3 year olds,,20,,2.82,
activity classes for 4 year olds,,20,,1.99,
activity classes for 4 year olds near me,,20,,3.12,
activity classes for 5 year olds,,20,,0.00,
activity classes for 5 year olds near me,,20,,0.00,
activity classes for 6 year olds,,20,,0.00,
activity classes for 6 year olds near me,,20,,0.00,
activity classes for kids near me,,20,,0.00,
activity clubs for 16 year olds near me,,20,,0.00,
activity clubs for 17 year olds near me,,20,,1.63,
activity cube for 9 month old,,20,,0.00,
activity flashcards for 5 year olds,,20,,0.00,
activity for 1-2 year olds,,20,,0.41,
activity for 10 year olds,,20,,0.78,
activity for 23 month old,,20,,0.00,
activity for 3 year old,,20,,0.00,
activity for 3-5 year olds,,20,,0.45,
activity for 3yrs old,,20,,0.00,
activity for 4 month old,,20,,0.48,
activity for 9 month old,,20,,0.43,
activity for autistic kids,,20,,0.00,
activity for kids birthday party,,20,,0.00,
activity for kids printable,,20,,0.00,
activity for preschool kids,,20,,0.00,
activity games for 10 year olds,,20,,0.00,
activity games for 3 year olds,,20,,0.60,
activity games for 4 year olds,,20,,0.50,
activity games for 5 year olds,,20,,0.21,
activity games for 6 year olds,,20,,0.00,
activity games for 7 year olds,,20,,0.00,
activity gifts for 10 year olds,,20,,0.40,
activity gifts for 3 year olds,,20,,0.38,
activity gifts for 4 year olds,,20,,0.65,
activity gifts for 6 year olds,,20,,0.37,
activity ideas for 1 2 year olds,,20,,0.00,
activity ideas for 1 year olds,,20,,0.19,
activity ideas for 10 year olds,,20,,0.00,
activity ideas for 11 month old,,20,,0.00,
activity ideas for 12 year olds,,20,,0.00,
activity ideas for 14 month old,,20,,0.00,
activity ideas for 15 month old,,20,,0.00,
activity ideas for 16 month old,,20,,0.00,
activity ideas for 18 month olds,,20,,0.20,
activity ideas for 2 3 year olds,,20,,0.00,
activity ideas for 2 year olds,,20,,0.31,
activity ideas for 3 4 year olds,,20,,0.00,
activity ideas for 3 5 year olds,,20,,0.00,
activity ideas for 3 year olds,,20,,0.25,
activity ideas for 4 year olds,,20,,0.28,
activity ideas for 5 year olds,,20,,0.22,
activity ideas for 6 month old,,20,,0.00,
activity ideas for 6 year olds,,20,,0.00,
activity ideas for 7 year olds,,20,,0.00,
activity ideas for 8 month old,,20,,0.00,
activity ideas for 8 year olds,,20,,0.00,
activity ideas for 9 month old,,20,,0.09,
activity ideas for one year olds,,20,,0.00,
activity ideas for two year olds,,20,,0.00,
activity jumper for 4 month old,,20,,0.00,
activity kit for kids,,20,,0.00,
activity kits for 10 year olds,,20,,0.95,
activity kits for 12 year olds,,20,,0.00,
activity kits for 3 year olds,,20,,0.92,
activity kits for 4 year olds,,20,,0.61,
activity kits for 6 year olds,,20,,0.00,
activity kits for 7 year olds,,20,,0.73,
activity kits for 8 year olds,,20,,0.63,
activity kits for 9 year olds,,20,,0.00,
activity magazines for 5 year olds,,20,,0.00,
activity mat for 6 month old,,20,,0.00,
activity packs for 10 year olds,,20,,0.00,
activity packs for 2 year olds,,20,,0.00,
activity packs for 3 year olds,,20,,0.00,
activity packs for 4 year olds,,20,,0.00,
activity packs for 5 year olds,,20,,0.00,
activity packs for 8 year olds,,20,,0.00,
activity packs for kids,,20,,0.00,
activity pages for 10 year olds,,20,,0.00,
activity pages for 11 year olds,,20,,0.00,
activity pages for 9 year olds,,20,,0.00,
activity pages for kids free,,20,,0.00,
activity pages for kids printable,,20,,0.00,
activity pages for kids printable free,,20,,0.00,
activity places for kids,,20,,0.00,
activity plan for 2 year olds,,20,,0.00,
activity plan for 3 year olds,,20,,0.00,
activity plans for 2 3 year olds,,20,,0.00,
activity printables for 4 year olds,,20,,0.00,
activity printables for 5 year olds,,20,,0.00,
activity printables for 6 year olds,,20,,0.00,
activity printables for 7 year olds,,20,,0.97,
activity printables for kids,,20,,0.00,
activity printouts for 4 year olds,,20,,0.00,
activity saucer for 4 month old,,20,,0.29,
activity schedule for 18 month old,,20,,0.00,
activity schedule for 4 month old,,20,,0.00,
activity seat for 2 month old,,20,,0.00,
activity seat for 3 month old,,20,,0.28,
activity seat for 4 month old,,20,,0.36,
activity seat for 5 month old,,20,,0.27,
activity seat for 6 month old,,20,,0.35,
activity set for kids,,20,,0.00,
activity sets for 10 year olds,,20,,0.33,
activity sets for 2 year olds,,20,,0.62,
activity sets for 3 year olds,,20,,0.60,
activity sets for 4 year olds,,20,,0.00,
activity sets for 7 year olds,,20,,0.00,
activity sheet for 5 year old,,20,,0.00,
activity sheets for 1 year olds,,20,,0.64,
activity sheets for 10 year olds free,,20,,0.00,
activity sheets for 10 year olds pdf,,20,,0.00,
activity sheets for 10 year olds printable,,20,,0.00,
activity sheets for 11 year olds,,20,,0.00,
activity sheets for 12 year olds,,20,,0.00,
activity sheets for 13 year olds,,20,,0.00,
activity sheets for 3 year olds free,,20,,0.00,
activity sheets for 3 year olds pdf free download,,20,,0.00,
activity sheets for 4 5 year olds,,20,,1.11,
activity sheets for 4 year olds free,,20,,0.00,
activity sheets for 4 year olds pdf,,20,,1.33,
activity sheets for 5 6 year olds,,20,,0.99,
activity sheets for 5 year olds free printable,,20,,0.00,
activity sheets for 5 year olds printable,,20,,0.87,
activity sheets for 6 year olds pdf,,20,,0.89,
activity sheets for 7 year olds pdf,,20,,0.00,
activity sheets for four year olds,,20,,0.00,
activity sheets for kids free printable,,20,,0.00,
activity sheets for three year olds,,20,,0.00,
activity sheets for two year olds,,20,,0.90,
activity sticker books for 2 year olds,,20,,0.00,
activity table for 10 month old,,20,,0.20,
activity table for 12 month old,,20,,0.00,
activity table for 18 month old,,20,,0.00,
activity table for 8 month old,,20,,0.83,
activity table for 9 month old,,20,,0.27,
activity toys for 1 2 year olds,,20,,0.00,
activity toys for 1 year olds,,20,,0.33,
activity toys for 12 month old,,20,,0.00,
activity toys for 2 3 year olds,,20,,0.00,
activity toys for 2 month old,,20,,0.31,
activity toys for 2 year old,,20,,0.00,
activity toys for 3 4 year olds,,20,,0.00,
activity toys for 3 month old,,20,,0.72,
activity toys for 5 month old,,20,,0.31,
activity toys for 6 month old,,20,,0.63,
activity toys for 7 month old,,20,,0.29,
activity toys for 7 year olds,,20,,0.00,
activity toys for 8 month old,,20,,0.00,
activity toys for 9 month old,,20,,0.27,
activity toys for two year olds,,20,,0.36,
activity walker for 1 year old,,20,,0.00,
activity worksheets for 3 year olds,,20,,0.93,
activity worksheets for 5 year olds,,20,,0.00,
addition activities for 5 year olds,,20,,0.00,
advent activities for kids christian,,20,,0.00,
advent activities for kids free printable,,20,,0.00,
advent wreath activity for kids,,20,,0.00,
after school activities for 6 year olds,,20,,0.00,
after school activities for kids the woodlands,,20,,0.00,
age appropriate activities for 1 year olds,,20,,0.46,
age appropriate activities for 10 year olds,,20,,0.00,
age appropriate activities for 11 year olds,,20,,0.00,
age appropriate activities for 12 year olds,,20,,0.00,
age appropriate activities for 2 3 year olds,,20,,0.00,
age appropriate activities for 3-4 year olds,,20,,0.00,
age appropriate activities for 4 5 year olds,,20,,0.00,
age appropriate activities for 5 6 year olds,,20,,0.00,
age appropriate activities for 5 year olds,,20,,0.00,
age appropriate activities for 6 month old,,20,,0.50,
age appropriate activities for 6 year olds,,20,,0.00,
age appropriate activities for 7 year olds,,20,,0.00,
age appropriate activities for 8 year olds,,20,,0.00,
age appropriate activities for 9 year olds,,20,,0.00,
age appropriate activities for two year olds,,20,,0.00,
ai activities for kids,,20,,0.00,
air dry clay activities for kids,,20,,0.00,
all about me activities for 2 3 year olds printable,,20,,0.00,
all about me activities for 2-3 year olds,,20,,0.00,
all about me activities for 3 year olds printable,,20,,0.00,
all about me activities for 4 year olds,,20,,0.00,
all about me activities for one year olds,,20,,0.00,
alphabet activities for 2 year olds,,20,,0.00,
alphabet activities for 3 year olds,,20,,1.47,
alphabet activities for 4 year olds,,20,,0.00,
alphabet activities for 5 year olds,,20,,0.00,
alphabet learning activities for 2 year olds,,20,,0.00,
alphabet learning activities for 3 year olds,,20,,0.00,
alphabet learning activities for 4 year olds,,20,,0.00,
amazon activity books for 3 year olds,,20,,0.00,
amelia island activities for kids,,20,,0.00,
american summer vacation activities for kids statistics,,20,,0.00,
ananias and sapphira activities for kids,,20,,0.00,
ancient greece activities for kids,,20,,0.00,
ancient rome activities for kids,,20,,0.00,
anger management activities for 5 year olds,,20,,0.00,
animal activities for 1 year olds,,20,,0.00,
animal activities for 2 year olds,,20,,0.00,
animal activities for 3 year olds,,20,,0.00,
animal activities for 5 year olds,,20,,0.00,
animal themed activities for kids,,20,,0.00,
ann arbor activities for kids,,20,,0.00,
anna maria island activities for kids,,20,,0.00,
anxiety activities for kids in therapy,,20,,0.00,
anxiety therapy activities for kids,,20,,0.00,
apple activities for 2 year olds,,20,,0.00,
apple activities for 3 year olds,,20,,0.00,
approaches to learning activities for 3 year olds,,20,,0.00,
approaches to learning activities for 4 year olds,,20,,0.00,
appropriate activities for 2 year olds,,20,,0.00,
appropriate activities for 3 year olds,,20,,0.00,
appropriate activities for 4 year olds,,20,,0.00,
archeology activities for kids,,20,,0.00,
arizona activities for kids,,20,,0.00,
art activities for 1 2 year olds,,20,,0.27,
art activities for 10 12 year olds,,20,,0.38,
art activities for 10 month old,,20,,0.00,
art activities for 10 year olds,,20,,2.34,
art activities for 11 month old,,20,,0.00,
art activities for 12 month olds,,20,,0.09,
art activities for 12 year olds,,20,,0.28,
art activities for 16 month old,,20,,0.00,
art activities for 2 4 year olds,,20,,0.00,
art activities for 2 to 3 year olds,,20,,0.00,
art activities for 2 year olds at home,,20,,0.32,
art activities for 20 month old,,20,,0.00,
art activities for 4 6 year olds,,20,,0.00,
art activities for 4-5 year olds,,20,,0.18,
art activities for 5 6 year olds,,20,,0.36,
art activities for 6 8 year olds,,20,,0.25,
art activities for 6 month old,,20,,0.00,
art activities for 8 month old,,20,,0.00,
art activities for 9 12 year olds,,20,,0.00,
art activities for 9 month old,,20,,0.00,
art activities for kids near me,,20,,0.00,
art and craft activities for 3 4 year olds,,20,,0.27,
art and craft activities for 4 year olds,,20,,0.00,
art and craft activities for 5 year olds,,20,,0.24,
art and craft activities for kids,,20,,0.00,
art and craft activities for two year olds,,20,,0.31,
art therapy activities for 5 year olds,,20,,0.00,
art therapy activities for kids pdf,,20,,0.00,
art therapy activity for kids,,20,,0.00,
articulation activities for 3 year olds,,20,,0.00,
articulation therapy activities for 4 year olds,,20,,0.86,
arts and craft activities for 8 year olds,,20,,0.00,
arts and craft activities for kids,,20,,0.00,
arts and crafts activities for 11 year olds,,20,,0.00,
arts and crafts activities for 2 year olds,,20,,0.41,
asl activities for kids,,20,,0.00,
assembly line activity for kids,,20,,0.00,
at home activities for 10 month old,,20,,0.14,
at home activities for 10 year olds,,20,,0.24,
at home activities for 11 month old,,20,,0.11,
at home activities for 11 year olds,,20,,0.00,
at home activities for 12 month old,,20,,0.06,
at home activities for 12 year olds,,20,,0.00,
at home activities for 13 month old,,20,,0.19,
at home activities for 14 month old,,20,,0.13,
at home activities for 15 month old,,20,,0.16,
at home activities for 16 month old,,20,,0.31,
at home activities for 17 month old,,20,,0.00,
at home activities for 19 month old,,20,,0.00,
at home activities for 20 month old,,20,,0.24,
at home activities for 3 month old,,20,,0.00,
at home activities for 5 year olds,,20,,0.30,
at home activities for 6 month old,,20,,0.48,
at home activities for 7 month olds,,20,,0.11,
at home activities for 7 year olds,,20,,0.41,
at home activities for 8 month old,,20,,0.31,
at home activities for 8 year olds,,20,,0.17,
at home activities for 9 month old,,20,,0.23,
at home activities for 9 year olds,,20,,0.00,
at home activities for three year olds,,20,,0.00,
at home activities for two year olds,,20,,0.06,
at home activity for 3 year olds,,20,,0.36,
at home christmas activities for kids,,20,,0.00,
at home learning activities for 1 year olds,,20,,0.63,
at home learning activities for 3 year olds,,20,,0.88,
at home learning activities for 4 year olds,,20,,1.40,
at home learning activities for 5 year olds,,20,,1.12,
at home preschool activities for 2 year olds,,20,,0.00,
at home sensory activities for 2 year olds,,20,,0.00,
attention activities for 2 year olds,,20,,0.00,
attention activities for 3 year olds,,20,,0.00,
austin activities for kids,,20,,0.00,
autism activities for 2 year olds,,20,,0.00,
autistic activities for kids,,20,,0.00,
autumn activities for 2 3 year olds,,20,,0.00,
autumn activities for 4 year olds,,20,,0.00,
autumn activities for 5 year olds,,20,,0.00,
autumn garden activities for kids,,20,,0.00,
aventura mall activities for kids,,20,,0.00,
awake time activities for 1 month old,,20,,0.00,
awake time activities for 2 month old,,20,,0.00,
awesome engineering activities for kids,,20,,0.00,
babysitting activities for 1 year olds,,20,,0.00,
babysitting activities for 10 year olds,,20,,0.00,
babysitting activities for 2 year olds,,20,,0.00,
babysitting activities for 3 year olds,,20,,0.00,
babysitting activities for 4 year olds,,20,,0.00,
babysitting activities for 6 year olds,,20,,0.00,
babysitting activities for 7 year olds,,20,,0.00,
babysitting activities for 8 year olds,,20,,0.00,
babysitting activities for 9 year olds,,20,,0.00,
back to school night activities for kids,,20,,0.00,
backyard activities for 1 year olds,,20,,0.00,
backyard activities for 10 year-olds,,20,,0.00,
backyard activities for 2 year olds,,20,,0.22,
backyard activities for 3 year olds,,20,,0.00,
backyard activities for 4 year olds,,20,,0.22,
backyard activities for 5 year olds,,20,,0.14,
backyard activities for 7 year olds,,20,,0.49,
backyard activities for 8 year olds,,20,,0.00,
baha mar activities for kids,,20,,0.00,
bakersfield activities for kids,,20,,0.00,
baking soda activities for kids,,20,,0.00,
balance activities for 2 year olds,,20,,0.00,
balance activities for 5 year olds,,20,,0.00,
ball activities for 1 year olds,,20,,0.00,
ball activities for 2 year olds,,20,,0.00,
ball activities for 3 year olds,,20,,0.00,
balloon activities for 2 year olds,,20,,0.00,
balloon activities for kids,,20,,0.00,
bandai namco outdoor toys for active kids,,20,,0.00,
barbie outdoor toys for active kids,,20,,0.00,
baseball activities for kids,,20,,0.00,
basketball activities for 3 year olds,,20,,0.00,
bath activities for kids,,20,,0.00,
beach activities for 2 year olds,,20,,0.00,
beach activities for 3 year olds,,20,,0.00,
beach activities for kids with sand and water games,,20,,0.00,
benefits of physical activity for kids,,20,,0.00,
best active gifts for 10 year olds,,20,,0.00,
best active toys for 10 year olds,,20,,0.00,
best active toys for 2 year olds,,20,,0.37,
best active toys for 5 year olds,,20,,0.31,
best active toys for 7 year olds,,20,,0.35,
best active toys for 8 year olds,,20,,0.32,
best activities for 10 month old,,20,,0.48,
best activities for 10 year olds,,20,,1.01,
best activities for 11 month old,,20,,0.15,
best activities for 11 year olds,,20,,0.00,
best activities for 12 month old,,20,,0.22,
best activities for 12 year olds,,20,,0.00,
best activities for 13 month old,,20,,0.08,
best activities for 14 month old,,20,,0.23,
best activities for 15 month old,,20,,0.49,
best activities for 16 month old,,20,,0.47,
best activities for 18 month old,,20,,0.47,
best activities for 18 month old on plane,,20,,0.30,
best activities for 19 month old,,20,,0.22,
best activities for 2 3 year olds,,20,,0.49,
best activities for 2 month olds,,20,,0.17,
best activities for 2 year olds at home,,20,,0.00,
best activities for 2 year olds near me,,20,,0.00,
best activities for 20 month old,,20,,0.35,
best activities for 3 month old,,20,,0.29,
best activities for 3 year olds near me,,20,,0.91,
best activities for 4 month old,,20,,0.17,
best activities for 5 month old,,20,,0.23,
best activities for 5 year olds,,20,,0.33,
best activities for 6 month old,,20,,0.19,
best activities for 6 year olds,,20,,0.77,
best activities for 7 month old,,20,,0.25,
best activities for 7 year olds,,20,,0.41,
best activities for 8 month old,,20,,0.26,
best activities for 8 year olds,,20,,0.66,
best activities for 9 month old,,20,,0.39,
best activities for 9 year olds,,20,,0.00,
best activities for four year olds,,20,,0.00,
best activities for kids in chicago,,20,,0.00,
best activities for kids in dc,,20,,0.00,
best activities for kids in los angeles,,20,,0.00,
best activities for kids in san diego,,20,,0.00,
best activities for kids with adhd,,20,,0.00,
best activities for kids with autism,,20,,0.00,
best activities for three year olds,,20,,0.45,
best activities for two year olds,,20,,0.14,
best activity books for 10 year olds,,20,,0.00,
best activity books for 11 year olds,,20,,0.00,
best activity books for 12 year olds,,20,,0.00,
best activity books for 2 year olds,,20,,0.47,
best activity books for 3-4 year olds,,20,,0.00,
best activity books for 4 year olds,,20,,0.79,
best activity books for 6 year olds,,20,,0.48,
best activity books for 7 year olds,,20,,0.42,
best activity books for 8 year olds,,20,,0.28,
best activity books for 9 year olds,,20,,0.00,
best activity center for 12 month old,,20,,0.00,
best activity center for 3 month old,,20,,0.38,
best activity center for 4 month old,,20,,0.43,
best activity center for 5 month old,,20,,0.45,
best activity center for 7 month old,,20,,0.49,
best activity center for 8 month old,,20,,0.39,
best activity center for 9 month old,,20,,0.56,
best activity centers for 1 year olds,,20,,0.40,
best activity classes for 3 year olds,,20,,0.00,
best activity cube for 1 year old,,20,,0.00,
best activity cube for 18 month old,,20,,0.00,
best activity cube for 6 month old,,20,,0.35,
best activity cube for 7 month old,,20,,0.00,
best activity cube for 8 month old,,20,,0.00,
best activity cube for 9 month old,,20,,0.00,
best activity gym for 3 month old,,20,,0.00,
best activity gym for 4 month old,,20,,0.00,
best activity kits for 2 year olds,,20,,0.00,
best activity kits for 4 year olds,,20,,0.00,
best activity kits for 7 year olds,,20,,0.00,
best activity table for 10 month old,,20,,0.25,
best activity table for 12 month old,,20,,0.00,
best activity table for 18 month old,,20,,0.00,
best activity table for 6 month old,,20,,0.20,
best activity table for 8 month old,,20,,0.00,
best activity table for 9 month old,,20,,0.37,
best activity toys for 18 month old,,20,,0.29,
best activity toys for 4 month old,,20,,0.00,
best activity toys for 6 month old,,20,,0.39,
best activity toys for 9 month old,,20,,0.00,
best afternoon treats for kids with active schedules,,20,,0.00,
best art activities for 3 year olds,,20,,0.00,
best at home activities for 3 year olds,,20,,0.00,
best car activities for 18 month old,,20,,0.22,
best craft activities for 3 year olds,,20,,0.00,
best craft activities for 5 year olds,,20,,0.36,
best drinks for active kids according to pediatricians or dietitians,,20,,0.00,
best educational activities for 2 year olds,,20,,0.00,
best educational activities for 3 year olds,,20,,0.40,
best educational activities for 4 year olds,,20,,0.68,
best energy bars for active kids children,,20,,0.00,
best extracurricular activities for 10 year olds,,20,,0.00,
best extracurricular activities for 2 year olds,,20,,0.00,
best extracurricular activities for 3 year olds,,20,,2.34,
best extracurricular activities for 4 year olds near me,,20,,0.00,
best extracurricular activities for 5 year olds,,20,,0.00,
best extracurricular activities for 5 year olds near me,,20,,1.14,
best extracurricular activities for 5 year-olds,,20,,0.00,
best extracurricular activities for 6 year olds,,20,,0.00,
best extracurricular activities for 7 year olds,,20,,0.00,
best extracurricular activities for 8 year olds,,20,,0.00,
best extracurricular activities for 9 year olds,,20,,0.00,
best gifts for active 3 year old boy,,20,,0.00,
best gifts for active 4 year old boy,,20,,0.00,
best gifts for active 4 year olds,,20,,0.45,
best gifts for active 5 year old boy,,20,,0.00,
best gifts for active 5 year olds,,20,,0.36,
best gifts for active 6 year old boy,,20,,0.00,
best home activities for 2 year olds,,20,,0.39,
best home activities for 4 year olds,,20,,0.00,
best home activities for 5 year olds,,20,,0.00,
best indoor activities for 1 year olds,,20,,0.00,
best indoor activities for 2 year olds,,20,,0.48,
best indoor activities for 3 year olds,,20,,0.00,
best indoor activities for 5 year olds,,20,,0.00,
best indoor activities for kids near me,,20,,0.00,
best kindness activities for kids at home or school,,20,,0.00,
best learning activities for 18 month old,,20,,0.69,
best learning activities for 2 year olds,,20,,1.39,
best learning activities for 20 month old,,20,,0.00,
best learning activities for 3 year olds,,20,,1.42,
best learning activities for 4 year olds,,20,,1.10,
best learning activities for 5 year olds,,20,,0.81,
best learning activity books for 3 year olds,,20,,0.00,
best montessori activities for 2 year olds,,20,,0.00,
best nyc activities for kids,,20,,0.00,
best outdoor activities for 2 year olds,,20,,0.37,
best outdoor activities for 3 year olds,,20,,0.44,
best outdoor activities for 4 year olds,,20,,0.32,
best outdoor activities for 5 year olds,,20,,0.00,
best outdoor activities for kids,,20,,0.00,
best outdoor activities in gippsland for families with kids,,20,,0.00,
best outdoor toys for active kids 2025 2026,,20,,0.00,
best outdoor toys for kids to stay active no screens,,20,,0.00,
best parks for kids activities austin tx,,20,,0.00,
best physical activity for 5 year olds,,20,,0.00,
best plane activities for 18 month old,,20,,0.48,
best playtime activities for kids with foam blocks,,20,,0.00,
best preschool activities for 3 year olds,,20,,0.71,
best preschool clothes for active kids,,20,,0.00,
best quality athletic clothing brands for active kids,,20,,0.00,
best sensory activities for one year olds,,20,,0.00,
best sports activities for 3 year olds,,20,,0.00,
best summer activities for 4 year olds,,20,,0.00,
best summer activities for 5 year olds,,20,,0.00,
best summer activities for preschool kids,,20,,0.00,
best sunglasses for kids with active lifestyles,,20,,0.00,
best toys for active 18 month old,,20,,0.38,
best toys for active 4 year olds,,20,,0.44,
best toys for active 5 year olds,,20,,0.38,
best toys for active 9 month old,,20,,0.31,
best travel activities for 2 year olds,,20,,0.45,
best travel activities for 3 year olds,,20,,0.40,
best travel activities for 4 year olds,,20,,0.42,
best travel activities for 6 year olds,,20,,0.45,
best travel activities for 7 year olds,,20,,0.00,
best travel activities for 9 year olds,,20,,0.00,
bible activities for 2 year olds,,20,,0.51,
bible activities for 3 year olds,,20,,0.42,
bible activities for 5 year olds,,20,,0.00,
big and small activities for 2 year olds,,20,,0.00,
big bear lake activities for kids,,20,,0.00,
big island activities for kids,,20,,0.00,
bilateral coordination activities for 2 year olds,,20,,0.00,
bilateral coordination activities for 3 year olds,,20,,0.00,
bilateral stimulation activities for kids,,20,,0.00,
bill of rights activities for kids,,20,,0.00,
biology activities for kids,,20,,0.00,
birthday activities for 10 year olds,,20,,1.32,
birthday activities for 11 year olds,,20,,1.53,
birthday activities for 12 year olds,,20,,1.13,
birthday activities for 13 year olds,,20,,0.94,
birthday activities for 14 year old girl,,20,,0.00,
birthday activities for 14 year olds,,20,,0.00,
birthday activities for 15 year olds,,20,,0.00,
birthday activities for 16 year olds,,20,,0.00,
birthday activities for 17 year olds,,20,,0.00,
birthday activities for 18 year olds,,20,,0.45,
birthday activities for 19 year olds,,20,,0.00,
birthday activities for 2 year olds,,20,,0.75,
birthday activities for 20 year olds,,20,,0.00,
birthday activities for 5 year olds,,20,,0.68,
birthday activities for 6 year olds,,20,,0.32,
birthday activities for 7 year olds,,20,,0.68,
birthday activities for 8 year olds,,20,,0.80,
birthday activities for 9 year olds,,20,,0.72,
birthday activities for kids at home,,20,,0.00,
birthday activity ideas for kids,,20,,0.00,
birthday party activities for 13 year olds,,20,,0.56,
birthday party activities for 14 year olds,,20,,0.17,
birthday party activities for 15 year olds,,20,,0.00,
birthday party activities for 17 year olds,,20,,0.17,
birthday party activities for 9 year olds,,20,,0.62,
birthday party activity ideas for kids,,20,,0.00,
birthday party venues with sensory activities for kids us,,20,,0.00,
black history month activities for 2 year olds,,20,,0.00,
black history month activity for kids,,20,,0.00,
block party activities for kids,,20,,0.00,
boat activities for kids,,20,,0.00,
body awareness activities for 2 year olds,,20,,0.00,
body scan activity for kids,,20,,0.00,
book activities for 2 year olds,,20,,0.00,
book activities for 3 year olds,,20,,0.00,
boundaries activities for kids,,20,,0.00,
bozeman activities for kids,,20,,0.00,
braille activity for kids,,20,,0.00,
brain activation exercises for 5 year olds,,20,,1.19,
brain activation exercises for kids adhd,,20,,0.00,
brain activation exercises for kids pdf,,20,,0.00,
brain activation exercises for kids printable,,20,,0.00,
brain activation for kids,,20,,0.00,
brain activities for 2 year olds,,20,,0.00,
brain activities for 4 year olds,,20,,0.00,
brain activities for 5 year olds,,20,,0.00,
brain activities for 7 year olds,,20,,0.00,
brain boosting activities for 10 year olds,,20,,0.00,
brain boosting activities for 2 year olds,,20,,0.00,
brain boosting activities for 3 year olds,,20,,0.00,
brain boosting activities for 4 year olds,,20,,0.00,
brain boosting activities for 5 year olds,,20,,0.32,
brain boosting activities for 6 year olds,,20,,0.00,
brain boosting activities for 8 year olds,,20,,0.00,
brain development activities for 1 month old,,20,,0.00,
brain development activities for 1 year olds,,20,,0.65,
brain development activities for 10 year olds,,20,,0.00,
brain development activities for 14 month old,,20,,1.33,
brain development activities for 15 month old,,20,,0.51,
brain development activities for 2 month old,,20,,0.00,
brain development activities for 2 year olds at home,,20,,0.79,
brain development activities for 3 month old,,20,,0.00,
brain development activities for 3 year olds at home,,20,,0.92,
brain development activities for 4 year olds,,20,,0.00,
brain development activities for 5 year olds,,20,,0.86,
brain development activities for 6 year olds,,20,,0.00,
brain development activities for 7 year olds,,20,,1.01,
brain development activities for 8 month old,,20,,0.00,
brain development activities for 8 year olds,,20,,0.00,
brain development activities for 9 month old,,20,,0.00,
brain gym activities for 5 year olds,,20,,0.00,
breckenridge activities for kids,,20,,0.00,
brooklyn activities for kids,,20,,0.00,
brown bear brown bear activities for 2 year olds,,20,,0.00,
budgeting activities for kids,,20,,0.00,
bug activities for 2 year olds,,20,,0.00,
build a snowman activity for kids,,20,,0.00,
building activities for 3 year olds,,20,,0.23,
building activities for 4 year olds,,20,,0.00,
building activities for 5 year olds,,20,,0.45,
building activities for 8 year olds,,20,,0.00,
bullying activities for kids pdf,,20,,0.00,
burning bush activity for kids,,20,,0.00,
busy activities for 1 year olds,,20,,0.19,
busy activities for 2 year olds,,20,,0.28,
busy activities for 3 year olds,,20,,0.49,
busy activities for 4 year olds,,20,,0.18,
busy activities for 5 year olds,,20,,0.23,
busy toddler activities for 3 year olds,,20,,0.00,
cabo activities for kids,,20,,0.00,
cain and abel activity for kids,,20,,0.00,
calendar activities for kids,,20,,0.00,
calm activities for kids,,20,,0.00,
calming activities for 5 year olds,,20,,0.00,
calming activity for kids,,20,,0.00,
camouflage activities for kids,,20,,0.00,
camp activities for 10 year olds,,20,,1.21,
camp activities for 12 year olds,,20,,0.00,
camp activities for 5 year olds,,20,,0.28,
camp activities for 6 year olds,,20,,0.00,
camping activities for 1 year olds,,20,,0.00,
camping activities for 2 year olds,,20,,0.00,
camping activities for 3 year olds,,20,,0.17,
camping activities for 4 year olds,,20,,0.19,
candy corn activity for kids,,20,,0.00,
car activities for 1 year old,,20,,0.00,
car activities for 10 month old,,20,,0.00,
car activities for 12 month old,,20,,0.00,
car activities for 15 month old,,20,,0.27,
car activities for 16 month old,,20,,0.00,
car activities for 18 month old,,20,,0.32,
car activities for 7 year-olds,,20,,0.00,
car activities for 8 year olds,,20,,0.22,
car activities for 9 month old,,20,,0.00,
car activities for 9 year olds,,20,,0.30,
car activities for one year olds,,20,,0.00,
car ride activities for 10 year olds,,20,,0.20,
car ride activities for 3 year olds,,20,,0.30,
car ride activities for 4 year olds,,20,,0.27,
car ride activities for 5 year olds,,20,,0.20,
car ride activities for 8 year olds,,20,,0.00,
car travel activities for 2 year olds,,20,,0.27,
cardboard activities for 2 year olds,,20,,0.00,
cardboard activities for 3 year olds,,20,,0.00,
cardboard activities for 6 year olds,,20,,0.00,
career day activities for kids,,20,,0.00,
carlsbad activities for kids,,20,,0.00,
carnival cruise activities for 13 year olds,,20,,0.00,
carnival cruise activities for 18 year olds,,20,,0.00,
caterpillar activities for 2 year olds,,20,,0.00,
catholic activity books for kids,,20,,0.00,
catholic lent activities for kids,,20,,0.00,
catholic thanksgiving activities for kids,,20,,0.00,
cause and effect activities for 2 year olds,,20,,0.00,
cause and effect activities for 3 year olds,,20,,0.00,
cause and effect activities for 4 year olds,,20,,0.00,
cause and effect activities for kids,,20,,0.00,
challenging activities for 2 year olds,,20,,0.00,
challenging activities for 3 year olds,,20,,0.53,
challenging activities for 4 year olds,,20,,0.00,
chanukah activities for kids,,20,,0.00,
cheerleading activities for kids,,20,,0.00,
childcare activities for 1 2 year olds,,20,,0.56,
childcare activities for 2 3 year olds,,20,,0.00,
christian activity pages for kids,,20,,0.00,
christian advent activities for kids,,20,,0.00,
christmas activities for 1 2 year olds,,20,,0.00,
christmas activities for 10 year olds,,20,,0.00,
christmas activities for 12 year olds,,20,,0.00,
christmas activities for 18 month olds,,20,,0.00,
christmas activities for 2 to 3 year olds,,20,,0.00,
christmas activities for 20 month old,,20,,0.00,
christmas activities for 3 4 year olds,,20,,0.00,
christmas activities for 5 year olds,,20,,0.00,
christmas activities for 6 month old,,20,,0.00,
christmas activities for 8 month old,,20,,0.00,
christmas activities for 8 year olds,,20,,0.00,
christmas activities for 9 month old,,20,,0.00,
christmas activities for 9 year olds,,20,,0.00,
christmas activities for kids 2025,,20,,0.00,
christmas activities for kids at school,,20,,0.00,
christmas activities for kids atlanta,,20,,0.00,
christmas activities for kids chicago,,20,,0.00,
christmas activities for kids leduc december 2024,,20,,0.00,
christmas activities for one year olds,,20,,0.00,
christmas activities for three year olds,,20,,0.00,
christmas art activities for 2 3 year olds,,20,,0.00,
christmas food activities for kids,,20,,0.00,
christmas gifts for active kids,,20,,0.00,
christmas stem activities for kids,,20,,0.00,
christmas themed therapy activities for kids,,20,,0.00,
christopher columbus activities for kids,,20,,0.00,
church activities for 2 year olds,,20,,0.00,
church activities for kids printable,,20,,0.00,
cinco de mayo activity for kids,,20,,0.00,
cinco de mayo for kids activities,,20,,0.00,
circle time activities for 1 year olds,,20,,0.00,
circle time activities for 2 3 year olds,,20,,0.00,
circle time activities for 2-3 year olds,,20,,0.00,
circle time activities for 3 5 year olds,,20,,0.00,
circle time activities for one year olds,,20,,0.00,
circle time activities for three year olds,,20,,0.50,
circuit activities for kids,,20,,0.00,
class activities for 2 year olds,,20,,0.49,
class activities for 3 year olds,,20,,0.68,
classroom activities for 1 year olds,,20,,0.18,
classroom activities for 4 year olds,,20,,0.77,
classroom activities for 5 year olds,,20,,0.00,
classroom activities for 6 year olds,,20,,0.00,
clay activities for 2 year olds,,20,,0.00,
clay activities for 3 year olds,,20,,0.00,
clay activities for 4 year olds,,20,,0.00,
clay activities for 5 year olds,,20,,0.00,
cocoa beach activities for kids,,20,,0.00,
coding for kids activities,,20,,0.00,
cognitive activities for 1 2 year olds,,20,,0.00,
cognitive activities for 1 year olds,,20,,0.51,
cognitive activities for 10 month old,,20,,0.00,
cognitive activities for 11 month old,,20,,0.00,
cognitive activities for 18 month old,,20,,0.00,
cognitive activities for 2 3 year olds,,20,,0.00,
cognitive activities for 3 4 year olds,,20,,0.00,
cognitive activities for 3 5 year olds,,20,,0.00,
cognitive activities for 3 month old,,20,,0.00,
cognitive activities for 4 5 year olds,,20,,0.00,
cognitive activities for 4 year olds,,20,,0.00,
cognitive activities for 4-5 year olds,,20,,0.00,
cognitive activities for 5 month old,,20,,0.00,
cognitive activities for 6 year olds,,20,,0.00,
cognitive activities for 7 month old,,20,,0.00,
cognitive activities for 7 year olds,,20,,0.00,
cognitive activities for 8 year olds,,20,,0.00,
cognitive activities for kids,,20,,0.00,
cognitive activities for one year olds,,20,,0.48,
cognitive activities for three year olds,,20,,0.53,
cognitive activities for two year olds,,20,,0.00,
cognitive development activities for 1 2 year olds,,20,,2.49,
cognitive development activities for 1 year olds,,20,,0.00,
cognitive development activities for 1-2 year olds,,20,,0.00,
cognitive development activities for 12 16 year olds,,20,,0.00,
cognitive development activities for 12 year olds,,20,,0.00,
cognitive development activities for 15 month old,,20,,0.00,
cognitive development activities for 2 3 year olds,,20,,0.00,
cognitive development activities for 2 year olds,,20,,0.68,
cognitive development activities for 2-3 year olds,,20,,0.00,
cognitive development activities for 3 4 year olds,,20,,0.00,
cognitive development activities for 3 year olds,,20,,0.00,
cognitive development activities for 3--5 year olds,,20,,1.22,
cognitive development activities for 3-4 year olds,,20,,0.00,
cognitive development activities for 4 5 year olds,,20,,0.00,
cognitive development activities for 4 year olds,,20,,0.00,
cognitive development activities for 6 12 year olds,,20,,0.00,
cognitive development activities for 6 year olds,,20,,0.00,
cognitive skills activities for 2 3 year olds,,20,,0.00,
collage activities for kids,,20,,0.00,
color activities for 1 year olds,,20,,0.00,
color activities for 4 year olds,,20,,0.00,
color activities for two year olds,,20,,0.00,
color activity for kids,,20,,0.00,
color learning activities for 2 year olds,,20,,0.00,
color learning activities for 3 year olds,,20,,0.00,
color mixing activity for kids,,20,,0.00,
color red activities for 2 year olds,,20,,0.00,
color sorting activities for 2 year olds,,20,,0.66,
color wheel activity for kids,,20,,0.00,
colorado activities for kids,,20,,0.00,
coloring activities for 1 year olds,,20,,0.00,
coloring activities for 18 month old,,20,,0.00,
coloring activities for 3 year olds,,20,,0.38,
coloring activities for 4 year olds,,20,,0.00,
coloring activities for 5 year olds,,20,,0.00,
coloring activities for 6 year olds,,20,,0.00,
colors and shapes activities for 2 year olds,,20,,0.00,
colour activities for 2 3 year olds,,20,,0.00,
colour activities for 2 year olds,,20,,0.00,
colour activities for 5 year olds,,20,,0.00,
colour recognition activities for 2 3 year olds,,20,,0.00,
colouring activities for 10 year olds,,20,,0.00,
colouring activities for 2 year olds,,20,,0.00,
colouring activities for 3 year olds,,20,,0.00,
colouring activities for 5 year olds,,20,,0.00,
colouring activities for 8 year olds,,20,,0.00,
communication activities for 2 year olds,,20,,0.00,
communication activities for 3 year olds,,20,,0.00,
communication and language activities for 2 3 year olds,,20,,0.00,
communication skills activities for kids,,20,,0.00,
community helpers activities for 3 year olds,,20,,0.00,
composting activities for kids,,20,,0.00,
computer activities for 3 year olds,,20,,0.00,
computer activities for 4 year olds,,20,,0.00,
computer activities for 5 year olds,,20,,0.00,
concentration activities for 4 year olds,,20,,0.00,
confidence building activities for 4 year olds,,20,,0.00,
confidence building for kids activities,,20,,0.00,
constellation activity for kids,,20,,0.00,
constellations activity for kids,,20,,0.00,
construction activities for 2 year olds,,20,,0.00,
construction paper activities for 2 year olds,,20,,0.00,
construction paper activities for 3 year olds,,20,,0.00,
contact paper activities for 1 year olds,,20,,0.00,
cooking activities for 2 year olds,,20,,0.00,
cooking activities for 3 year olds,,20,,0.00,
cooking activities for 4 year olds,,20,,0.00,
cooking activities for two year olds,,20,,0.00,
cool activities for 10 year olds,,20,,0.00,
cool activities for 3 year olds,,20,,0.00,
cool activities for kids,,20,,0.00,
cooperative play activities for 3 year olds,,20,,0.00,
coordination activities for kids,,20,,0.00,
corn activity for kids,,20,,0.00,
counseling activities for 4 year olds,,20,,0.00,
counseling activities for 5 year olds,,20,,0.00,
counseling activities for kids,,20,,0.00,
counting activities for 1 year olds,,20,,0.00,
counting activities for 2 3 year olds,,20,,0.00,
counting activities for 2-3 year olds,,20,,0.00,
counting activities for 3-4 year olds,,20,,0.81,
counting activities for 4 year olds,,20,,0.00,
counting activities for 5 year olds,,20,,0.00,
counting activities for two year olds,,20,,0.00,
courage activities for kids,,20,,0.00,
cowboy activities for kids,,20,,0.00,
craft activities for 10 year olds,,20,,0.00,
craft activities for 2 year olds at home,,20,,0.00,
craft activities for 2-3 year olds,,20,,0.20,
craft activities for 4 5 year olds,,20,,0.41,
craft activities for 5 7 year olds,,20,,0.00,
craft activities for 9 month old,,20,,0.00,
craft activities for four year olds,,20,,0.00,
crafts and activities for 1 year olds,,20,,0.00,
crafts and activities for 3 year olds,,20,,0.00,
crafts and activities for 4 year olds,,20,,0.00,
creative activities for 1 year olds,,20,,0.24,
creative activities for 10 year olds,,20,,0.00,
creative activities for 11 year olds,,20,,0.00,
creative activities for 12 year olds,,20,,0.00,
creative activities for 18 month old,,20,,0.00,
creative activities for 2 3 year olds,,20,,0.00,
creative activities for 2 year olds,,20,,0.18,
creative activities for 3 4 year olds,,20,,0.00,
creative activities for 3 year olds,,20,,1.05,
creative activities for 4 year olds,,20,,0.16,
creative activities for 5 6 year olds,,20,,0.00,
creative activities for 5 year olds,,20,,0.41,
creative activities for 6 month old,,20,,0.25,
creative activities for 6 year olds,,20,,0.00,
creative activities for 7 year olds,,20,,0.00,
creative activities for 8 year olds,,20,,0.00,
creative activities for 9 year olds,,20,,0.00,
creative activities for one year olds,,20,,0.24,
creative activities for two year olds,,20,,0.39,
creative art activities for 2 3 year olds,,20,,0.00,
creative art activities for 3 4 year olds,,20,,0.00,
creative art activities for 3 year olds,,20,,0.00,
creative art activities for 4 5 year olds,,20,,0.00,
creative art activities for 4 year olds,,20,,0.00,
creative art activities for 5 year olds,,20,,0.00,
creative art activities for 8 year olds,,20,,0.00,
creative arts activities for 3 5 year olds,,20,,0.00,
creative arts activities for 3 year olds,,20,,0.00,
creative bible activities for kids,,20,,0.00,
creative indoor activities for kids on a winter day,,20,,0.00,
creative play activities for 1 year olds,,20,,0.00,
creative play activities for 2 year olds,,20,,0.26,
creative play activities for 3 year olds,,20,,0.82,
creative play activities for 3-5 year olds,,20,,0.00,
creative play activities for 4 year olds,,20,,0.00,
creative play activities for 5 year olds,,20,,0.00,
creative writing activities for kids,,20,,0.00,
critical thinking activities for 10 year olds,,20,,0.00,
critical thinking activities for 5 year olds,,20,,0.00,
critical thinking activities for 8 year olds,,20,,0.00,
cross body activities for kids,,20,,0.00,
crossing the midline activities for kids,,20,,0.00,
cut and paste activities for 2 year olds,,20,,0.00,
cut and paste activities for 3 year olds,,20,,0.00,
cut and paste activities for 4 year olds,,20,,0.00,
cut and paste activities for 5 year olds,,20,,0.00,
cut and paste activities for 6 year olds,,20,,0.00,
cut out activities for 5 year olds,,20,,0.00,
cut out activities for kids,,20,,0.00,
cutting activities for 2 year olds,,20,,0.00,
cutting activities for 3 year olds free printable,,20,,0.00,
cutting activities for 4 year olds,,20,,0.00,
cutting activities for 5 year olds,,20,,0.00,
cutting activities for 6 year olds,,20,,0.00,
cyber safety activity for kids,,20,,0.00,
daily activities for 16 month old,,20,,0.00,
daily activities for 18 month old,,20,,0.34,
daily activities for 2 month old,,20,,0.40,
daily activities for 3 month old,,20,,0.63,
daily activities for 4 year olds,,20,,0.79,
daily activities for 5 month old,,20,,1.99,
daily activities for 5 year olds,,20,,0.00,
daily activities for 6 month old,,20,,0.40,
daily activities for 8 month old,,20,,0.41,
daily activities for 9 month old,,20,,0.00,
daily activities for a 3 month old,,20,,0.00,
daily activities for a 5 month old,,20,,0.53,
daily learning activities for 2 year olds,,20,,1.27,
daily learning activities for 3 year olds,,20,,0.00,
dance activities for 3 year olds,,20,,0.00,
day camp activities for 5 year olds,,20,,0.00,
daycare activities for 1 2 year olds,,20,,0.32,
daycare activities for 1 and 2 year olds,,20,,0.58,
daycare activities for 12 18 month olds,,20,,0.00,
daycare activities for 18 month old,,20,,0.14,
daycare activities for 2 3 year olds,,20,,0.38,
daycare activities for 2 4 year olds,,20,,0.00,
daycare activities for 3 4 year olds,,20,,0.00,
daycare activities for 4-5 year olds,,20,,0.00,
daycare activities for 5 year olds,,20,,0.00,
daycare sensory activities for 2 year olds,,20,,0.00,
dear zoo activities for 2 year olds,,20,,0.00,
deep pressure activities for kids,,20,,0.00,
dental health activities for kids,,20,,0.00,
destin fl activities for kids,,20,,0.00,
development activities for 16 month old,,20,,0.54,
development activities for 2 year olds,,20,,0.60,
developmental activities for 1 month old,,20,,0.51,
developmental activities for 10 month old,,20,,0.54,
developmental activities for 11 month old,,20,,0.51,
developmental activities for 12 month old,,20,,0.43,
developmental activities for 15 month old,,20,,0.39,
developmental activities for 18 24 month old,,20,,1.31,
developmental activities for 18 month old,,20,,0.27,
developmental activities for 2 3 year olds,,20,,0.00,
developmental activities for 2 month old,,20,,0.52,
developmental activities for 2 week old,,20,,0.42,
developmental activities for 3 week old,,20,,0.16,
developmental activities for 4 month old,,20,,0.69,
developmental activities for 4 week old,,20,,0.00,
developmental activities for 4 year olds,,20,,0.73,
developmental activities for 5 month old,,20,,0.45,
developmental activities for 5 year olds,,20,,0.00,
developmental activities for 7 month old,,20,,0.49,
developmental activities for 8 month old,,20,,0.51,
developmental activities for 9 month old,,20,,0.58,
developmental activities for a 4 month old,,20,,0.00,
developmentally appropriate activities for 1 year olds,,20,,0.00,
developmentally appropriate activities for 2 3 year olds,,20,,0.00,
developmentally appropriate activities for 2 year olds,,20,,0.27,
developmentally appropriate activities for 3 4 year olds,,20,,0.00,
developmentally appropriate activities for 3 5 year olds,,20,,0.00,
developmentally appropriate activities for 3 5 year olds pdf,,20,,0.00,
developmentally appropriate activities for 3 year olds,,20,,0.00,
developmentally appropriate activities for 3-5 year olds pdf,,20,,0.00,
developmentally appropriate activities for 4 5 year olds,,20,,0.00,
developmentally appropriate activities for 4 year olds,,20,,0.00,
developmentally appropriate activities for 5 year olds,,20,,0.00,
developmentally appropriate activities for two year olds,,20,,0.00,
dfw activities for kids,,20,,0.00,
digital activity packs for kids,,20,,0.00,
digital literacy activities for 3 5 year olds,,20,,0.00,
dinosaur activities for 1 year olds,,20,,0.00,
dinosaur activities for 2 year olds,,20,,0.00,
dinosaur activities for 3 year olds,,20,,0.42,
dinosaur activities for 5 year olds,,20,,0.00,
dinosaur activities for 6 year olds,,20,,0.00,
dinosaur activities for 7 year olds,,20,,0.88,
dinosaur activities for 8 year olds,,20,,0.00,
dinosaur activities for two year olds,,20,,0.00,
dinosaur stem activities for kids,,20,,0.00,
disney world activities for 2 year olds,,20,,0.00,
disneyland family-friendly activities for grandparents and kids,,20,,0.00,
distress tolerance activities for kids,,20,,0.00,
diwali activities for 2 year olds,,20,,0.00,
diwali activities for 3 year olds,,20,,0.00,
diy activities for 1 year old,,20,,0.00,
diy activities for 10 month old,,20,,0.28,
diy activities for 10 year olds,,20,,0.00,
diy activities for 11 month old,,20,,0.00,
diy activities for 12 month old,,20,,0.10,
diy activities for 12 year olds,,20,,0.00,
diy activities for 14 month old,,20,,0.06,
diy activities for 15 month old,,20,,0.13,
diy activities for 16 month old,,20,,0.12,
diy activities for 18 month old,,20,,0.18,
diy activities for 19 month old,,20,,0.00,
diy activities for 2 year olds at home,,20,,0.00,
diy activities for 3 month old,,20,,0.07,
diy activities for 3 year olds,,20,,0.32,
diy activities for 3 year olds at home,,20,,0.00,
diy activities for 4 month old,,20,,0.07,
diy activities for 4 year olds,,20,,0.00,
diy activities for 5 month old,,20,,0.12,
diy activities for 5 year olds,,20,,0.09,
diy activities for 6 month old,,20,,0.09,
diy activities for 6 year olds,,20,,0.00,
diy activities for 7 month old,,20,,0.05,
diy activities for 7 year olds,,20,,0.00,
diy activities for 8 month old,,20,,0.07,
diy activities for 9 month old,,20,,0.09,
diy activities for one year olds,,20,,0.00,
diy christmas activities for kids,,20,,0.00,
diy home activities for 3 year olds,,20,,0.00,
diy learning activities for 1 year olds,,20,,0.14,
diy learning activities for 2 year olds,,20,,0.40,
diy learning activities for 3 year olds,,20,,0.56,
diy learning activities for 4 year olds,,20,,0.00,
diy learning activities for 5 year olds,,20,,0.00,
diy montessori activities for 14 month old,,20,,0.00,
diy montessori activities for 18 month old,,20,,0.00,
diy montessori activities for 2 year olds,,20,,0.63,
diy montessori activities for 3 year olds,,20,,0.00,
diy montessori activities for 4 year olds,,20,,0.00,
diy montessori activities for 7 month old,,20,,0.00,
diy montessori activities for 9 month old,,20,,0.00,
diy outdoor activities for 4 year olds,,20,,0.00,
diy outdoor activities for kids,,20,,0.00,
diy sensory activities for 1 year olds,,20,,0.15,
diy sensory activities for 2 year olds,,20,,0.21,
diy sensory activities for 4 month old,,20,,0.00,
diy sensory activities for 5 month old,,20,,0.00,
diy sensory activities for 6 month old,,20,,0.07,
diy sensory activities for 7 year olds,,20,,0.00,
diy sensory activities for 8 month old,,20,,0.12,
diy sensory activities for 9 month old,,20,,0.00,
doctor activities for 2 year olds,,20,,0.00,
dollar tree activities for kids,,20,,0.00,
dot sticker activities for 2 year olds,,20,,0.00,
doubting thomas activity for kids,,20,,0.00,
dr seuss art activities for kids,,20,,0.00,
dramatic play activities for 2 year olds,,20,,0.00,
dramatic play activities for 3 year olds,,20,,0.00,
drawing activities for 10 year olds,,20,,0.00,
drawing activities for 11 year olds,,20,,0.00,
drawing activities for 12 year olds,,20,,0.00,
drawing activities for 2 year olds,,20,,0.00,
drawing activities for 3 year olds,,20,,0.00,
drawing activities for 4 year olds,,20,,0.00,
drawing activities for 6 year olds,,20,,0.00,
drawing activities for 7 year olds,,20,,0.00,
drawing activities for 8 year olds,,20,,0.00,
drawing activities for 9 year olds,,20,,0.00,
dressing activities for 3 4 year olds,,20,,0.00,
dry ice activities for kids,,20,,0.00,
dyslexia activities for kids,,20,,0.00,
early intervention activities for 2 year olds,,20,,1.51,
early learning activities for 2 year olds,,20,,0.00,
early learning activities for 3 year olds,,20,,0.00,
early learning activities for 4 year olds,,20,,0.00,
early literacy activities for 3 year olds,,20,,0.00,
earth activities for kids,,20,,0.00,
earth day activities for 4 year olds,,20,,0.26,
earth day activities for kids free printable,,20,,0.00,
earth day activities for kids pdf,,20,,0.00,
earth day activities for kids preschool,,20,,0.00,
earth day activities for kids printable,,20,,0.00,
earth day activities for two year olds,,20,,0.09,
earth day activity worksheets for kids,,20,,0.00,
earth day group activity for kids,,20,,0.00,
easter activities for 1 year old,,20,,0.00,
easter activities for 18 month old,,20,,0.41,
easter activities for one year olds,,20,,0.17,
easter activity sheets for kids printable,,20,,0.00,
easter day activities for kids near me,,20,,0.00,
easter egg hunt activities for kids,,20,,0.00,
easter stem activities for kids,,20,,0.00,
easy activities for 1 year olds,,20,,0.09,
easy activities for 10 year olds,,20,,0.00,
easy activities for 15 month old,,20,,0.00,
easy activities for 18 month olds,,20,,0.12,
easy activities for 2 3 year olds,,20,,0.00,
easy activities for 2 year olds at home,,20,,0.00,
easy activities for 3 4 year olds,,20,,0.00,
easy activities for 3 year olds,,20,,0.23,
easy activities for 3 year olds at home,,20,,0.16,
easy activities for 5 year olds,,20,,0.20,
easy activities for 6 year olds,,20,,0.10,
easy activities for 7 year olds,,20,,0.00,
easy activities for one year olds,,20,,0.00,
easy art activities for 2 year olds,,20,,0.00,
easy art activities for 3 year olds,,20,,0.00,
easy art activities for 4 year olds,,20,,0.00,
easy at home activities for 2 year olds,,20,,0.21,
easy at home activities for 3 year olds,,20,,0.00,
easy clay activities for 3 year olds,,20,,0.00,
easy craft activities for 2 year olds,,20,,0.00,
easy craft activities for 3 year olds,,20,,0.14,
easy craft activities for 4 year olds,,20,,0.00,
easy craft activities for 5 year olds,,20,,0.00,
easy craft activities for 6 year olds,,20,,0.00,
easy craft activities for kids,,20,,0.00,
easy diy activities for 2 year olds,,20,,0.00,
easy easter activities for kids,,20,,0.00,
easy fun activities for 4 year olds,,20,,0.20,
easy fun activities for 5 year olds,,20,,0.00,
easy home activities for 2 year olds,,20,,0.00,
easy home activities for 3 year olds,,20,,0.00,
easy indoor activities for 1 year olds,,20,,0.00,
easy indoor activities for 2 year olds,,20,,0.16,
easy indoor activities for 3 year olds,,20,,0.08,
easy indoor activities for 4 year olds,,20,,0.05,
easy learning activities for 2 year olds,,20,,0.85,
easy learning activities for 3 year olds,,20,,1.15,
easy learning activities for 4 year olds,,20,,0.67,
easy outdoor activities for 2 year olds,,20,,0.00,
easy outdoor activities for kids,,20,,0.00,
easy painting activities for 7 year olds,,20,,0.00,
easy sensory activities for 1 year olds,,20,,0.00,
easy sensory activities for 2 year olds,,20,,0.00,
easy sensory activities for 3 year olds,,20,,0.00,
echolocation activity for kids,,20,,0.00,
ecosystem activities for kids,,20,,0.00,
educational activities for 1 2 year olds,,20,,0.00,
educational activities for 1 year olds at home,,20,,0.37,
educational activities for 1.5 year olds,,20,,0.00,
educational activities for 10 month old,,20,,0.29,
educational activities for 11 month old,,20,,0.00,
educational activities for 12 month old,,20,,0.00,
educational activities for 12 year olds,,20,,2.40,
educational activities for 13 year olds,,20,,0.00,
educational activities for 14 month old,,20,,0.00,
educational activities for 14 year olds,,20,,0.00,
educational activities for 15 month old,,20,,0.24,
educational activities for 16 month old,,20,,0.30,
educational activities for 18 month old,,20,,0.55,
educational activities for 2 3 year olds,,20,,0.68,
educational activities for 2 year olds printables,,20,,0.00,
educational activities for 2-3 year olds,,20,,0.68,
educational activities for 20 month old,,20,,0.14,
educational activities for 21 month old,,20,,0.00,
educational activities for 3 4 year olds,,20,,1.00,
educational activities for 3 year olds printable,,20,,1.10,
educational activities for 3 year olds printable pdf,,20,,1.00,
educational activities for 4 5 year olds,,20,,0.00,
educational activities for 4 6 year olds,,20,,0.00,
educational activities for 4 year olds printable,,20,,0.00,
educational activities for 5 year olds printable,,20,,0.00,
educational activities for 5 year olds to do at home,,20,,0.00,
educational activities for 5-year-olds at home,,20,,0.62,
educational activities for 6 month old,,20,,0.21,
educational activities for 6 year olds,,20,,0.00,
educational activities for 6 year olds pdf,,20,,0.69,
educational activities for 7 month old,,20,,0.00,
educational activities for 7 year olds,,20,,1.91,
educational activities for 8 month old,,20,,0.12,
educational activities for 9 month old,,20,,0.18,
educational activities for 9 year olds,,20,,0.77,
educational activities for two year olds,,20,,0.34,
educational activity books for 3 year olds,,20,,0.00,
educational activity books for 4 year olds,,20,,0.00,
educational activity books for 5 year olds,,20,,0.00,
educational activity books for 6 year olds,,20,,0.00,
educational activity books for 7 year olds,,20,,0.00,
educational activity kits for kids,,20,,0.00,
educational technology tools for preschool kids learning activities,,20,,0.00,
egypt activities for kids,,20,,0.00,
election day activities for kids,,20,,0.00,
emergent writing activities for 3 year olds,,20,,0.00,
emergent writing activities for 3-5 year olds,,20,,0.00,
emotional activities for 2 year olds,,20,,0.00,
emotional activities for 3 5 year olds,,20,,0.00,
emotional activities for 3 year olds,,20,,0.00,
emotional activities for 4 year olds,,20,,0.00,
emotional development activities for 1 2 year olds,,20,,0.00,
emotional development activities for 1 year olds,,20,,0.00,
emotional development activities for 2 3 year olds,,20,,0.00,
emotional development activities for 2 year olds,,20,,0.00,
emotional development activities for 3 5 year olds,,20,,0.00,
emotional development activities for 3 year olds,,20,,0.00,
emotional development activities for 4 5 year olds,,20,,0.00,
emotional development activities for 4 and 5 year olds,,20,,0.00,
emotional development activities for 4 year olds,,20,,0.00,
emotional development activities for 5 year olds,,20,,0.00,
emotional expression activities for kids,,20,,0.00,
emotional regulation activities for 10 year olds,,20,,4.86,
emotional regulation activities for 2 year olds,,20,,0.00,
emotional regulation activities for 3 year olds,,20,,0.00,
emotional regulation activities for 4 year olds,,20,,4.58,
emotional regulation activities for 5 year olds,,20,,2.70,
emotional regulation activities for 6 year olds,,20,,1.04,
emotional regulation activities for kids pdf,,20,,0.00,
emotional regulation activity for kids,,20,,0.00,
emotional skills activities for 3 5 year olds,,20,,0.00,
emotional skills regulation activities for 3 year olds,,20,,0.00,
emotional skills regulation activities for 4 year olds,,20,,0.00,
emotional skills regulation activities for 5 year olds,,20,,0.00,
emotions activities for 3 year olds,,20,,0.00,
engaging activities for 1 year olds,,20,,0.46,
engaging activities for 2 year olds,,20,,0.22,
engaging activities for 3 year olds,,20,,0.21,
engaging activities for 4 year olds,,20,,0.40,
engaging activities for 5 year olds,,20,,0.00,
engaging activities for 6 month old,,20,,0.00,
engaging activities for 6 year olds,,20,,0.00,
engaging group activities for kids and adults together family friendly,,20,,0.00,
engineering activity for kids,,20,,0.00,
enrichment activities for 1 year olds,,20,,0.28,
enrichment activities for 2 year olds,,20,,0.62,
enrichment activities for 4 month old,,20,,0.39,
enrichment activities for 5 month old,,20,,0.27,
enrichment activities for 6 month old,,20,,0.70,
enrichment activities for 8 month old,,20,,0.23,
enrichment activities for 9 month old,,20,,0.50,
esl activities for kids,,20,,0.00,
esl writing activity for 8 10 year olds,,20,,0.00,
exciting rainy day activities for kids,,20,,0.00,
executive function activities for 5 to 7 year olds,,20,,0.00,
executive function activities for 5- to 7-year-olds,,20,,0.00,
executive function activities for 7 to 12-year-olds,,20,,1.04,
executive functioning activities for 10 year olds,,20,,0.00,
executive functioning activities for kids,,20,,0.00,
explorer activities for kids,,20,,0.00,
expressing emotions activities for kids,,20,,0.00,
expressive language activities for 2 year olds,,20,,0.00,
expressive language activities for 4 and 5 year olds,,20,,0.00,
expressive language activities for 5 year olds,,20,,0.00,
extra activities for 3 year olds,,20,,0.00,
extra activities for 4 year olds,,20,,0.00,
extra curricular activities for 3 year olds near me,,20,,2.65,
extracurricular activities for 1 year olds,,20,,3.69,
extracurricular activities for 1 year olds near me,,20,,1.69,
extracurricular activities for 10 year olds,,20,,1.67,
extracurricular activities for 11 year olds,,20,,0.00,
extracurricular activities for 12 year olds,,20,,1.98,
extracurricular activities for 13 year olds,,20,,2.50,
extracurricular activities for 14 year olds,,20,,1.33,
extracurricular activities for 15 year olds,,20,,0.00,
extracurricular activities for 16 year olds,,20,,1.59,
extracurricular activities for 5 year olds near me,,20,,2.29,
extracurricular activities for 6 year olds,,20,,3.14,
extracurricular activities for 6 year olds near me,,20,,1.55,
extracurricular activities for 7 year olds,,20,,1.88,
extracurricular activities for 8 year olds,,20,,5.62,
extracurricular activities for homeschool kids,,20,,0.00,
extracurricular activities for kids with autism,,20,,0.00,
extracurricular activities for two year olds,,20,,0.00,
eye hand coordination activities for 2 year olds,,20,,0.00,
eyfs activities for 3 4 year olds,,20,,0.00,
fairy tale activities for 2 year olds,,20,,0.00,
fall activities for 10 year olds,,20,,0.00,
fall activities for 18 month old,,20,,0.00,
fall activities for 2 3 year olds,,20,,0.00,
fall activities for 6 year olds,,20,,0.00,
fall activities for 8 year olds,,20,,0.00,
fall activities for kids at home,,20,,0.00,
fall activities for kids in school,,20,,0.00,
fall activities for kids printable,,20,,0.00,
fall activities for one year olds,,20,,0.00,
fall activities for two year olds,,20,,0.00,
fall activity for 2 year olds,,20,,0.00,
fall activity pages for kids,,20,,0.00,
fall outdoor activities for kids,,20,,0.00,
fall printable activities for kids,,20,,0.00,
fall sensory activities for 1 year olds,,20,,0.00,
fall stem activities for kids,,20,,0.00,
fall themed activities for kids,,20,,0.00,
family activities for 2 year olds,,20,,0.00,
family therapy activities for kids,,20,,0.00,
family-friendly activities in paris for kids and grandparents,,20,,0.00,
family-friendly neighborhoods in cancun with parks and activities for kids,,20,,0.00,
family-friendly neighborhoods south lake tahoe parks activities for kids,,20,,0.00,
fargo activities for kids,,20,,0.00,
farm activities for 2 year olds,,20,,0.00,
farm activities for 3 year olds,,20,,0.00,
farm animal activities for 1 year olds,,20,,0.00,
farm animal activities for 2 year olds,,20,,0.00,
farm to table activities for kids,,20,,0.00,
father's day activities for 2 year olds,,20,,0.00,
father's day activity for kids,,20,,0.00,
favorite activities for 3 year olds,,20,,0.00,
favorite activities for 5 year olds,,20,,0.00,
february activity sheets for kids,,20,,0.00,
feelings activities for 2 year olds,,20,,0.00,
feelings activities for kids pdf,,20,,0.00,
fine motor activities for 10 month old,,20,,0.00,
fine motor activities for 10 year olds,,20,,0.00,
fine motor activities for 12 month old,,20,,0.00,
fine motor activities for 15 month old,,20,,0.00,
fine motor activities for 16 month old,,20,,0.00,
fine motor activities for 18 month old,,20,,0.00,
fine motor activities for 2 3 year olds,,20,,0.00,
fine motor activities for 2-3 year olds,,20,,0.00,
fine motor activities for 3 5 year olds,,20,,0.00,
fine motor activities for 3-5 year olds,,20,,0.00,
fine motor activities for 4 5 year olds,,20,,0.80,
fine motor activities for 5 month old,,20,,0.00,
fine motor activities for 6 month old,,20,,0.00,
fine motor activities for 7 month old,,20,,0.00,
fine motor activities for 8 month old,,20,,0.62,
fine motor activities for 8 year olds,,20,,0.00,
fine motor activities for 9 month old,,20,,0.67,
fine motor activities for 9 year olds,,20,,0.00,
fine motor development activities for 2 3 year olds,,20,,0.00,
fine motor development activities for 3 year olds,,20,,0.00,
fine motor skill activities for 3 5 year olds,,20,,0.00,
fine motor skill activities for 3 year olds,,20,,0.47,
fine motor skills activities for 10 month old,,20,,0.00,
fine motor skills activities for 10 year olds,,20,,0.00,
fine motor skills activities for 12 year olds,,20,,0.00,
fine motor skills activities for 18 month old,,20,,0.00,
fine motor skills activities for 2 3 year olds,,20,,0.00,
fine motor skills activities for 4 5 year olds,,20,,0.00,
fine motor skills activities for 5-6 year old,,20,,0.00,
fine motor skills activities for 6 month old,,20,,0.00,
fine motor skills activities for 6 year olds,,20,,0.96,
fine motor skills activities for 8 month old,,20,,0.00,
fine motor skills activities for 9 month old,,20,,0.00,
fine motor skills activities for 9 year olds,,20,,0.00,
fine motor skills activities for kids,,20,,0.00,
fine motor skills activity for kids,,20,,0.00,
fine motor skills for 3 year olds activities,,20,,0.00,
fine motor skills for 4 year olds activity,,20,,0.39,
finger painting activities for 2 year olds,,20,,0.00,
finger painting activities for 3 year olds,,20,,0.00,
finger painting activities for 4 year olds,,20,,0.00,
first birthday party activities for kids,,20,,0.00,
first communion activities for kids,,20,,0.00,
first day of preschool activities for 4 year olds printable,,20,,0.00,
florida activities for kids,,20,,0.00,
flower activities for 2 year olds,,20,,0.00,
focus activities for 2 year olds,,20,,0.00,
focused activities for 2 year olds,,20,,0.00,
following directions activities for 2 year olds,,20,,0.00,
following instructions activity for kids,,20,,0.00,
food activities for 3 year olds,,20,,0.00,
food activity for kids,,20,,0.00,
food web activity for kids,,20,,0.00,
forgiveness activities for kids,,20,,0.00,
fort worth activities for kids,,20,,0.00,
fredericksburg activities for kids,,20,,0.00,
free activities for 1 year olds,,20,,3.48,
free activities for 1 year olds near me,,20,,0.00,
free activities for 10 year olds,,20,,0.00,
free activities for 12 year olds,,20,,0.00,
free activities for 2 year olds,,20,,2.79,
free activities for 3 year olds,,20,,2.95,
free activities for 3 year olds near me,,20,,3.41,
free activities for 4 year olds,,20,,4.46,
free activities for 4 year olds near me,,20,,1.81,
free activities for 5 year olds,,20,,0.60,
free activities for 8 year olds,,20,,0.00,
free activities for kids baltimore,,20,,0.00,
free activities for kids brooklyn,,20,,0.00,
free activities for kids dallas,,20,,0.00,
free activities for kids denver,,20,,0.00,
free activities for kids in las vegas,,20,,0.00,
free activities for kids indianapolis,,20,,0.00,
free activities for kids jacksonville fl,,20,,0.00,
free activities for kids miami,,20,,0.00,
free activities for kids nyc this weekend,,20,,0.00,
free activities for kids philadelphia,,20,,0.00,
free activities for kids richmond va,,20,,0.00,
free activities for kids san diego,,20,,0.00,
free activities for kids st louis,,20,,0.00,
free activities near me for kids,,20,,0.00,
free activity kits for kids,,20,,0.00,
free activity sheets for 2 year olds,,20,,0.88,
free activity sheets for 3 year olds,,20,,0.00,
free activity sheets for 4 year olds,,20,,1.14,
free activity sheets for 5 year olds,,20,,1.27,
free activity sheets for 6 year olds,,20,,0.00,
free activity sheets for 7 year olds,,20,,0.73,
free activity sheets for 8 year olds,,20,,0.00,
free art activities for kids,,20,,0.00,
free at home activities for kids,,20,,0.00,
free catholic activities for kids,,20,,0.00,
free circle time activities for 3 4 year olds,,20,,0.00,
free cognitive development activities for 6 12 year olds,,20,,0.00,
free educational activities for 3 5 year olds,,20,,0.38,
free educational activities for 3 year olds,,20,,0.00,
free educational activities for 3 year olds at home pdf,,20,,0.00,
free educational activities for 3 year olds at home printable,,20,,0.00,
free fall activities for kids,,20,,0.00,
free fun activities for kids near me,,20,,0.00,
free halloween activities for kids,,20,,0.00,
free homeschool activities for 5 year olds,,20,,0.00,
free kindness activities for kids,,20,,0.00,
free learning activities for 2 year olds,,20,,1.49,
free learning activities for 3 year olds,,20,,2.28,
free learning activities for 4 year olds,,20,,1.39,
free learning activities for 5 year olds,,20,,1.40,
free learning activities for 6 year olds,,20,,0.00,
free new years activities for kids,,20,,0.00,
free online activities for 5 year olds,,20,,0.00,
free online learning activities for 2 year olds,,20,,0.00,
free online learning activities for 3 year olds,,20,,0.00,
free outdoor activities for kids in columbus ohio,,20,,0.00,
free printable activities for 10 year olds,,20,,0.00,
free printable activities for 11 year olds,,20,,0.00,
free printable activities for 12 year olds,,20,,0.00,
free printable activities for 4 year olds,,20,,1.27,
free printable activities for 5 year olds,,20,,0.97,
free printable activities for 6 year olds,,20,,1.12,
free printable activities for 8 year olds,,20,,0.00,
free printable activities for 9 year olds,,20,,0.00,
free printable activity books for 10 year olds pdf,,20,,0.00,
free printable activity books for 3 year olds,,20,,0.00,
free printable activity sheets for 10 year olds,,20,,0.00,
free printable activity sheets for 10 year olds pdf,,20,,0.00,
free printable activity sheets for 2 year olds,,20,,0.00,
free printable activity sheets for 3 year olds,,20,,0.90,
free printable activity sheets for 4 year olds,,20,,0.00,
free printable activity sheets for 4 year olds pdf,,20,,0.00,
free printable activity sheets for 5 year olds,,20,,0.00,
free printable activity sheets for 5 year olds pdf,,20,,2.04,
free printable activity sheets for 6 year olds,,20,,0.00,
free printable activity sheets for 7 year olds,,20,,0.00,
free printable activity sheets for 8 year olds,,20,,0.00,
free printable activity sheets for 9 year olds,,20,,0.00,
free printable christmas activity sheets for kids,,20,,0.00,
free printable learning activities for 2 year olds,,20,,0.00,
free printable learning activities for 3 year olds,,20,,0.00,
free printable learning activities for 4 year olds,,20,,0.00,
free printable thanksgiving activities for kids,,20,,0.00,
free science activities for kids,,20,,0.00,
free summer activities for kids 2026,,20,,0.00,
free veterans day activities for kids,,20,,0.00,
fresno activities for kids,,20,,0.00,
frida kahlo activities for kids,,20,,0.00,
friendship activities for 2 year olds,,20,,0.00,
friendship day activities for kids,,20,,0.00,
frog activities for 2 year olds,,20,,0.00,
fruit of the spirit activities for kids,,20,,0.00,
fun activities at home for 1 year olds,,20,,0.00,
fun activities at home for 15 month old,,20,,0.00,
fun activities at home for 2 year olds,,20,,0.12,
fun activities at home for 3 year olds,,20,,0.30,
fun activities at home for 5 year olds,,20,,0.00,
fun activities for 1 2 year olds,,20,,0.33,
fun activities for 1 and 2 year olds,,20,,0.09,
fun activities for 1 year olds at home,,20,,0.09,
fun activities for 10 12 year olds,,20,,0.00,
fun activities for 10 month old,,20,,0.24,
fun activities for 10 month olds,,20,,0.18,
fun activities for 10 year olds at home,,20,,0.45,
fun activities for 11 month old,,20,,0.35,
fun activities for 11 year olds,,20,,0.75,
fun activities for 12 month old,,20,,0.66,
fun activities for 12 month olds,,20,,0.32,
fun activities for 12 year olds at home,,20,,0.00,
fun activities for 13 month old,,20,,0.43,
fun activities for 13 year olds,,20,,0.45,
fun activities for 13 year olds near me,,20,,0.00,
fun activities for 14 month old,,20,,0.12,
fun activities for 14 year olds,,20,,0.00,
fun activities for 15 month old,,20,,0.27,
fun activities for 15 year olds,,20,,0.00,
fun activities for 16 month old,,20,,0.18,
fun activities for 16 year olds,,20,,0.60,
fun activities for 17 month old,,20,,0.12,
fun activities for 17 year olds,,20,,0.73,
fun activities for 18 24 month olds,,20,,0.00,
fun activities for 18 month old at home,,20,,0.18,
fun activities for 18 year olds,,20,,0.00,
fun activities for 19 month old,,20,,0.16,
fun activities for 19 year olds,,20,,0.00,
fun activities for 2 1/2 year olds,,20,,0.00,
fun activities for 2 3 year olds,,20,,0.20,
fun activities for 2 4 year olds,,20,,0.29,
fun activities for 2 and 3 year olds,,20,,0.28,
fun activities for 2 and 4 year olds,,20,,0.00,
fun activities for 2 year olds at home,,20,,0.18,
fun activities for 2 year olds in daycare,,20,,0.00,
fun activities for 2 year olds inside,,20,,0.00,
fun activities for 20 month old,,20,,0.17,
fun activities for 20 year olds,,20,,0.00,
fun activities for 21 month old,,20,,0.12,
fun activities for 21 year olds,,20,,0.00,
fun activities for 22 month old,,20,,0.14,
fun activities for 3 4 year olds,,20,,0.40,
fun activities for 3 5 year olds,,20,,0.50,
fun activities for 3 and 4 year olds,,20,,0.35,
fun activities for 3 and 5 year olds,,20,,0.29,
fun activities for 3 month old,,20,,0.47,
fun activities for 3 year olds indoor,,20,,0.17,
fun activities for 30 year olds,,20,,0.00,
fun activities for 3yr olds,,20,,0.00,
fun activities for 4 5 year olds,,20,,0.40,
fun activities for 4 month old,,20,,0.28,
fun activities for 4 year olds to do at home,,20,,0.00,
fun activities for 40 year olds,,20,,0.00,
fun activities for 5 6 year olds,,20,,0.15,
fun activities for 5 7 year olds,,20,,0.00,
fun activities for 5 month old,,20,,0.22,
fun activities for 5 year olds at home,,20,,0.24,
fun activities for 5 year olds to do at home,,20,,0.31,
fun activities for 50 year olds,,20,,0.00,
fun activities for 6 year olds at home,,20,,0.71,
fun activities for 60 year olds,,20,,0.00,
fun activities for 7 8 year olds,,20,,0.00,
fun activities for 7 9 year olds,,20,,0.00,
fun activities for 7 month old,,20,,0.20,
fun activities for 7 year olds at home,,20,,0.00,
fun activities for 70 year olds,,20,,0.00,
fun activities for 8 12 year olds,,20,,0.00,
fun activities for 8 month old,,20,,0.30,
fun activities for 9 10 year olds,,20,,0.00,
fun activities for 9 month old,,20,,0.30,
fun activities for 9 year olds,,20,,0.59,
fun activities for a 1 year old,,20,,0.21,
fun activities for a 10 month old,,20,,0.20,
fun activities for a 7 month old,,20,,0.14,
fun activities for a 9 month old,,20,,0.16,
fun activities for an 8 month old,,20,,0.05,
fun activities for kids birthday,,20,,0.00,
fun activities for kids charlotte nc,,20,,0.00,
fun activities for kids colorado springs,,20,,0.00,
fun activities for kids in classroom,,20,,0.00,
fun activities for kids in nyc,,20,,0.00,
fun activities for kids in orlando fl,,20,,0.00,
fun activities for kids indianapolis,,20,,0.00,
fun activities for kids kansas city,,20,,0.00,
fun activities for kids louisville ky,,20,,0.00,
fun activities for kids outside,,20,,0.00,
fun activities for kids phoenix,,20,,0.00,
fun activities for kids printable,,20,,0.00,
fun activities for kids san antonio,,20,,0.00,
fun activities for kids san diego,,20,,0.00,
fun activities for kids west houston,,20,,0.00,
fun activities for kids worksheets,,20,,0.00,
fun activities for nine year olds,,20,,0.00,
fun activities for one year olds,,20,,0.16,
fun activities for seven year olds,,20,,0.07,
fun activities for two year olds at home,,20,,0.00,
fun activities nyc for kids,,20,,0.00,
fun activities to do at home for 10 year olds,,20,,0.00,
fun activities to do at home for 11 year olds,,20,,0.00,
fun activities to do at home for 8 year olds,,20,,0.00,
fun activity books for 4 year olds,,20,,0.00,
fun activity books for 5 year olds,,20,,0.30,
fun activity books for 6 year olds,,20,,0.00,
fun activity books for 8 year olds,,20,,0.00,
fun activity for kids near me,,20,,0.00,
fun activity pages for 8 year olds,,20,,0.00,
fun activity sheets for 10 year olds,,20,,0.00,
fun activity sheets for 11 year olds,,20,,0.00,
fun activity sheets for 3 year olds,,20,,0.00,
fun activity sheets for 4 year olds,,20,,0.00,
fun activity sheets for 5 year olds,,20,,0.00,
fun activity sheets for 6 year olds,,20,,0.00,
fun activity sheets for 7 year olds,,20,,0.00,
fun activity sheets for 8 year olds,,20,,0.00,
fun activity sheets for 9 year olds,,20,,0.00,
fun activity toys for 4 year olds,,20,,0.31,
fun art activities for 10 year olds,,20,,0.00,
fun at home activities for 1 year olds,,20,,0.14,
fun at home activities for 10 year olds,,20,,0.00,
fun at home activities for 3 year olds,,20,,0.19,
fun at home activities for 5 year olds,,20,,0.24,
fun at home activities for 6 year olds,,20,,0.00,
fun at home activities for 7 year olds,,20,,0.00,
fun at home activities for 9 year olds,,20,,0.00,
fun babysitting activities for 2 year olds,,20,,0.00,
fun backyard activities for families kids adults,,20,,0.00,
fun birthday activities for 10 year olds,,20,,0.77,
fun birthday activities for 11 year olds,,20,,0.00,
fun birthday activities for 12 year olds,,20,,0.00,
fun birthday activities for 13 year olds,,20,,0.00,
fun birthday activities for 3 year olds,,20,,0.00,
fun birthday party activities for 10 year olds,,20,,0.44,
fun birthday party activities for 12 year olds,,20,,0.00,
fun birthday party activities for 13 year olds,,20,,0.22,
fun camp activities for 10 year olds,,20,,0.00,
fun camp activities for kids,,20,,0.00,
fun christmas activities for 2 year olds,,20,,0.00,
fun christmas activities for 3 year olds,,20,,0.00,
fun craft activities for 10 year olds,,20,,0.00,
fun craft activities for 4 year olds,,20,,0.00,
fun craft activities for 5 year olds,,20,,0.00,
fun diy activities for 2 year olds,,20,,0.14,
fun easy activities for 2 year olds,,20,,0.00,
fun easy activities for 3 year olds,,20,,0.00,
fun easy activities for 4 year olds,,20,,0.20,
fun easy activities for 5 year olds,,20,,0.00,
fun easy activities for 7 year olds,,20,,0.00,
fun easy activities for kids,,20,,0.00,
fun educational activities for 2 year olds,,20,,0.40,
fun educational activities for 3 year olds,,20,,0.28,
fun educational activities for 4 year olds,,20,,0.00,
fun educational activities for 5 year olds,,20,,0.00,
fun educational activities for 6 year olds,,20,,0.00,
fun educational activities for 7 year olds,,20,,0.00,
fun educational activities for 8 year olds,,20,,0.00,
fun engineering activities for kids,,20,,0.00,
fun fine motor activities for 4 year olds,,20,,0.00,
fun fine motor activities for 5 year olds,,20,,0.00,
fun fitness activities for kids,,20,,0.00,
fun fourth of july activities for kids,,20,,0.00,
fun free activities for kids,,20,,0.00,
fun free summer activities for kids,,20,,0.00,
fun home activities for 11 year olds,,20,,0.00,
fun home activities for 2 year olds,,20,,0.18,
fun home activities for 3 year olds,,20,,0.19,
fun home activities for 4 year olds,,20,,0.34,
fun home activities for 5 year olds,,20,,0.23,
fun home activities for 6 year olds,,20,,0.00,
fun indoor activities for 1 year olds,,20,,0.22,
fun indoor activities for 10 month old,,20,,0.00,
fun indoor activities for 10 year olds,,20,,0.34,
fun indoor activities for 11 year olds,,20,,0.00,
fun indoor activities for 12 year olds,,20,,0.00,
fun indoor activities for 13 year olds,,20,,0.00,
fun indoor activities for 15 month old,,20,,0.00,
fun indoor activities for 18 month olds,,20,,0.00,
fun indoor activities for 2 3 year olds,,20,,0.00,
fun indoor activities for 3 year olds,,20,,0.78,
fun indoor activities for 4 year olds,,20,,0.73,
fun indoor activities for 5 year olds,,20,,0.15,
fun indoor activities for 6 year olds,,20,,0.32,
fun indoor activities for 7 year olds,,20,,0.00,
fun indoor activities for 8 year olds,,20,,0.00,
fun indoor activities for 9 year olds,,20,,0.00,
fun indoor activities for kids over christmas break,,20,,0.00,
fun indoor activities for three year olds,,20,,0.00,
fun indoor activities for two year olds,,20,,0.00,
fun inside activities for 2 year olds,,20,,0.00,
fun learning activities for 1 year olds,,20,,0.00,
fun learning activities for 10 year olds,,20,,0.00,
fun learning activities for 11 year olds,,20,,0.00,
fun learning activities for 18 month old,,20,,0.00,
fun learning activities for 3 4 year olds,,20,,0.00,
fun learning activities for 4 5 year olds,,20,,0.00,
fun learning activities for 4 year olds,,20,,0.90,
fun learning activities for 5 year olds,,20,,2.51,
fun learning activities for 6 year olds,,20,,0.00,
fun learning activities for 7 year olds,,20,,0.00,
fun learning activities for 8 year olds,,20,,0.00,
fun learning activities for 9 year olds,,20,,0.00,
fun learning activities for kids glendale,,20,,0.00,
fun learning activities for two year olds,,20,,0.00,
fun math activities for 3 year olds,,20,,0.00,
fun math activities for 4 year olds,,20,,0.00,
fun maths activities for 5 year olds,,20,,0.00,
fun maths activities for 6 year olds,,20,,0.00,
fun maths activities for 8 year olds,,20,,0.00,
fun messy activities for kids,,20,,0.00,
fun mindfulness activities for kids,,20,,0.00,
fun new years activities for kids,,20,,0.00,
fun outdoor activities for 1 year olds,,20,,0.00,
fun outdoor activities for 10 year olds,,20,,0.00,
fun outdoor activities for 11 year olds,,20,,0.00,
fun outdoor activities for 12 year olds,,20,,0.00,
fun outdoor activities for 18 month olds,,20,,0.00,
fun outdoor activities for 2 year olds,,20,,0.28,
fun outdoor activities for 3 year olds,,20,,0.42,
fun outdoor activities for 4 year olds,,20,,0.16,
fun outdoor activities for 5 year olds,,20,,0.23,
fun outdoor activities for 6 year olds,,20,,0.00,
fun outdoor activities for 7 year olds,,20,,0.00,
fun outdoor activities for 8 year olds,,20,,0.00,
fun outdoor activities for 9 year olds,,20,,0.00,
fun outdoor activities for kids near me,,20,,0.00,
fun outdoor activities for two year olds,,20,,0.00,
fun party activities for 10 year olds,,20,,0.00,
fun party activities for 11 year olds,,20,,0.00,
fun party activities for 12 year olds,,20,,0.00,
fun party activities for 13 year olds,,20,,0.00,
fun party activities for 14 year olds,,20,,0.00,
fun preschool activities for 3 year olds,,20,,0.00,
fun printable activities for 10 year olds,,20,,0.00,
fun printable activities for 3 year olds,,20,,0.00,
fun printable activities for 4 year olds,,20,,0.00,
fun printable activities for 5 year olds,,20,,0.00,
fun printable activities for 6 year olds,,20,,0.00,
fun printable activities for 7 year olds,,20,,0.00,
fun printable activities for 8 year olds,,20,,0.00,
fun printable activities for 9 year olds,,20,,0.00,
fun problem solving activities for kids,,20,,0.00,
fun reading activities for kids,,20,,0.00,
fun resort activities for kids,,20,,0.00,
fun school activities for kids,,20,,0.00,
fun sensory activities for 2 year olds,,20,,0.00,
fun sensory activities for 3 year olds,,20,,0.00,
fun sensory activities for kids,,20,,0.00,
fun sensory activities for one year olds,,20,,0.00,
fun sleepover activities for 10 year olds,,20,,0.00,
fun sleepover activities for 11 year olds,,20,,0.00,
fun sleepover activities for 12 year olds,,20,,0.00,
fun sleepover activities for 13 year olds,,20,,0.00,
fun soccer activities for 10 year olds,,20,,0.00,
fun summer activities for 1 year olds,,20,,0.00,
fun summer activities for 10 year olds,,20,,0.00,
fun summer activities for 12 year olds,,20,,0.00,
fun summer activities for 2 year olds,,20,,0.00,
fun summer activities for 3 year olds,,20,,0.00,
fun valentine activities for kids,,20,,0.00,
fun worksheet activities for kids,,20,,0.00,
fun writing activities for 4 year olds,,20,,0.00,
fun writing activities for 5 year olds,,20,,0.00,
funko outdoor toys for active kids,,20,,0.00,
games and activities for 1 year olds,,20,,0.14,
games and activities for 2 year olds,,20,,0.84,
games and activities for 3 4 year olds,,20,,0.00,
games and activities for 3 year olds,,20,,0.60,
games and activities for 4 year olds,,20,,0.50,
games and activities for 5 year olds,,20,,0.50,
games and activities for 8 year olds,,20,,0.00,
games/activities for 2 year olds,,20,,0.00,
garden activities for 1 year olds,,20,,0.00,
garden activities for 10 year olds,,20,,0.00,
garden activities for 2 year olds,,20,,1.24,
garden activities for 3 year olds,,20,,0.00,
garden activities for 4 year olds,,20,,7.29,
garden activities for 5 year olds,,20,,0.00,
garden activities for 6 year olds,,20,,0.00,
germs activity for kids,,20,,0.00,
gift for active 3 year old,,20,,0.00,
gift ideas for active 6 year old boy,,20,,0.00,
gift ideas for active kids,,20,,0.00,
gifts for active 3 year old boy,,20,,0.00,
gifts for active 7 year old boy,,20,,0.00,
gifts for active 7 year olds,,20,,0.00,
gifts for active three year olds,,20,,0.00,
gifts for active two year olds,,20,,0.28,
gingerbread house activity for kids,,20,,0.00,
gluing activities for 2 year olds,,20,,0.00,
gluing activities for 3 year olds,,20,,0.00,
going on a bear hunt activities for 2 year olds,,20,,0.00,
goldilocks and the three bears activities for 2 year olds,,20,,0.00,
good activities for 1 year olds,,20,,0.57,
good activities for 10 month old,,20,,0.26,
good activities for 12 year olds,,20,,0.00,
good activities for 18 month old,,20,,0.15,
good activities for 2 3 year olds,,20,,0.12,
good activities for 3 4 year olds,,20,,0.00,
good activities for 3 month old,,20,,0.41,
good activities for 4 month old,,20,,0.18,
good activities for 4 year olds,,20,,0.46,
good activities for 5 year olds,,20,,0.69,
good activities for 6 month old,,20,,0.44,
good activities for 7 month old,,20,,0.28,
good activities for 7 year olds,,20,,0.00,
good activities for 8 month old,,20,,0.23,
good activities for 8 year olds,,20,,0.00,
good activities for 9 month old,,20,,0.13,
good activities for kids with adhd,,20,,0.00,
good activities for kids with autism,,20,,0.00,
good activities for old people,,20,,0.00,
good activities for one year olds,,20,,0.00,
good learning activities for 2 year olds,,20,,0.93,
good learning activities for 3 year olds,,20,,0.76,
good learning activities for 4 year olds,,20,,0.00,
good shepherd activity for kids,,20,,0.00,
grand rapids activities for kids,,20,,0.00,
gratitude activities for kids pdf,,20,,0.00,
gratitude activity for kids,,20,,0.00,
great activities for 1 year olds,,20,,0.00,
great activities for 10 year olds,,20,,0.00,
great activities for 5 year olds,,20,,0.00,
gross motor activities for 1 2 year olds,,20,,0.00,
gross motor activities for 10 month old,,20,,0.00,
gross motor activities for 10 year olds,,20,,0.00,
gross motor activities for 12 month old,,20,,0.00,
gross motor activities for 15 month old,,20,,0.00,
gross motor activities for 18 month old,,20,,0.00,
gross motor activities for 2 3 year olds,,20,,0.00,
gross motor activities for 3 4 year olds,,20,,0.00,
gross motor activities for 3 5 year olds,,20,,0.00,
gross motor activities for 3-5 year olds,,20,,0.00,
gross motor activities for 4 5 year olds,,20,,0.00,
gross motor activities for 4 month old,,20,,0.00,
gross motor activities for 5 6 year olds,,20,,0.00,
gross motor activities for 5 month old,,20,,0.00,
gross motor activities for 6 month old,,20,,0.00,
gross motor activities for 6 year olds,,20,,0.00,
gross motor activities for 7 year olds,,20,,0.00,
gross motor activities for 8 month old,,20,,0.00,
gross motor activities for 8 year olds,,20,,0.00,
gross motor activities for 9 month old,,20,,0.00,
gross motor development activities for 4 and 5 year olds,,20,,0.00,
gross motor skill activities for 3 5 year olds,,20,,0.00,
gross motor skill activity for kids,,20,,0.00,
gross motor skills activities for 1 year olds,,20,,0.00,
gross motor skills activities for 2 3 year olds,,20,,0.00,
gross motor skills activities for 2-3 year olds,,20,,0.00,
gross motor skills activities for 4 5 year olds,,20,,0.00,
gross motor skills activities for 4 year olds,,20,,0.00,
gross motor skills activities for 5 6 year olds,,20,,0.00,
gross motor skills activities for 5 year olds,,20,,0.00,
gross motor skills activities for 6 year olds,,20,,0.00,
gross motor skills activities for 8 year olds,,20,,0.00,
group activities for 1 year olds,,20,,0.34,
group activities for 10 year olds,,20,,0.36,
group activities for 2 3 year olds,,20,,0.00,
group activities for 2 year olds,,20,,0.44,
group activities for 3 5 year olds,,20,,0.00,
group activities for 3 year olds,,20,,0.30,
group activities for 4 year olds,,20,,0.66,
group activities for 5 year olds,,20,,0.00,
group activities for 6 year olds,,20,,0.00,
group activities for autistic kids,,20,,0.00,
group activities for two year olds,,20,,0.00,
group time activities for 2 3 year olds,,20,,0.00,
group time activities for 2 year olds,,20,,0.00,
gym activities for 2 year olds,,20,,0.00,
gym activities for 3 year olds,,20,,0.00,
gym activities for 4 year olds,,20,,0.00,
halloween activities at home for kids,,20,,0.00,
halloween activities for 4 year olds,,20,,0.00,
halloween activities for 5 year olds,,20,,0.00,
halloween activities for 6 month old,,20,,0.00,
halloween activities for 7 year olds,,20,,0.00,
halloween activities for 9 year olds,,20,,0.00,
halloween activities for kids 2025,,20,,0.00,
halloween activities for kids at school,,20,,0.00,
halloween activities for kids los angeles,,20,,0.00,
halloween activities for kids nyc,,20,,0.00,
halloween activities for two year olds,,20,,0.00,
halloween activity ideas for kids,,20,,0.00,
halloween activity pages for kids,,20,,0.00,
halloween coloring activities for kids,,20,,0.00,
hand eye coordination activities for 2 year olds,,20,,0.00,
hand eye coordination activities for 3 year olds,,20,,0.00,
hand eye coordination activities for 4 year olds,,20,,0.00,
hand eye coordination activities for 5 year olds,,20,,0.00,
hand eye coordination activities for 6 year olds,,20,,0.00,
hand washing activity for kids,,20,,0.00,
hands on activities for 1 year olds,,20,,0.00,
hands on activities for 2 year olds,,20,,0.31,
hands on activities for 3 year olds,,20,,0.68,
hands on activities for 4 year olds,,20,,0.73,
hands on activities for 5 year olds,,20,,0.00,
happy new year activities for kids,,20,,0.00,
hasbro outdoor toys for active kids,,20,,0.00,
healthy eating activities for 2 year olds,,20,,0.00,
healthy eating activities for 3 5 year olds,,20,,0.82,
healthy habits activities for kids,,20,,0.00,
heavy work activities for 3 year olds,,20,,0.00,
high chair activities for 1 year old,,20,,0.00,
high chair activities for 10 month old,,20,,0.00,
high chair activities for 18 month old,,20,,0.00,
high chair activities for 7 month old,,20,,0.00,
high chair activities for 8 month old,,20,,0.00,
high chair activities for 9 month old,,20,,0.00,
high protein bars for active kids,,20,,0.00,
holiday activities for 1 year olds,,20,,0.00,
holiday activities for 10 year olds,,20,,0.00,
holiday activities for 15 year olds,,20,,0.00,
holiday activities for 3 year olds,,20,,0.00,
holiday activities for kids nyc,,20,,0.00,
holy spirit activities for kids,,20,,0.00,
holy spirit activity for kids,,20,,0.00,
holy tuesday activities for kids,,20,,0.00,
home activities for 10 month old,,20,,0.13,
home activities for 10 year olds,,20,,0.43,
home activities for 11 month old,,20,,0.16,
home activities for 11 year olds,,20,,0.00,
home activities for 12 month old,,20,,0.00,
home activities for 12 year olds,,20,,0.00,
home activities for 13 year olds,,20,,0.00,
home activities for 14 month old,,20,,0.06,
home activities for 14 year olds,,20,,0.00,
home activities for 15 month old,,20,,0.11,
home activities for 16 month old,,20,,0.71,
home activities for 17 month old,,20,,0.00,
home activities for 2 3 year olds,,20,,0.43,
home activities for 20 month old,,20,,0.00,
home activities for 22 month old,,20,,0.00,
home activities for 3 4 year olds,,20,,0.00,
home activities for 5 month old,,20,,0.00,
home activities for 6 month old,,20,,1.46,
home activities for 7 month old,,20,,0.00,
home activities for 7 year olds,,20,,0.41,
home activities for 8 month old,,20,,0.08,
home activities for 8 year olds,,20,,0.22,
home activities for 9 month old,,20,,0.12,
home activities for 9 year olds,,20,,0.00,
home activities for four year olds,,20,,0.00,
home activities for two year olds,,20,,0.19,
home depot activity for kids 2026,,20,,0.00,
home depot for kids activities,,20,,0.00,
home learning activities for 3 year olds,,20,,0.88,
home learning activities for 4 year olds,,20,,0.00,
home learning activities for 5 year olds,,20,,0.00,
homemade activities for 1 year olds,,20,,0.07,
homemade activities for 18 month old,,20,,0.00,
homemade activities for 2 year olds,,20,,0.11,
homemade activities for 3 year olds,,20,,0.00,
homemade activities for 4 year olds,,20,,0.00,
homeschool activities for 11 year olds,,20,,3.34,
homeschool activities for 13 year olds,,20,,0.00,
homeschool activities for 4 year olds,,20,,1.50,
homeschool activities for 6 year olds,,20,,0.72,
homeschool activities for 7 year olds,,20,,1.46,
homeschool activities for 8 year olds,,20,,2.23,
homeschool activities for 9 year olds,,20,,1.79,
homeschooling activities for 2 year olds,,20,,1.29,
homeschooling activities for 3 year olds,,20,,1.53,
homeschooling activities for 4 year olds,,20,,1.50,
homeschooling activities for 5 year olds,,20,,1.29,
homeschooling activities for 9 year olds,,20,,0.00,
honesty activities for kids,,20,,0.00,
hot air balloon activities for kids,,20,,0.00,
how old are you activities for kindergarten,,20,,0.00,
how old do you have to be for activate,,20,,0.00,
how old for activity center,,20,,0.00,
how old for skip hop activity center,,20,,0.00,
how to activate an old phone for verizon,,20,,0.00,
hula hoop activities for kids,,20,,0.00,
human body activities for kids,,20,,0.00,
hungry caterpillar activities for 2 year olds,,20,,0.00,
hungry caterpillar activities for 3 year olds,,20,,0.00,
i create art halloween activity kit for kids,,20,,0.00,
ice activities for kids,,20,,0.00,
ice excavation activity for kids,,20,,0.00,
ideas for 18 month old activities,,20,,0.20,
ideas for activities for 4 year olds,,20,,0.00,
identifying emotions activity for kids,,20,,0.00,
identity activities for kids,,20,,0.00,
imaginative play activities for 0 2 year olds,,20,,0.00,
immaculate conception activities for kids,,20,,0.00,
impulse control activities for kids pdf,,20,,0.00,
impulsivity activities for kids,,20,,0.00,
in home activities for 2 year olds,,20,,0.00,
in home activities for 4 year olds,,20,,0.00,
in home activities for kids,,20,,0.00,
in house activities for 2 year olds,,20,,0.00,
independent activities for 10-year olds,,20,,0.35,
independent activities for 15 month old,,20,,0.00,
independent activities for 18 month old,,20,,0.00,
independent activities for 2 year olds,,20,,0.67,
independent activities for 3 year olds,,20,,0.00,
independent activities for 6 year olds,,20,,0.05,
independent activities for 7 year olds,,20,,1.25,
independent activities for 8 year olds,,20,,0.32,
independent activities for 9 year olds,,20,,0.00,
independent activities for kids,,20,,0.00,
independent play activities for 2 year olds,,20,,0.00,
independent play activities for 3 year olds,,20,,0.41,
independent play activities for 4 year olds,,20,,1.16,
independent play activities for 5 year olds,,20,,0.00,
independent play activities for 6 year olds,,20,,0.00,
indoor active toys for 9 year olds,,20,,0.00,
indoor activities at home for 2 year olds,,20,,0.04,
indoor activities for 1 2 year olds,,20,,0.73,
indoor activities for 1 2 year olds in childcare,,20,,0.00,
indoor activities for 1 year old near me,,20,,0.00,
indoor activities for 1-3 year olds,,20,,0.00,
indoor activities for 1.5 year olds,,20,,0.11,
indoor activities for 10 12 year olds,,20,,0.00,
indoor activities for 10 month old,,20,,0.22,
indoor activities for 11 month old,,20,,0.27,
indoor activities for 11 year olds,,20,,0.00,
indoor activities for 11 year olds near me,,20,,0.00,
indoor activities for 12 month old,,20,,0.00,
indoor activities for 12 year olds,,20,,0.00,
indoor activities for 13 month old,,20,,0.00,
indoor activities for 13 year olds near me,,20,,0.00,
indoor activities for 14 month old,,20,,0.16,
indoor activities for 14 year olds,,20,,0.00,
indoor activities for 15 year olds,,20,,0.00,
indoor activities for 16 month old,,20,,0.30,
indoor activities for 16 year olds,,20,,0.00,
indoor activities for 17 month old,,20,,0.06,
indoor activities for 18 24 month old,,20,,0.00,
indoor activities for 18 month old at home,,20,,0.21,
indoor activities for 18 month old near me,,20,,0.00,
indoor activities for 18 year olds,,20,,0.00,
indoor activities for 19 month old,,20,,0.09,
indoor activities for 2 3 year olds,,20,,0.29,
indoor activities for 2 year old birthday party,,20,,0.00,
indoor activities for 2 year olds at daycare,,20,,0.00,
indoor activities for 2 year olds at home,,20,,0.26,
indoor activities for 20 month old,,20,,0.12,
indoor activities for 21 month old,,20,,0.00,
indoor activities for 22 month old,,20,,0.14,
indoor activities for 2yr olds,,20,,0.00,
indoor activities for 3 5 year olds,,20,,0.47,
indoor activities for 3 and 4 year olds,,20,,0.00,
indoor activities for 3 year olds at home,,20,,0.19,
indoor activities for 3-5 year olds,,20,,0.47,
indoor activities for 3yr olds,,20,,0.00,
indoor activities for 4 5 year olds,,20,,0.00,
indoor activities for 4 6 year olds,,20,,0.00,
indoor activities for 4 year olds at home,,20,,0.15,
indoor activities for 5 6 year olds,,20,,0.00,
indoor activities for 5 7 year olds,,20,,0.00,
indoor activities for 5 month old,,20,,0.00,
indoor activities for 6 month old,,20,,0.12,
indoor activities for 6 year olds at home,,20,,0.00,
indoor activities for 6 year olds near me,,20,,0.00,
indoor activities for 6-12 year olds,,20,,0.12,
indoor activities for 7 month old,,20,,0.00,
indoor activities for 7 year olds near me,,20,,0.00,
indoor activities for 8 10 year olds,,20,,0.00,
indoor activities for 8 month old,,20,,0.18,
indoor activities for 8 year olds,,20,,0.51,
indoor activities for 8 year olds near me,,20,,0.00,
indoor activities for 9 month old,,20,,0.30,
indoor activities for 9 year olds,,20,,0.67,
indoor activities for 9 year olds near me,,20,,0.00,
indoor activities for a 14 month old,,20,,0.00,
indoor activities for a 15 month old,,20,,0.00,
indoor activities for an 18 month old,,20,,0.05,
indoor activities for five year olds,,20,,0.00,
indoor activities for kids charleston sc,,20,,0.00,
indoor activities for kids chicago,,20,,0.00,
indoor activities for kids columbia sc,,20,,0.00,
indoor activities for kids in atlanta,,20,,0.00,
indoor activities for kids in dallas,,20,,0.00,
indoor activities for kids lancaster pa,,20,,0.00,
indoor activities for kids miami,,20,,0.00,
indoor activities for kids minneapolis,,20,,0.00,
indoor activities for kids near baltimore,,20,,0.00,
indoor activities for kids oahu,,20,,0.00,
indoor activities for kids richmond va,,20,,0.00,
indoor activities for kids seattle,,20,,0.00,
indoor activities for kids west houston,,20,,0.00,
indoor activities for six year olds,,20,,0.00,
indoor activities in atlanta for kids,,20,,0.00,
indoor activities in scottsdale arizona for kids,,20,,0.00,
indoor activities nyc for kids,,20,,0.00,
indoor activities philadelphia for kids,,20,,0.00,
indoor activities pigeon forge for kids,,20,,0.00,
indoor activities sensory activities for 1 year olds,,20,,0.00,
indoor activities st louis for kids,,20,,0.00,
indoor birthday activities for kids,,20,,0.00,
indoor birthday party activities for 10 year olds,,20,,0.00,
indoor birthday party activities for 5 year olds,,20,,0.40,
indoor birthday party activities for kids,,20,,0.00,
indoor easter activities for kids,,20,,0.00,
indoor fun activities for kids,,20,,0.00,
indoor games activities for 8 year olds,,20,,0.00,
indoor gifts for active kids,,20,,0.00,
indoor gross motor activities for 1 year olds,,20,,0.00,
indoor gross motor activities for 2 year olds,,20,,0.00,
indoor gross motor activities for 3 year olds,,20,,0.00,
indoor gross motor activities for 4 year olds,,20,,0.00,
indoor learning activities for 2 year olds,,20,,0.00,
indoor movement activities for kids,,20,,0.00,
indoor party activities for 2 year olds,,20,,0.00,
indoor party activities for 3 year olds,,20,,0.00,
indoor party activities for 5 year olds,,20,,0.00,
indoor party activities for kids,,20,,0.00,
indoor physical activities for 12 year olds,,20,,0.00,
indoor physical activities for 2 year olds,,20,,0.00,
indoor physical activities for 3 year olds,,20,,0.00,
indoor physical activities for 35 year olds,,20,,0.00,
indoor physical activities for 4 year olds,,20,,0.00,
indoor physical activities for 5 year olds,,20,,0.00,
indoor play activities for 2 year olds,,20,,0.00,
indoor snow activities for kids,,20,,0.00,
indoor summer activities for 10 year olds,,20,,0.00,
indoor summer camp activities for 3 5 year olds,,20,,0.00,
indoor summer camp activities for 8 12 year olds,,20,,0.00,
indoor winter activities for 1 year olds,,20,,0.00,
indoor+activities+for+kids,,20,,0.00,
insect activities for 2 year olds,,20,,0.00,
inside activities for 1 year olds,,20,,0.18,
inside activities for 10 year olds,,20,,0.00,
inside activities for 18 month old,,20,,0.09,
inside activities for 2 year olds,,20,,0.14,
inside activities for 3 year olds,,20,,0.30,
inside activities for 4 year olds,,20,,0.29,
inside activities for 5 year olds,,20,,0.12,
inside activities for 6 year olds,,20,,0.00,
inside activities for 7 year olds,,20,,0.00,
inside activities for one year olds,,20,,0.00,
intellectual activities for 2 year olds,,20,,0.00,
intellectual activities for 3 year olds,,20,,0.00,
intellectual activities for 4 year olds,,20,,0.00,
intellectual activities for 5 year olds,,20,,0.00,
intellectual development activities for 3 5 year olds,,20,,0.00,
intellectual development activities for 3 year olds,,20,,0.00,
intellectual development activities for 4 year olds,,20,,0.00,
intellectual development activities for 5 year olds,,20,,0.00,
interactive activities for 2 year olds,,20,,0.41,
interactive activities for 3 year olds,,20,,1.10,
interactive activities for 4 year olds,,20,,0.00,
interactive activities for 5 year olds,,20,,0.00,
irvine activities for kids,,20,,0.00,
is activate for kids,,20,,0.00,
is it best backyard toys for physically active kids,,20,,0.00,
islamic activities for 2 year olds,,20,,0.00,
islamic activities for 3 year olds,,20,,0.00,
islamic activities for 4 year olds,,20,,0.00,
islamic activities for 5 year olds,,20,,0.00,
islamic activities for kids,,20,,0.00,
jesus resurrection activity for kids,,20,,0.00,
judo activities for kids,,20,,0.00,
july activities for kids,,20,,0.00,
jumping activities for 2 year olds,,20,,0.00,
kauai activities for 4 year olds,,20,,0.00,
kayaking activities for kids,,20,,0.00,
kentucky derby activities for kids,,20,,0.00,
key largo activities for kids,,20,,0.00,
kid activities for new year's eve,,20,,0.00,
kids activities for birthday,,20,,0.00,
kids activities for christmas,,20,,0.00,
kids activities for christmas party,,20,,0.00,
kids activities for thanksgiving,,20,,0.00,
kids budgeting activities for youth in colorado,,20,,0.00,
kids for colorado unusual activity,,20,,0.00,
kindergarten activities for 4 year olds,,20,,0.00,
kindness activities for 2 year olds,,20,,0.00,
kindness activities for kids pdf,,20,,0.00,
kindness activity for kids,,20,,0.00,
king of prussia mall activities for kids,,20,,0.00,
kitchen activities for 2 year olds,,20,,0.00,
kona activities for kids,,20,,0.00,
kpop demon hunters activities for kids,,20,,0.00,
lancaster pa activities for kids,,20,,0.00,
language activities for 1 year olds,,20,,0.94,
language activities for 10 month old,,20,,0.00,
language activities for 15 month old,,20,,0.00,
language activities for 16 month old,,20,,0.00,
language activities for 18 month old,,20,,0.00,
language activities for 2 3 year olds,,20,,0.00,
language activities for 2 year olds,,20,,0.00,
language activities for 3 4 year olds,,20,,0.00,
language activities for 3 5 year olds,,20,,0.00,
language activities for 3 year olds,,20,,1.19,
language activities for 4 year olds,,20,,1.50,
language activities for 5 year olds,,20,,0.00,
language activities for 6 year olds,,20,,0.00,
language activities for 9 month old,,20,,0.00,
language activities for one year olds,,20,,0.00,
language activities for two year olds,,20,,1.15,
language and literacy activities for 1 2 year olds,,20,,0.00,
language and literacy activities for 1 year olds,,20,,0.00,
language and literacy activities for 2 3 year olds,,20,,0.00,
language and literacy activities for 3 year olds,,20,,0.00,
language and literacy activities for 4 year olds,,20,,0.00,
language and literacy activities for 5 year olds,,20,,0.00,
language arts activities for 3 year olds,,20,,0.00,
language comprehension activities for 4 5 year olds,,20,,0.00,
language development activities for 1 year olds,,20,,0.00,
language development activities for 2 3 year olds,,20,,0.00,
language development activities for 2-3 year olds,,20,,0.00,
language development activities for 3 4 year olds,,20,,1.61,
language development activities for 3 5 year olds,,20,,0.00,
language development activities for 3 year olds,,20,,0.00,
language development activities for 4 year olds,,20,,0.00,
language development activities for 5 year olds,,20,,0.00,
language development activities for 6 12 year olds,,20,,1.62,
language development activities for 8 month old,,20,,0.00,
large activity table for kids,,20,,0.00,
large group activities for 2 year olds,,20,,0.00,
large group activities for 3 year olds,,20,,0.00,
large group activities for 4 year olds,,20,,0.00,
large group activities for kids,,20,,0.00,
large motor activities for 1 year olds,,20,,0.00,
large motor activities for 5 year olds,,20,,0.00,
large muscle activities for 2 year olds,,20,,0.00,
large muscle activities for 3 year olds,,20,,0.00,
large muscle activities for 4 year olds,,20,,0.00,
las vegas activities for 18 year olds,,20,,0.63,
lazarus activity for kids,,20,,0.00,
lds conference activities for kids,,20,,0.00,
leaf activities for 2 year olds,,20,,0.00,
learning activities at home for 3 year olds,,20,,0.00,
learning activities for 1 2 year olds,,20,,0.89,
learning activities for 1 and 2 year olds,,20,,0.00,
learning activities for 1 month old,,20,,0.00,
learning activities for 1 year olds at daycare,,20,,0.00,
learning activities for 1 year olds at home,,20,,0.63,
learning activities for 1.5 year olds,,20,,1.38,
learning activities for 10 month old,,20,,0.58,
learning activities for 10 year olds,,20,,1.40,
learning activities for 11 month old,,20,,0.56,
learning activities for 11 year olds,,20,,0.79,
learning activities for 12 month old,,20,,0.47,
learning activities for 12 year olds,,20,,0.00,
learning activities for 13 year olds,,20,,0.00,
learning activities for 14 month old,,20,,0.54,
learning activities for 15 month old,,20,,0.55,
learning activities for 16 month old,,20,,0.58,
learning activities for 17 month old,,20,,0.89,
learning activities for 18 24 month olds,,20,,0.00,
learning activities for 19 month old,,20,,0.92,
learning activities for 1yr old,,20,,0.00,
learning activities for 2 3 year olds,,20,,1.10,
learning activities for 2 month old,,20,,0.58,
learning activities for 2 to 3 year olds,,20,,0.00,
learning activities for 2 year old,,20,,0.00,
learning activities for 2 year olds at daycare,,20,,0.51,
learning activities for 2 year olds at home,,20,,0.94,
learning activities for 2-4 year olds,,20,,0.00,
learning activities for 2.5 year olds,,20,,0.83,
learning activities for 20 month old,,20,,0.85,
learning activities for 21 month old,,20,,0.82,
learning activities for 22 month old,,20,,0.43,
learning activities for 3 4 year olds,,20,,1.55,
learning activities for 3 5 year olds,,20,,1.52,
learning activities for 3 6 year olds,,20,,0.00,
learning activities for 3 and 4 year olds,,20,,1.50,
learning activities for 3 month old,,20,,0.31,
learning activities for 3 to 4 year olds,,20,,0.00,
learning activities for 3 year olds at daycare,,20,,0.00,
learning activities for 3 year olds at home,,20,,0.88,
learning activities for 3 year olds pdf,,20,,2.48,
learning activities for 4 5 year olds,,20,,1.84,
learning activities for 4 5 year olds pdf free download,,20,,1.26,
learning activities for 4 5 year olds printable,,20,,0.00,
learning activities for 4 and 5 year olds,,20,,0.00,
learning activities for 4 month old,,20,,0.45,
learning activities for 4 year olds at home,,20,,1.58,
learning activities for 4 year olds online,,20,,0.00,
learning activities for 4 year olds printables,,20,,1.19,
learning activities for 4-5 year olds at home,,20,,0.51,
learning activities for 5 6 year olds,,20,,0.00,
learning activities for 5 month old,,20,,0.52,
learning activities for 5 year olds at home,,20,,0.00,
learning activities for 5 year olds printable,,20,,0.00,
learning activities for 6 month old,,20,,0.40,
learning activities for 6 year olds at home,,20,,0.00,
learning activities for 6 year olds printable,,20,,0.00,
learning activities for 7 month old,,20,,0.54,
learning activities for 7 year olds,,20,,1.98,
learning activities for 7 year olds printables,,20,,0.00,
learning activities for 8 month old,,20,,0.55,
learning activities for 8 year olds,,20,,2.03,
learning activities for 9 month old,,20,,0.59,
learning activities for 9 year olds,,20,,1.72,
learning activities for a 6 month old,,20,,0.00,
learning activities for an 18 month old,,20,,0.00,
learning activities for three year olds,,20,,1.27,
learning activity books for 2 year olds,,20,,0.69,
learning activity books for 3 year olds,,20,,0.71,
learning activity books for 4 year olds,,20,,0.81,
learning activity books for 5 year olds,,20,,0.00,
learning activity for 2 year old,,20,,0.00,
learning activity sheets for 2 year olds,,20,,0.00,
learning activity toys for 3 year olds,,20,,0.00,
learning shapes activities for 3 year olds,,20,,0.00,
leave no trace activities for kids,,20,,0.00,
leduc alberta christmas activities for kids december 2024,,20,,0.00,
lego activities for 10 year olds,,20,,0.00,
leisure activities for kids,,20,,0.00,
leisure activities for kids with autism,,20,,0.00,
leisure activities for old people,,20,,0.00,
lent activities for kids catholic,,20,,0.00,
lesson plan activities for 2 year olds,,20,,0.00,
lesson plan activities for 3 year olds,,20,,0.00,
letter a activities for 3 year olds printable,,20,,0.00,
letter a activities for 4 year olds,,20,,0.00,
letter activities for 4 year olds,,20,,0.00,
letter activities for 5 year olds,,20,,0.00,
letter b activities for 2 year olds,,20,,0.00,
letter b activities for 3 year olds,,20,,0.00,
letter b activities for 4 year olds,,20,,0.00,
letter c activities for 2 year olds,,20,,0.00,
letter d activities for 2 year olds,,20,,0.00,
letter d activities for 3 year olds,,20,,0.00,
letter e activities for 2 year olds,,20,,0.00,
letter e activities for 3 year olds,,20,,0.00,
letter e activities for 4 year olds,,20,,0.00,
letter f activities for 2 year olds,,20,,0.00,
letter f activities for 3 year olds,,20,,0.00,
letter g activities for 2 year olds,,20,,0.00,
letter g activities for 3 year olds,,20,,0.00,
letter h activities for 2 year olds,,20,,0.00,
letter h activities for 3 year olds,,20,,0.00,
letter h activities for 4 year olds,,20,,0.00,
letter i activities for 2 year olds,,20,,0.00,
letter i activities for 3 year olds,,20,,0.00,
letter j activities for 2 year olds,,20,,0.00,
letter l activities for 2 year olds,,20,,0.00,
letter l activities for 3 year olds,,20,,0.00,
letter learning activities for 3 year olds,,20,,0.00,
letter m activities for 2 year olds,,20,,0.00,
letter n activities for 3 year olds,,20,,0.00,
letter of the week activities for 2 year olds,,20,,0.00,
letter of the week activities for 3 year olds,,20,,0.00,
letter p activities for 2 year olds,,20,,0.00,
letter p activities for 3 year olds,,20,,0.00,
letter recognition activities for 2 year olds,,20,,1.07,
letter recognition activities for 3 year olds,,20,,1.85,
letter recognition activities for 4 year olds,,20,,1.58,
list 5 age appropriate activities for 2 year olds,,20,,0.00,
list of activities for 2 year olds,,20,,0.00,
list of activities for 3 year olds,,20,,0.00,
list of activities for kids,,20,,0.00,
listening activities for 2 year olds,,20,,0.00,
listening activities for 3 year olds,,20,,0.00,
listening and attention activities for 2 year olds,,20,,0.00,
literacy activities for 1 year olds,,20,,0.00,
literacy activities for 1-2 year olds,,20,,0.00,
literacy activities for 2 3 year olds,,20,,0.00,
literacy activities for 2-3 year olds,,20,,0.00,
literacy activities for 3 4 year olds,,20,,0.00,
literacy activities for 3 5 year olds,,20,,0.00,
literacy activities for 3 year olds,,20,,1.12,
literacy activities for 3-4 year olds,,20,,0.00,
literacy activities for 4 5 year olds,,20,,0.00,
literacy activities for 4 year olds,,20,,0.00,
literacy activities for 5 year olds,,20,,0.00,
literacy activities for 6 year olds,,20,,0.00,
literacy activities for 7 year olds,,20,,0.00,
literacy activities for 8 year olds,,20,,0.00,
literacy activities for four year olds,,20,,0.76,
little rock activities for kids,,20,,0.00,
local activities for 1 year olds,,20,,0.00,
local activities for 2 year olds,,20,,0.00,
local activities for kids,,20,,0.00,
long island indoor activities for kids,,20,,0.00,
lubbock activities for kids,,20,,0.00,
maine activities for kids,,20,,0.00,
maine winter activities for kids,,20,,0.00,
mall of america activities for kids,,20,,0.00,
manipulative activities for 2 year olds,,20,,0.00,
manipulative activities for 3 year olds,,20,,0.00,
map activity for kids printable,,20,,0.00,
map reading activities for kids,,20,,0.00,
mark making activities for 2 3 year olds,,20,,0.00,
mark making activities for 2 year olds,,20,,0.00,
matching activities for 2 year olds,,20,,0.00,
matching activities for 3 year olds,,20,,0.00,
matching activities for 4 year olds,,20,,0.00,
matching activities for 5 year olds,,20,,0.00,
math activities for 1 2 year olds,,20,,0.00,
math activities for 1 year olds,,20,,0.00,
math activities for 1-2 year olds,,20,,0.00,
math activities for 3 5 year olds,,20,,0.00,
math activities for 3 and 4 year olds,,20,,1.11,
math activities for 4 5 year olds,,20,,0.00,
math activities for 4 and 5 year olds,,20,,0.00,
math activities for 5 8 year olds,,20,,0.00,
math activities for 5 year olds,,20,,1.20,
math activities for 6 8 year olds,,20,,0.00,
math activities for 8 year olds,,20,,0.00,
math activities for one year olds,,20,,0.00,
math activities for three year olds,,20,,0.00,
math activities for two year olds,,20,,0.00,
math activity for 2 year olds,,20,,1.24,
math and science activities for 2 year olds,,20,,0.00,
math and science activities for 3 year olds,,20,,0.58,
mathematics activities for 3 5 year olds,,20,,1.00,
maths activities for 10 year olds,,20,,0.00,
maths activities for 2 3 year olds,,20,,0.91,
maths activities for 3 4 year olds,,20,,0.69,
maths activities for 3 5 year olds,,20,,1.00,
maths activities for 3 year olds,,20,,1.01,
maths activities for 5 year olds,,20,,1.31,
maths activities for 5 year olds printable,,20,,0.00,
maths activities for 6 year olds,,20,,0.78,
maths activities for 7 year olds,,20,,0.00,
maths activities for 8 year olds,,20,,0.00,
maths activities for 9 year olds,,20,,0.00,
maths activity books for 5 year olds,,20,,0.00,
mattel outdoor toys for active kids,,20,,0.00,
mental health activities for kids pdf,,20,,0.00,
mess free activities for 2 year olds,,20,,1.19,
mess free activities for 3 year olds,,20,,0.28,
mess free activities for 4 year olds,,20,,0.00,
messy activities for 2 year olds,,20,,0.00,
messy play activities for 1 year olds,,20,,0.00,
messy play activities for 2 year olds,,20,,0.00,
messy play activities for 3 4 year olds,,20,,0.00,
messy play activities for 3 year olds,,20,,0.00,
mexican independence day activities for kids,,20,,0.00,
michaels craft activities for kids,,20,,0.00,
microscope activities for kids,,20,,0.00,
mindfulness activities for 10 year olds,,20,,0.00,
mindfulness activities for 3 year olds,,20,,0.00,
mindfulness activities for 5 year olds,,20,,0.00,
mindfulness activities for 7 year olds,,20,,0.00,
mindfulness activities for 8 year olds,,20,,0.00,
mindfulness activities for kids pdf,,20,,0.00,
mindfulness for kids activities,,20,,0.00,
minecraft activities for kids,,20,,0.00,
minecraft party activities for kids,,20,,0.00,
mohegan sun activities for kids,,20,,0.00,
monster activities for kids,,20,,0.00,
monster truck activities for kids,,20,,0.00,
montessori activities at home for 1 year olds,,20,,0.47,
montessori activities at home for 4 year olds,,20,,0.00,
montessori activities for 1 2 year olds,,20,,0.39,
montessori activities for 1 month old,,20,,0.00,
montessori activities for 10 month old,,20,,0.68,
montessori activities for 10 year olds,,20,,0.00,
montessori activities for 11 month old,,20,,0.00,
montessori activities for 12 month old,,20,,0.46,
montessori activities for 12 month olds,,20,,0.32,
montessori activities for 13 month old,,20,,0.28,
montessori activities for 14 month old,,20,,0.35,
montessori activities for 16 month old,,20,,0.66,
montessori activities for 17 month old,,20,,0.00,
montessori activities for 18-24 month old,,20,,0.00,
montessori activities for 19 month old,,20,,0.41,
montessori activities for 2 3 year olds,,20,,0.95,
montessori activities for 2 month old,,20,,0.06,
montessori activities for 2 year olds at home,,20,,1.30,
montessori activities for 2 year olds pdf,,20,,3.02,
montessori activities for 2 year olds printable,,20,,1.87,
montessori activities for 2-3 year olds,,20,,0.95,
montessori activities for 2.5 year olds,,20,,0.59,
montessori activities for 20 month old,,20,,0.09,
montessori activities for 21 month old,,20,,0.00,
montessori activities for 22 month old,,20,,0.00,
montessori activities for 24 month old,,20,,0.00,
montessori activities for 3 5 year olds,,20,,0.00,
montessori activities for 3 6 year olds,,20,,0.00,
montessori activities for 3 month old,,20,,0.39,
montessori activities for 3 year olds at home,,20,,0.00,
montessori activities for 3 year olds pdf,,20,,0.00,
montessori activities for 3 year olds printables,,20,,0.00,
montessori activities for 4 month old,,20,,0.55,
montessori activities for 4 year olds at home,,20,,0.00,
montessori activities for 4 year olds pdf,,20,,0.00,
montessori activities for 5 month old,,20,,0.37,
montessori activities for 5 year olds at home,,20,,0.00,
montessori activities for 5 year olds pdf,,20,,4.30,
montessori activities for 6 9 year olds,,20,,0.00,
montessori activities for 6 month old,,20,,0.55,
montessori activities for 6 year olds,,20,,1.05,
montessori activities for 7 month old,,20,,1.03,
montessori activities for 7 year olds,,20,,0.00,
montessori activities for 8 month old,,20,,1.00,
montessori activities for 8 year olds,,20,,0.00,
montessori activities for 9 12 year olds,,20,,0.00,
montessori activities for one year olds,,20,,0.00,
montessori activity books for 2 year olds,,20,,0.00,
montessori art activities for 2 year olds,,20,,0.00,
montessori for 2 year olds activities,,20,,0.00,
montessori home activities for 3 year olds,,20,,0.00,
montessori language activities for 2 year olds,,20,,0.00,
montessori language activities for 3 year olds,,20,,0.00,
montessori language activities for 4 year olds,,20,,0.00,
montessori learning activities for 2 year olds,,20,,0.47,
montessori learning activities for 3 year olds,,20,,0.74,
montessori math activities for 2 year olds,,20,,0.00,
montessori math activities for 3 year olds,,20,,0.00,
montessori math activities for 4 year olds,,20,,0.00,
montessori math activities for 5 year olds,,20,,0.00,
montessori practical life activities for 2 year olds,,20,,0.00,
montessori practical life activities for 3 year olds,,20,,0.00,
montessori practical life activities for 4 year olds,,20,,0.00,
montessori practical life activities for 5 year olds,,20,,0.00,
monthly activities for kids,,20,,0.00,
morning activities for 2 year olds,,20,,0.29,
morning activities for 3 year olds,,20,,0.67,
morse code activities for kids,,20,,0.00,
mother's day activities for 2 year olds,,20,,0.00,
mother's day activities for 3 year olds,,20,,0.00,
mother's day activity for kids,,20,,0.00,
mothers day activities for kids,,20,,0.00,
motor activities for 2 year olds,,20,,0.00,
motor activities for 3 year olds,,20,,0.00,
motor development activities for 3 year olds,,20,,0.00,
motor planning activities for 2 year olds,,20,,0.00,
motor planning activities for 3 year olds,,20,,0.00,
motor planning activities for 5 year olds,,20,,0.00,
motor skill activities for 1 year olds,,20,,0.20,
motor skill activities for 2 year olds,,20,,0.00,
motor skill activities for 3 year olds,,20,,0.00,
motor skill activities for 4 year olds,,20,,0.00,
motor skills activities for 1 year olds,,20,,0.20,
motor skills activities for 3 4 year olds,,20,,0.00,
motor skills activities for 3 year olds,,20,,0.00,
motor skills activities for 5 year olds,,20,,0.00,
movement activities for 2 year olds,,20,,0.00,
movement activities for 3 4 year olds,,20,,0.00,
movement activities for 3 year olds,,20,,0.00,
movement activities for 5 6 year olds,,20,,0.00,
movement activities for 5 year olds,,20,,0.00,
movement activities for 5-6 year olds,,20,,0.00,
multicultural activities for kids,,20,,0.00,
music activities for 1 2 year olds,,20,,0.00,
music activities for 1 year olds,,20,,0.00,
music activities for 2 year olds,,20,,0.00,
music activities for 3 5 year olds,,20,,0.00,
music activities for 3 year olds,,20,,0.00,
music activities for 4 year olds,,20,,0.00,
music activities for 5 year olds,,20,,0.00,
music activities for three year olds,,20,,0.00,
music activities for two year olds,,20,,0.00,
music and movement activities for 2 3 year olds,,20,,0.00,
music and movement activities for 2 year olds,,20,,0.00,
music and movement activities for 3 year olds,,20,,0.00,
music and movement activities for 3-5 year olds,,20,,0.00,
music and movement activities for 4 5 year olds,,20,,0.00,
music and movement activities for 4 year olds,,20,,0.00,
music and movement activities for two year olds,,20,,0.00,
musical activities for 1 2 year olds,,20,,0.00,
musical activities for 3-5 year olds,,20,,0.36,
my body activities for 3 year olds,,20,,0.00,
myplate activity for kids,,20,,0.00,
name activities for 3 year olds,,20,,0.00,
name recognition activities for 2 year olds,,20,,0.00,
name recognition activities for 3 year olds,,20,,0.00,
name recognition activities for two year olds,,20,,0.00,
nanny activities for 10 year olds,,20,,0.00,
nanny activities for 2 year olds,,20,,0.00,
nanny activities for 4 year olds,,20,,0.00,
nashville activities for kids and families,,20,,0.00,
natick mall activities for kids,,20,,0.00,
nature activities for 1 year olds,,20,,0.00,
nature activities for 10 year olds,,20,,0.00,
nature activities for 2 year olds,,20,,1.52,
nature activities for 3 year olds,,20,,0.00,
nature activities for 4 year olds,,20,,0.00,
nature activities for 5 year olds,,20,,0.00,
nature art activities for kids,,20,,0.00,
nature camp activities for kids,,20,,0.00,
nervous system activities for kids,,20,,0.00,
neuroscience activities for kids,,20,,0.00,
new orleans for kids activities,,20,,0.00,
new year activity for kids,,20,,0.00,
new year's activities for kids,,20,,0.00,
new year's eve activities for kids near me,,20,,0.00,
new year's resolution activity for kids,,20,,0.00,
new year's therapy activities for kids,,20,,0.00,
new years countdown activities for kids,,20,,0.00,
new years stem activities for kids,,20,,0.00,
new york city activities for kids,,20,,0.00,
no bake cooking activities for kids,,20,,0.00,
no mess activities for 2 year olds,,20,,0.00,
no-bake cooking activities for kids,,20,,0.00,
non messy activities for 2 year olds,,20,,0.00,
non messy activities for 4 year olds,,20,,0.00,
non screen activities for 10 year olds,,20,,0.47,
non screen activities for 13 year olds,,20,,0.00,
non screen activities for 5 year olds,,20,,0.00,
non screen activities for 8 year olds,,20,,0.00,
non screen activities for 9 year olds,,20,,0.00,
north myrtle beach activities for kids,,20,,0.00,
number activities for 1 year olds,,20,,0.00,
number activities for 2 3 year olds,,20,,0.00,
number activities for 2 year olds,,20,,0.00,
number activities for 3 4 year olds,,20,,0.00,
number activities for 3 year olds,,20,,0.64,
number activities for 4 5 year olds,,20,,0.00,
number activities for 4 year olds,,20,,0.00,
number activities for 5 year olds,,20,,0.00,
number activities for three year olds,,20,,0.74,
number recognition activities for 2 year olds,,20,,0.00,
number recognition activities for 3 year olds,,20,,0.00,
nursery activities for 1 2 year olds,,20,,0.71,
nursery activities for 1-2 year olds,,20,,0.71,
nursery activities for 2 3 year olds,,20,,0.34,
nursery activities for 3 4 year olds,,20,,0.47,
nursery activities for 3 4 year olds pdf,,20,,0.00,
nursery activities for 3 5 year olds,,20,,0.00,
nursery activity ideas for 2 3 year olds,,20,,0.00,
nursery rhyme activities for 2 year olds,,20,,0.00,
nyc christmas activities for kids,,20,,0.00,
nyc indoor activities for kids,,20,,0.00,
occupational therapy activities for 2 year olds,,20,,0.00,
occupational therapy activities for 3 year olds,,20,,4.58,
occupational therapy activities for 4 year olds,,20,,0.00,
occupational therapy activities for 5 year olds,,20,,0.00,
occupational therapy activities for 7 year olds,,20,,0.00,
ocean activities for 2 year olds,,20,,0.00,
ocean themed activities for kids,,20,,0.00,
oil spill activity for kids,,20,,0.00,
old macdonald had a farm activities for kindergarten,,20,,0.00,
omaha activities for kids,,20,,0.00,
online activities for 4 year olds,,20,,0.00,
online learning activities for 3 year olds,,20,,1.57,
online learning activities for 4 year olds,,20,,0.00,
open ended activities for 2 year olds,,20,,0.00,
open ended activities for 3 year olds,,20,,0.00,
open house activities for kids,,20,,0.00,
open-ended activities for 4 year olds,,20,,0.00,
oral motor activities for kids,,20,,0.00,
organized activities for 2 year olds,,20,,1.09,
organized activities for 3 year olds,,20,,1.03,
organized activities for 4 year olds,,20,,0.00,
orlando activities for 2 year olds,,20,,0.00,
orlando florida activities for kids,,20,,0.00,
ot activities for 2 year olds,,20,,0.00,
our lady of guadalupe activities for kids,,20,,0.00,
outdoor activities for 1 year olds near me,,20,,0.00,
outdoor activities for 1.5 year olds,,20,,0.00,
outdoor activities for 10 12 year olds,,20,,0.00,
outdoor activities for 10 month old,,20,,0.20,
outdoor activities for 10 year olds near me,,20,,0.00,
outdoor activities for 11 month old,,20,,0.00,
outdoor activities for 12 month old,,20,,0.00,
outdoor activities for 12 year olds near me,,20,,0.00,
outdoor activities for 14 month old,,20,,0.29,
outdoor activities for 15 month old,,20,,0.68,
outdoor activities for 16 month old,,20,,0.22,
outdoor activities for 17 month olds,,20,,0.00,
outdoor activities for 19 month old,,20,,0.00,
outdoor activities for 2 3 year olds,,20,,0.42,
outdoor activities for 2 4 year olds,,20,,0.00,
outdoor activities for 2 month old,,20,,0.00,
outdoor activities for 2 year old,,20,,0.00,
outdoor activities for 2-3 year olds,,20,,0.42,
outdoor activities for 20 month old,,20,,0.00,
outdoor activities for 3 4 year olds,,20,,0.81,
outdoor activities for 3 5 year olds near me,,20,,0.00,
outdoor activities for 3 month old,,20,,0.00,
outdoor activities for 3 to 5 year olds,,20,,0.00,
outdoor activities for 3 year olds near me,,20,,0.97,
outdoor activities for 3-4 year olds,,20,,0.81,
outdoor activities for 4 5 year olds,,20,,0.28,
outdoor activities for 4 month old,,20,,0.00,
outdoor activities for 4 year olds near me,,20,,0.00,
outdoor activities for 4-5 year olds,,20,,0.28,
outdoor activities for 4-6 year olds,,20,,0.00,
outdoor activities for 5 month old,,20,,0.21,
outdoor activities for 5 year olds near me,,20,,0.00,
outdoor activities for 6 month old,,20,,0.00,
outdoor activities for 7 month old,,20,,0.21,
outdoor activities for 8 10 year olds,,20,,0.22,
outdoor activities for 8 month old,,20,,0.08,
outdoor activities for 8 year olds near me,,20,,0.00,
outdoor activities for 8-10 year olds,,20,,0.00,
outdoor activities for 9 month old,,20,,0.00,
outdoor activities for five year olds,,20,,0.00,
outdoor activities for kids birthday party,,20,,0.00,
outdoor activities for old people,,20,,0.00,
outdoor activities for one year old,,20,,0.00,
outdoor activities in the goldfields for families with young kids,,20,,0.00,
outdoor activity toys for 10 year olds,,20,,0.43,
outdoor activity toys for 3 year olds,,20,,0.00,
outdoor activity toys for 5 year olds,,20,,0.23,
outdoor camping activities for kids,,20,,0.00,
outdoor easter activities for kids,,20,,0.00,
outdoor gross motor activities for 1 year olds,,20,,0.00,
outdoor gross motor activities for 2 year olds,,20,,0.00,
outdoor gross motor activities for 3 year olds,,20,,0.00,
outdoor gross motor activities for 3-5 year olds,,20,,0.00,
outdoor gross motor activities for 4 year olds,,20,,0.00,
outdoor group activities for kids,,20,,0.00,
outdoor learning activities for 2 year olds,,20,,0.00,
outdoor learning activities for 3-5 year olds,,20,,0.22,
outdoor learning activities for 5 year olds,,20,,0.00,
outdoor party activities for 10 year olds,,20,,0.00,
outdoor physical activities for 2 year olds,,20,,0.00,
outdoor physical activities for 3 5 year olds,,20,,0.00,
outdoor physical activities for 3-5 year olds,,20,,0.00,
outdoor physical activities for 6 12 year olds,,20,,0.00,
outdoor play activities for 2 year olds,,20,,0.34,
outdoor play activities for 4 year olds,,20,,0.00,
outdoor play activities for kids,,20,,0.00,
outdoor sports activities for kids,,20,,0.00,
outdoor stem activities for kids,,20,,0.00,
outdoor summer activities for 10 year olds,,20,,0.00,
outdoor summer camp activities for 3 5 year olds,,20,,0.00,
outdoor summer camp activities for 8 12 year olds,,20,,0.00,
outdoor team building activities for kids,,20,,0.00,
outdoor therapy activities for kids,,20,,0.00,
outdoor water activities for 5 year olds,,20,,0.00,
outside activities for 1 year olds,,20,,0.29,
outside activities for 3 year olds,,20,,0.33,
outside activity table for kids,,20,,0.00,
paint activities for 1 year olds,,20,,0.00,
paint activities for 2 year olds,,20,,0.49,
paint activities for 4 year olds,,20,,0.00,
painters tape activities for 3 year olds,,20,,0.00,
painting activities for 1 2 year olds,,20,,0.00,
painting activities for 1 year olds,,20,,0.00,
painting activities for 10 year olds,,20,,0.00,
painting activities for 18 month olds,,20,,0.00,
painting activities for 2 3 year olds,,20,,0.56,
painting activities for 2 year olds,,20,,0.19,
painting activities for 2-3 year olds,,20,,0.56,
painting activities for 3 5 year olds,,20,,0.00,
painting activities for 3 year olds,,20,,0.34,
painting activities for 4 5 year olds,,20,,0.00,
painting activities for 4 year olds,,20,,0.00,
painting activities for 4 year olds pdf,,20,,0.00,
painting activities for 6 year olds,,20,,0.00,
painting activities for 8 year olds,,20,,0.00,
painting activities for 9 year olds,,20,,0.00,
painting activities for two year olds,,20,,0.00,
painting activity for kids,,20,,0.00,
paleontology activities for kids,,20,,0.00,
palisades mall activities for kids,,20,,0.00,
palm beach activities for kids,,20,,0.00,
paper activities for 10 year olds,,20,,0.00,
paper activities for 2 year olds,,20,,0.17,
paper activities for 3 year olds,,20,,0.64,
paper activities for 4 year olds,,20,,0.00,
paper activities for 5 year olds,,20,,0.00,
paper activities for 6 year olds,,20,,0.00,
paper activities for 8 year olds,,20,,0.00,
paper activities for kids,,20,,0.00,
paper plate activities for 2 year olds,,20,,0.00,
parable of the sower for kids activities,,20,,0.00,
park activities for kids,,20,,0.00,
party activities for 1 year olds,,20,,0.39,
party activities for 10 year olds,,20,,0.00,
party activities for 11 year olds,,20,,0.00,
party activities for 12 year olds,,20,,0.00,
party activities for 13 year olds,,20,,0.29,
party activities for 14 year olds,,20,,0.00,
party activities for 15 year olds,,20,,0.00,
party activities for 16 year olds,,20,,0.00,
party activities for 2 year olds,,20,,0.44,
party activities for 4 year olds,,20,,0.41,
party activities for 5 year olds,,20,,0.30,
party activities for 6 year olds,,20,,0.43,
party activities for 7 year olds,,20,,0.49,
party activities for 8 year olds,,20,,0.00,
party activities for 9 year olds,,20,,0.00,
party activity ideas for 13 year olds,,20,,0.38,
paso robles activities for kids,,20,,0.00,
passover activities for kids,,20,,0.00,
passport activity for kids,,20,,0.00,
pattern activities for 3 year olds,,20,,0.00,
pattern activities for 4 year olds,,20,,0.00,
pdf activities for 4 year olds,,20,,0.00,
peer pressure activities for kids,,20,,0.00,
pensacola beach activities for kids,,20,,0.00,
personalized sensory gym activities for kids with disabilities,,20,,0.00,
philly activities for kids,,20,,0.00,
phonics activities for 2 year olds,,20,,0.00,
phonics activities for 3 year olds,,20,,1.13,
phonics activities for 3-4 year olds,,20,,0.00,
phonics activities for 4 year olds,,20,,1.27,
phonics activities for 5 year olds,,20,,0.00,
phonological awareness activities for 3 year olds,,20,,1.13,
photosynthesis activities for kids,,20,,0.00,
photosynthesis activity for kids,,20,,0.00,
physical activities for 0 2 year olds,,20,,0.00,
physical activities for 1 2 year olds,,20,,0.00,
physical activities for 1 year olds,,20,,0.00,
physical activities for 10 12 year olds,,20,,0.00,
physical activities for 10 year olds,,20,,0.00,
physical activities for 11 year olds,,20,,0.00,
physical activities for 2 3 year olds,,20,,0.00,
physical activities for 3 4 year olds,,20,,0.00,
physical activities for 3 5 year olds,,20,,0.00,
physical activities for 3 year olds near me,,20,,2.01,
physical activities for 3-4 year olds,,20,,0.00,
physical activities for 4 5 year olds,,20,,0.00,
physical activities for 4 6 year olds,,20,,0.00,
physical activities for 5 6 year olds,,20,,0.00,
physical activities for 5 year olds,,20,,0.92,
physical activities for 6 12 year olds,,20,,0.00,
physical activities for 6 8 year olds,,20,,0.00,
physical activities for 6 year olds,,20,,0.00,
physical activities for 7 year olds,,20,,0.00,
physical activities for 8 year olds,,20,,0.00,
physical activities for 9 year olds,,20,,0.00,
physical activities for kids other than sports,,20,,0.00,
physical activities for one year olds,,20,,0.00,
physical activities for two year olds,,20,,0.00,
physical activity for 12 year olds,,20,,0.00,
physical activity for 18 month old,,20,,0.00,
physical activity for 4 year olds,,20,,0.00,
physical activity for 6 month old,,20,,0.00,
physical activity games for 3 5 year olds,,20,,0.00,
physical activity toys for 2 year olds,,20,,0.15,
physical activity toys for 3 year olds,,20,,0.20,
physical activity toys for 4 year olds,,20,,0.19,
physical activity toys for 5 year olds,,20,,0.00,
physical activity toys for 8 year olds,,20,,0.00,
physical development activities for 1 2 year olds,,20,,0.00,
physical development activities for 1 year olds,,20,,0.00,
physical development activities for 2 3 year olds,,20,,0.00,
physical development activities for 2 year olds,,20,,0.00,
physical development activities for 2-3 year olds,,20,,0.00,
physical development activities for 3 4 year olds,,20,,0.00,
physical development activities for 3 5 year olds,,20,,0.00,
physical development activities for 3 year olds,,20,,0.00,
physical development activities for 4 year olds,,20,,0.00,
physical development activities for 5 year olds,,20,,0.00,
physical therapy activities for kids,,20,,0.00,
piano activities for 4 year olds,,20,,0.00,
piano activities for 5 year olds,,20,,0.00,
picnic activities for kids,,20,,0.00,
pincer grasp activities for 5 year olds,,20,,0.00,
pincer grasp activities for 8 month old,,20,,0.00,
pincer grip activities for 3 year olds,,20,,0.00,
pinterest activities for 1 year olds,,20,,0.00,
pinterest activities for 10 year olds,,20,,0.00,
pinterest activities for 2 year olds,,20,,0.00,
pinterest activities for 3 year olds,,20,,0.00,
pinterest activities for 4 year olds,,20,,0.00,
pinterest activities for 5 year olds,,20,,0.00,
pinterest activities for 8 year olds,,20,,0.00,
pinterest activities for kids,,20,,0.00,
pioneer activities for kids,,20,,0.00,
pipe cleaner activities for 18 month old,,20,,0.00,
pipe cleaner activities for 3 year olds,,20,,0.00,
pirate activities for 2 year olds,,20,,0.00,
plane activities for 1 year old,,20,,0.00,
plane activities for 10 month old,,20,,0.33,
plane activities for 15 month old,,20,,0.39,
plane activities for 16 month old,,20,,0.31,
plane activities for 5 year olds,,20,,0.41,
plane activities for 8 year olds,,20,,0.38,
plane activities for 9 year olds,,20,,0.00,
play activities for 1 2 year olds,,20,,0.00,
play activities for 1 year olds,,20,,0.24,
play activities for 10 month old,,20,,0.11,
play activities for 11 month old,,20,,0.00,
play activities for 12 month old,,20,,0.00,
play activities for 14 month old,,20,,0.00,
play activities for 15 month old,,20,,0.00,
play activities for 18 month old,,20,,0.16,
play activities for 2 3 year olds,,20,,0.00,
play activities for 3 4 year olds,,20,,0.00,
play activities for 3 5 year olds,,20,,0.00,
play activities for 3 week old,,20,,0.00,
play activities for 3 year olds,,20,,0.00,
play activities for 4 5 year olds,,20,,0.00,
play activities for 4 month old,,20,,0.30,
play activities for 4 year olds,,20,,0.68,
play activities for 5 month old,,20,,0.35,
play activities for 5 year olds,,20,,0.00,
play activities for 6 year olds,,20,,0.00,
play activities for 7 year olds,,20,,0.00,
play activities for 8 month old,,20,,0.41,
play activities for one year olds,,20,,0.25,
play based learning activities for 5 year olds,,20,,0.00,
play doh activities for 2 year olds,,20,,0.00,
play doh activities for 3 year olds,,20,,0.00,
play dough activities for 3 year olds,,20,,0.00,
play therapy activities for 10 year olds,,20,,0.00,
play therapy activities for 2 year olds,,20,,0.00,
play therapy activities for 3 year olds,,20,,0.81,
play therapy activities for 4 year olds,,20,,0.00,
play therapy activities for 5 year olds,,20,,0.00,
play therapy activities for 6 year olds,,20,,0.00,
play therapy activities for kids,,20,,0.00,
play-doh outdoor toys for active kids,,20,,0.00,
playdate activities for 10 year olds,,20,,0.00,
playdate activities for 2 year olds,,20,,0.00,
playdate activities for 3 4 year olds,,20,,0.00,
playdate activities for 3-4 year olds,,20,,0.00,
playdate activities for 4 year olds,,20,,0.00,
playdate activities for 5 year olds,,20,,0.00,
playdate activities for 6 year olds,,20,,0.00,
playdate activities for 7 year olds,,20,,0.43,
playdate activities for 8 year olds,,20,,0.00,
playdate activities for 9 year olds,,20,,0.00,
playdough activities for 18 month old,,20,,0.00,
playdough activities for 2 year olds,,20,,0.00,
playdough activities for 3 year olds,,20,,0.00,
playdough activities for 4 year olds,,20,,0.00,
playdough activities for 5 year olds,,20,,0.00,
playdough activities for 7 year olds,,20,,0.00,
playgroup activities for 2 year olds,,20,,0.00,
playgroup activities for 3 year olds,,20,,0.00,
playtime activities for 1 month old,,20,,0.00,
playtime activities for 2 month old,,20,,0.22,
playtime activities for 3 month old,,20,,0.45,
playtime activities for 4 month old,,20,,0.08,
playtime activities for 5 month old,,20,,0.13,
playtime activities for 6 month old,,20,,0.00,
pom pom activities for 1 year olds,,20,,0.00,
pom pom activities for 18 month old,,20,,0.00,
pom pom activities for 3 year olds,,20,,0.00,
pom pom activities for 4 year olds,,20,,0.00,
pom pom activities for 5 year olds,,20,,0.00,
pool noodle activities for kids,,20,,0.00,
popsicle stick activities for 2 year olds,,20,,0.00,
popular furniture choices for active households families with kids pets,,20,,0.00,
practical life activities for 1 year olds,,20,,0.00,
practical life activities for 2 year olds,,20,,0.00,
practical life activities for 3 year olds,,20,,0.00,
practical life activities for 4 year olds,,20,,0.00,
practical life activities for 5 year olds,,20,,0.00,
practical life activities for 6 year olds,,20,,0.00,
pre k activities for 3 year olds,,20,,1.54,
pre reading activities for 3 year olds,,20,,0.66,
pre reading activities for 4 year olds,,20,,0.00,
pre writing activities for 2 year olds,,20,,0.00,
pre writing activities for 3 year olds,,20,,1.30,
pre writing activities for 4 year olds,,20,,0.00,
preschool activities at home for 3 year olds,,20,,0.95,
preschool activities for 1 2 year olds,,20,,0.39,
preschool activities for 1 year olds,,20,,1.08,
preschool activities for 18 month old,,20,,0.00,
preschool activities for 2 3 year olds,,20,,0.42,
preschool activities for 3 4 year olds,,20,,0.47,
preschool activities for 3 5 year olds,,20,,0.00,
preschool activities for 3 year olds at home,,20,,0.56,
preschool activities for 4 5 year olds,,20,,0.00,
preschool activities for 4 year olds printables,,20,,0.00,
preschool activities for 5 year olds,,20,,0.00,
preschool activities for two year olds,,20,,0.00,
preschool activity books for 3 year olds,,20,,0.00,
preschool activity sheets for 3 year olds,,20,,0.00,
preschool activity sheets for 4 year olds,,20,,0.00,
preschool educational activities for 3 year olds printable,,20,,0.00,
preschool learning activities for 2 year olds,,20,,0.00,
preschool learning activities for 4 year olds,,20,,1.26,
preschool math activities for 3 year olds,,20,,1.44,
preschool printable activities for 4 year olds,,20,,0.00,
preschool sensory activities for 3 year olds,,20,,0.00,
presents for active 2 year olds,,20,,0.00,
presents for active 4 year olds,,20,,0.00,
pretend play activities for 2 year olds,,20,,0.00,
prewriting activities for 3 year olds,,20,,0.00,
pride activities for kids,,20,,0.00,
princess party activities for 3 year olds,,20,,0.54,
princess party activities for 4 year olds,,20,,0.30,
princess party activities for 5 year olds,,20,,0.00,
print activities for 4 year olds,,20,,0.85,
printable activities for 12 year olds,,20,,0.00,
printable activities for 13 year olds,,20,,0.00,
printable activities for 18 month old,,20,,0.00,
printable activities for 2 3 year olds,,20,,0.00,
printable activities for 2 year olds free,,20,,0.00,
printable activities for 2 year olds pdf,,20,,0.00,
printable activities for 3 4 year olds,,20,,0.53,
printable activities for 3 year olds free,,20,,0.00,
printable activities for 3 year olds pdf,,20,,0.00,
printable activities for 4 year olds pdf,,20,,0.00,
printable activities for 5 year olds pdf,,20,,0.00,
printable activities for 5 year olds to do at home,,20,,0.00,
printable activities for 6 year olds,,20,,1.49,
printable activities for kids pdf,,20,,0.00,
printable activities for three year olds,,20,,0.00,
printable activity books for 10 year olds pdf,,20,,0.00,
printable activity books for 3 year olds,,20,,0.00,
printable activity books for 4 year olds pdf,,20,,0.00,
printable activity books for 5 year olds pdf,,20,,0.00,
printable activity books for 6 year olds pdf,,20,,0.00,
printable activity pages for 3 year olds,,20,,0.00,
printable activity pages for 4 year olds,,20,,0.00,
printable activity pages for 5 year olds,,20,,0.00,
printable activity pages for 7 year olds,,20,,0.00,
printable activity pages for 8 year olds,,20,,0.00,
printable activity sheets for 10 year olds,,20,,0.00,
printable activity sheets for 11 year olds,,20,,0.00,
printable activity sheets for 2 year olds,,20,,0.00,
printable activity sheets for 3 year olds,,20,,0.99,
printable activity sheets for 4 year olds,,20,,0.85,
printable activity sheets for 5 year olds,,20,,0.00,
printable activity sheets for 6 year olds,,20,,0.00,
printable activity sheets for 7 year olds,,20,,0.00,
printable activity sheets for 8 year olds,,20,,0.00,
printable activity sheets for 9 year olds,,20,,0.00,
printable alphabet activities for 2 year olds,,20,,0.00,
printable alphabet activities for 3 year olds,,20,,0.00,
printable bible activities for kids,,20,,0.00,
printable cutting activities for 3 year olds,,20,,0.00,
printable cutting activities for 4 year olds,,20,,0.00,
printable cutting activities for 5 year olds,,20,,0.00,
printable fall activities for kids,,20,,0.00,
printable fun activities for 10 year olds,,20,,0.00,
printable halloween activities for kids,,20,,0.00,
printable learning activities for 1 year olds,,20,,0.00,
printable learning activities for 2 year olds pdf,,20,,0.00,
printable learning activities for 6 year olds,,20,,0.00,
printable math activities for 3 year olds,,20,,0.00,
printable number activities for 3 year olds,,20,,0.00,
printable number activities for 4 year olds,,20,,0.00,
printable preschool activities for 3 year olds,,20,,0.00,
problem solving activities for 1 2 year olds,,20,,0.00,
problem solving activities for 1 year olds,,20,,0.00,
problem solving activities for 10 month old,,20,,0.00,
problem solving activities for 10 year olds,,20,,0.00,
problem solving activities for 11 year olds,,20,,0.00,
problem solving activities for 12 year olds,,20,,0.00,
problem solving activities for 18 month old,,20,,0.00,
problem solving activities for 2 year olds,,20,,0.00,
problem solving activities for 3 5 year olds,,20,,0.00,
problem solving activities for 3 year olds,,20,,0.00,
problem solving activities for 4 year olds,,20,,0.00,
problem solving activities for 5 year olds,,20,,0.00,
problem solving activities for 6 year olds,,20,,0.00,
problem solving activities for 7 year olds,,20,,0.00,
problem solving activities for 8 year olds,,20,,0.00,
problem solving activities for 9 year olds,,20,,0.00,
proprioceptive activities for 2 year olds,,20,,0.00,
protein-packed school lunch kits for active kids,,20,,0.00,
pumpkin activities for 1 year olds,,20,,0.00,
pumpkin activities for 2 year olds,,20,,0.00,
pumpkin activities for 3 year olds,,20,,0.00,
put in bay activities for kids,,20,,0.00,
puzzle activities for 2 year olds,,20,,0.00,
quick activities for 2 year olds,,20,,0.00,
quick activities for kids,,20,,0.00,
quick stem activities for kids,,20,,0.00,
quiet activities for 1 year olds,,20,,0.09,
quiet activities for 10 year olds,,20,,0.30,
quiet activities for 2 year olds,,20,,0.00,
quiet activities for 3 5 year olds,,20,,0.37,
quiet activities for 3 year olds,,20,,0.50,
quiet activities for 3-5 year olds,,20,,0.37,
quiet activities for 4 year olds,,20,,0.44,
quiet activities for 5 year olds,,20,,0.29,
quiet activities for 5-8 year olds,,20,,0.00,
quiet activities for 6 year olds,,20,,0.00,
quiet activities for 7 year olds,,20,,0.00,
quiet activities for 8 10 year olds,,20,,0.00,
quiet activities for kids in church,,20,,0.00,
quiet play activities for 3 year olds,,20,,0.00,
quiet time activities for 2 3 year olds,,20,,0.42,
quiet time activities for 2 year olds,,20,,0.24,
quiet time activities for 3-4 year olds,,20,,0.47,
quiet time activities for 6 year olds,,20,,0.19,
quiet time activities for 8 year olds,,20,,0.00,
rain activities for kids,,20,,0.00,
rainbow activities for 2 year olds,,20,,0.00,
rainy day activities for 1 2 year olds,,20,,0.00,
rainy day activities for 10 month old,,20,,0.00,
rainy day activities for 11 month old,,20,,0.00,
rainy day activities for 11 year olds,,20,,0.00,
rainy day activities for 12 year olds,,20,,0.00,
rainy day activities for 13 month old,,20,,0.00,
rainy day activities for 14 month old,,20,,0.00,
rainy day activities for 15 month old,,20,,0.00,
rainy day activities for 16 month old,,20,,0.00,
rainy day activities for 18 month old,,20,,0.15,
rainy day activities for 19 month old,,20,,0.00,
rainy day activities for 2 3 year olds,,20,,0.00,
rainy day activities for 2 4 year olds,,20,,0.00,
rainy day activities for 20 month old,,20,,0.00,
rainy day activities for 3 4 year olds,,20,,0.00,
rainy day activities for 4 year olds,,20,,0.17,
rainy day activities for 5 year olds,,20,,0.07,
rainy day activities for 6 year olds,,20,,0.10,
rainy day activities for 7 year olds,,20,,0.11,
rainy day activities for 8 month old,,20,,0.00,
rainy day activities for 8 year olds,,20,,0.04,
rainy day activities for 9 year olds,,20,,0.00,
rainy day activities for kids at home,,20,,0.00,
rainy day activities for kids near me,,20,,0.00,
rainy day activities for two year olds,,20,,0.02,
rainy day activity for kids,,20,,0.00,
rainy day camping activities for kids,,20,,0.00,
raleigh activities for kids,,20,,0.00,
ramadan activities for kids printable,,20,,0.00,
rbt activities for kids,,20,,0.00,
reading activities for 10 year olds,,20,,0.00,
reading activities for 2 year olds,,20,,0.88,
reading activities for 3 5 year olds,,20,,0.00,
reading activities for 3 year olds,,20,,1.43,
reading activities for 4 year olds,,20,,1.52,
reading activities for 5 year olds,,20,,1.93,
reading activities for 6 year olds,,20,,1.74,
reading activities for 7 year olds,,20,,0.00,
reading activities for 8 year olds,,20,,0.00,
reading activities for 9 year olds,,20,,0.00,
recreation activities for kids,,20,,0.00,
recreational activities for 2 year olds,,20,,0.00,
recreational activities for 3 year olds,,20,,0.00,
red river gorge activities for kids,,20,,0.00,
reduce reuse recycle activities for kids,,20,,0.00,
reformation day activities for kids,,20,,0.00,
reggio activities for 3 year olds,,20,,0.00,
reggio emilia activities for 1 year olds,,20,,0.00,
reggio emilia activities for 2 year olds,,20,,0.00,
reggio emilia activities for 3 year olds,,20,,0.00,
reggio emilia activities for 4 year olds,,20,,0.00,
reggio emilia activities for 5 year olds,,20,,0.00,
regulating activities for kids,,20,,0.00,
reindeer activities for kids,,20,,0.00,
reindeer food activity for kids,,20,,0.00,
reptile activities for kids,,20,,0.00,
resilience activity for kids,,20,,0.00,
restaurant activities for 5 year olds,,20,,0.00,
restaurant activities for kids,,20,,0.00,
reuse old cds for these activities craft,,20,,0.00,
road safety activities for 3 5 year olds,,20,,0.00,
road safety activities for 4 5 year olds,,20,,0.00,
road trip activities for 11 year olds,,20,,0.00,
road trip activities for 18 month old,,20,,0.30,
road trip activities for 2 year olds,,20,,0.31,
road trip activities for 4 year olds,,20,,0.33,
road trip activities for 6 year olds,,20,,0.33,
road trip activities for 8 year olds,,20,,0.33,
roosevelt field mall activities for kids,,20,,0.00,
rowing activities for kids,,20,,0.00,
royal caribbean activities for 18 year olds,,20,,0.00,
ruby bridges activities for kids,,20,,0.00,
safe activities for kids with fear of heights,,20,,0.00,
safe outdoor activities for kids in northern michigan,,20,,0.00,
saint patricks day activities for kids,,20,,0.00,
salem activities for kids,,20,,0.00,
sand activities for 2 year olds,,20,,0.00,
sand activities for 3 5 year olds,,20,,0.00,
sand activities for 3-5 year olds,,20,,0.00,
santa fe activities for kids,,20,,0.00,
santa rosa activities for kids,,20,,0.00,
saturday activities for kids,,20,,0.00,
saul to paul activities for kids,,20,,0.00,
science activities for 1 2 year olds,,20,,0.00,
science activities for 10 year olds,,20,,1.55,
science activities for 11 year olds,,20,,0.00,
science activities for 12 year olds,,20,,0.00,
science activities for 2 3 year olds,,20,,0.33,
science activities for 3 5 year olds,,20,,0.29,
science activities for 3 5 year olds at home free,,20,,0.00,
science activities for 3 to 5 year olds,,20,,0.29,
science activities for 3-4 year olds,,20,,0.91,
science activities for 3-5 year olds,,20,,0.29,
science activities for 4 5 year olds,,20,,0.00,
science activities for 4 year olds,,20,,0.40,
science activities for 4-5 year olds,,20,,0.00,
science activities for 6 year olds,,20,,0.34,
science activities for 7 year olds,,20,,0.40,
science activities for 8 year olds,,20,,0.60,
science activities for 9 year olds,,20,,0.37,
science activities for kids near me,,20,,0.00,
science activities for one year olds,,20,,0.00,
science and sensory activities for 2 year olds,,20,,0.00,
science and sensory activities for 3 year olds,,20,,0.00,
science and sensory activities for 4 year olds,,20,,0.00,
science sensory activities for 3 5 year olds,,20,,0.00,
science sensory activities for 3 year olds,,20,,0.00,
science sensory activities for 4 year olds,,20,,0.00,
scissor activities for 2 year olds,,20,,0.00,
scissor activities for 3 year olds,,20,,0.00,
scissor activities for 4 year olds,,20,,0.00,
scissor activities for 5 year olds,,20,,0.00,
screen free activities for 10 year olds,,20,,0.59,
screen free activities for 11 year olds,,20,,0.00,
screen free activities for 18 month old,,20,,0.49,
screen free activities for 2 year olds,,20,,0.39,
screen free activities for 3 year olds,,20,,0.51,
screen free activities for 5 year olds,,20,,0.30,
screen free activities for 6 year olds,,20,,0.00,
screen free activities for 8 year olds,,20,,0.27,
screen-free activities for 10 year olds,,20,,0.59,
screen-free camping activities for kids,,20,,0.00,
seaside activities for kids,,20,,0.00,
self awareness activities for 3 year olds,,20,,0.00,
self concept activities for 2 year olds,,20,,0.00,
self concept activities for 3 5 year olds,,20,,0.00,
self concept activities for 3 year olds,,20,,0.00,
self concept activities for 4 year olds,,20,,0.00,
self concept activities for 5 year olds,,20,,0.00,
self esteem activities for 10 year olds,,20,,0.77,
self esteem activities for 5 year olds,,20,,0.00,
self esteem activities for 6 year olds,,20,,0.00,
self esteem building activities for kids,,20,,0.00,
self portrait activity for kids,,20,,0.00,
self regulation activities for 2 year olds,,20,,0.49,
self regulation activities for 3 year olds,,20,,0.00,
self regulation activities for 4 year olds,,20,,0.42,
self-esteem activities for kids pdf,,20,,0.00,
self-regulation activities for kids,,20,,0.00,
sensory activities for 0 2 year olds,,20,,0.00,
sensory activities for 1 2 year olds at home,,20,,0.14,
sensory activities for 1 2 year olds diy,,20,,0.00,
sensory activities for 1 month old,,20,,0.18,
sensory activities for 1 year olds at home,,20,,0.20,
sensory activities for 1 year olds diy,,20,,0.00,
sensory activities for 1.5 year olds,,20,,0.13,
sensory activities for 11 year olds,,20,,0.00,
sensory activities for 12 month old,,20,,0.23,
sensory activities for 12 year olds,,20,,1.29,
sensory activities for 13 month old,,20,,0.11,
sensory activities for 14 month old,,20,,0.35,
sensory activities for 16 month old,,20,,0.30,
sensory activities for 17 month old,,20,,0.17,
sensory activities for 19 month old,,20,,0.00,
sensory activities for 2 3 year olds,,20,,0.59,
sensory activities for 2 month old,,20,,0.32,
sensory activities for 2 month olds,,20,,0.18,
sensory activities for 2 week old,,20,,0.00,
sensory activities for 2 year olds with autism,,20,,0.00,
sensory activities for 2-3 year olds,,20,,0.59,
sensory activities for 2.5 year olds,,20,,0.00,
sensory activities for 20 month old,,20,,0.46,
sensory activities for 3 4 year olds,,20,,0.16,
sensory activities for 3 5 year olds at home,,20,,0.00,
sensory activities for 3 year olds at home,,20,,0.00,
sensory activities for 3 year olds with autism,,20,,0.00,
sensory activities for 4 5 year olds,,20,,0.00,
sensory activities for 5 6 year olds,,20,,0.00,
sensory activities for 6 month olds,,20,,0.20,
sensory activities for 6 week old,,20,,0.00,
sensory activities for 6 year olds,,20,,4.58,
sensory activities for 7 month old at home,,20,,0.29,
sensory activities for 7 week old,,20,,0.00,
sensory activities for 8 year olds,,20,,1.69,
sensory activities for 9 year olds,,20,,0.00,
sensory activities for a 4 month old,,20,,0.09,
sensory activities for a 6 month old,,20,,0.00,
sensory activities for three year olds,,20,,0.00,
sensory activity for 2 year old,,20,,0.00,
sensory activity for 3 month old,,20,,0.32,
sensory activity for 7 month old,,20,,0.07,
sensory motor activities for kids,,20,,0.00,
sensory play activities for families kids and adults,,20,,0.00,
sensory seeking activities for 2 year olds,,20,,0.89,
sensory seeking activities for 4 year olds,,20,,0.00,
sensory seeking activities for 5 year olds,,20,,0.00,
sensory table activities for 2 year olds,,20,,0.00,
separation anxiety activities for kids,,20,,0.00,
sewing activities for 6 year olds,,20,,0.00,
shadow activities for kids,,20,,0.00,
shape activities for 1 year olds,,20,,0.00,
shape activities for 2 year olds,,20,,0.00,
shape activities for 3 year olds,,20,,0.00,
shape activities for 4 year olds,,20,,0.00,
shape activities for 5 year olds,,20,,0.00,
shapes activities for 2 year olds,,20,,0.00,
shapes activities for 3 year olds,,20,,0.00,
shapes activities for 4 year olds,,20,,0.00,
sharing activities for 2 year olds,,20,,0.00,
shaving cream activities for 2 year olds,,20,,0.00,
shaving cream activities for 3 year olds,,20,,0.00,
sick day activities for 5 year olds,,20,,0.00,
sick day activities for kids,,20,,0.00,
simple activities for 1 year olds,,20,,0.23,
simple activities for 18 month olds,,20,,0.00,
simple activities for 2 3 year olds,,20,,0.00,
simple activities for 2 year olds,,20,,0.26,
simple activities for 3 year olds,,20,,1.69,
simple activities for 3 year olds indoors,,20,,1.06,
simple activities for 4 year olds,,20,,0.33,
simple activities for 5 year olds,,20,,0.00,
simple activities for two year olds,,20,,0.00,
simple art activities for 3 4 year olds,,20,,0.00,
simple daycare activities for 1 year olds,,20,,0.00,
simple engineering activities for kids,,20,,0.00,
simple machine activities for kids,,20,,0.00,
simple science activities for kids,,20,,0.00,
skeleton activity for kids,,20,,0.00,
sleepover activities for 10 year olds,,20,,0.20,
sleepover activities for 11 year olds,,20,,0.18,
sleepover activities for 12 year olds,,20,,0.17,
sleepover activities for 13 year olds,,20,,0.00,
sleepover activities for 14 year olds,,20,,0.00,
sleepover activities for 15 year olds,,20,,0.00,
sleepover activities for 16 year olds,,20,,0.00,
sleepover activities for 17 year olds,,20,,0.00,
sleepover activities for 18 year olds,,20,,0.00,
sleepover activities for 5 year olds,,20,,0.00,
sleepover activities for 6 year olds,,20,,0.00,
sleepover activities for 7 year olds,,20,,0.00,
sleepover activities for 8 year olds,,20,,0.14,
sleepover activities for 9 year olds,,20,,0.24,
sleepover activities for kids,,20,,0.00,
slumber party activities for 10 year olds,,20,,0.23,
slumber party activities for 11 year olds,,20,,0.18,
slumber party activities for 12 year olds,,20,,0.18,
slumber party activities for 7 year olds,,20,,0.00,
slumber party activities for 8 year olds,,20,,0.14,
slumber party activities for 9 year olds,,20,,0.24,
small group activities for 2 year olds,,20,,0.00,
small group activities for 3 year olds,,20,,1.40,
small group activities for 4 year olds,,20,,0.00,
small motor activities for 2 year olds,,20,,0.00,
small motor activities for 3 year olds,,20,,0.00,
small world activities for 2 year olds,,20,,0.00,
snow activities for 2 year olds,,20,,0.00,
snow activity for kids,,20,,0.00,
snow day activities for kids inside,,20,,0.00,
snow globe activity for kids,,20,,0.00,
snowed in activities for kids,,20,,0.00,
snowy day activities for kids,,20,,0.00,
soccer activities for 3 year olds,,20,,0.65,
soccer activities for 4 year olds,,20,,0.00,
soccer activities for 5 year olds,,20,,0.00,
social activities for 1 year olds,,20,,0.00,
social activities for 2 3 year olds,,20,,0.00,
social activities for 2 year olds,,20,,0.00,
social activities for 3 5 year olds,,20,,0.00,
social activities for 3 year olds,,20,,0.00,
social activities for 4 year olds,,20,,0.00,
social activities for 5 year olds,,20,,0.00,
social activities for 50 year olds,,20,,0.00,
social and emotional activities for 2 3 year olds,,20,,0.00,
social and emotional activities for 2 year olds,,20,,0.00,
social and emotional activities for 3 5 year olds,,20,,0.00,
social and emotional activities for 3 year olds,,20,,0.00,
social and emotional activities for 4 year olds,,20,,0.00,
social and emotional development activities for 2 3 year olds,,20,,1.39,
social and emotional development activities for 2 year olds,,20,,0.00,
social and emotional development activities for 3 year olds,,20,,0.00,
social and emotional development activities for 4 5 year olds,,20,,0.00,
social and emotional development activities for 5 year olds,,20,,0.00,
social awareness activities for kids,,20,,0.00,
social development activities for 1 2 year olds,,20,,0.00,
social development activities for 1 year olds,,20,,0.00,
social development activities for 2 3 year olds,,20,,2.26,
social development activities for 2 year olds,,20,,0.00,
social development activities for 2-3 year olds,,20,,0.00,
social development activities for 3 5 year olds pdf,,20,,0.00,
social development activities for 3 year olds,,20,,0.00,
social development activities for 4 and 5 year olds,,20,,0.00,
social development activities for 4 year olds,,20,,0.00,
social development activities for 5 year olds,,20,,0.00,
social emotional activities for 1 year olds,,20,,0.00,
social emotional activities for 2 3 year olds,,20,,0.00,
social emotional activities for 3 5 year olds,,20,,0.00,
social emotional activities for 3 year olds,,20,,1.68,
social emotional activities for 4 year olds,,20,,0.00,
social emotional activities for 5 year olds,,20,,0.00,
social emotional activities for two year olds,,20,,0.00,
social emotional development activities for 2 year olds,,20,,0.00,
social emotional development activities for 3 5 year olds,,20,,0.00,
social emotional development activities for 3 year olds,,20,,0.00,
social emotional learning activities for 2 year olds,,20,,0.00,
social group activities for kids with autism,,20,,0.00,
social skills activities for 10 year olds,,20,,0.00,
social skills activities for 3 year olds,,20,,0.00,
social skills activities for 4 year olds,,20,,0.00,
social skills activities for 5 year olds,,20,,0.00,
social skills activities for kids with autism,,20,,0.00,
social skills activity for kids,,20,,0.00,
social studies activities for 2 year olds,,20,,0.00,
social studies activities for 3 5 year olds,,20,,1.16,
social studies activities for 3 year olds,,20,,0.00,
social studies activities for 4 year olds,,20,,0.00,
soil activities for kids,,20,,0.00,
solo activities for 5 year olds,,20,,0.00,
solvang activities for kids,,20,,0.00,
sorting activities for 2 year olds,,20,,0.00,
sorting activities for 3 year olds,,20,,0.00,
sorting activities for 4 year olds,,20,,0.00,
sound activities for kids,,20,,0.00,
south padre island activities for kids,,20,,0.00,
space activities for 1 year olds,,20,,0.00,
space activities for 10 year olds,,20,,0.00,
space activities for 2 year olds,,20,,0.00,
space activities for 3 year olds,,20,,0.00,
space activities for 4 year olds,,20,,0.00,
space activities for 5 year olds,,20,,0.00,
space activities for 8 year olds,,20,,0.00,
space activities for kids printable,,20,,0.00,
space activity for kids,,20,,0.00,
space stem activities for kids,,20,,0.00,
speaking activities for 10 year olds,,20,,0.00,
speech activities for 1 year olds,,20,,0.00,
speech activities for 18 month old,,20,,1.43,
speech activities for 2 year olds,,20,,1.65,
speech activities for 3 year olds,,20,,1.72,
speech activities for 4 year olds,,20,,1.07,
speech activities for 5 year olds,,20,,0.00,
speech and language activities for 4 year olds,,20,,1.95,
speech and language activities for 5 year olds,,20,,1.17,
speech development activities for 2 year olds,,20,,0.00,
speech therapy activities for 10 year olds,,20,,0.00,
speech therapy activities for 3 year olds at home,,20,,0.00,
speech therapy activities for 4 year olds,,20,,1.70,
speech therapy activities for 5 year olds,,20,,0.00,
speech therapy activities for 6 year olds,,20,,0.00,
speech therapy activities for 7 year olds,,20,,0.00,
speech therapy activities for 9 year olds,,20,,0.00,
speech therapy activities for two year olds,,20,,0.00,
spelling activities for 10 year olds,,20,,0.00,
spelling activities for 7 year olds,,20,,0.00,
spelling activities for 8 year olds,,20,,0.00,
spokane activities for kids,,20,,0.00,
sport activities for 11 year olds,,20,,0.00,
sport activities for 3 year olds near me,,20,,1.48,
sport activities for 4 year olds,,20,,1.88,
sport activities for 4 year olds near me,,20,,1.33,
sport activities for 5 year olds,,20,,0.76,
sport activities for 6 year olds,,20,,0.00,
sport activities for 7 year olds,,20,,0.00,
sport activities for 9 year olds,,20,,0.00,
sport activities for kids near me,,20,,0.00,
sports & active play outdoor toys for kids,,20,,0.00,
sports activities for 1 year olds,,20,,0.00,
sports activities for 10 year olds,,20,,0.00,
sports activities for 18 month old,,20,,0.00,
sports activities for 2 3 year olds,,20,,0.00,
sports activities for 2 year olds near me,,20,,1.25,
sports activities for 3 year olds near me,,20,,1.48,
sports activities for 4 5 year olds,,20,,0.00,
sports activities for 4 year olds,,20,,1.88,
sports activities for 5 year olds near me,,20,,1.44,
sports activities for 6 year olds,,20,,0.00,
sports activities for kids jacksonville fl,,20,,0.00,
sports and activities for 4 year olds,,20,,0.99,
sports or activities for 3 year olds,,20,,1.04,
spring activities for 1 year olds,,20,,0.19,
spring activities for 3 year olds,,20,,0.50,
spring activities for kids printable free,,20,,0.00,
spring activity for kids,,20,,0.00,
spring activity sheets for kids,,20,,0.00,
spring break activities for kids las vegas,,20,,0.00,
spring break activities for kids nyc,,20,,0.00,
spring craft activities for kids,,20,,0.00,
spring equinox activities for kids,,20,,0.00,
spring outdoor activities for kids,,20,,0.00,
spring school activities for kids,,20,,0.00,
st augustine activities for kids,,20,,0.00,
st louis indoor activities for kids,,20,,0.00,
st patrick's day activities for 1 year olds,,20,,0.00,
st patrick's day activities for 3 year olds,,20,,0.00,
st patrick's day activities for kids at school,,20,,0.00,
st patrick's day activity for kids,,20,,0.00,
st patricks day activities for 2 year olds,,20,,0.00,
st patricks day activity for kids,,20,,0.00,
st patricks day food activities for kids,,20,,0.00,
st. patricks day activities for kids,,20,,0.00,
st. simons island family activities for 12 year old,,20,,0.00,
st. simons island family activities for 12 year old march,,20,,0.00,
st. simons island family activities for kids 12 year old,,20,,0.00,
stained glass activity for kids,,20,,0.00,
star princess activities for kids,,20,,0.00,
staten island activities for kids,,20,,0.00,
states of matter activities for kids,,20,,0.00,
stations of the cross activities for kids,,20,,0.00,
stay at home activities for 2 year olds,,20,,0.00,
stay at home mom activities for 16 month old,,20,,0.52,
stay at home mom activities for 18 month old,,20,,0.00,
stem activities for 10 year olds,,20,,1.10,
stem activities for 11 year olds,,20,,1.20,
stem activities for 12 year olds,,20,,1.07,
stem activities for 13 year olds,,20,,0.58,
stem activities for 18 month old,,20,,0.00,
stem activities for 3 5 year olds at home,,20,,0.00,
stem activities for 3-4 year olds,,20,,2.73,
stem activities for 4 5 year olds,,20,,0.00,
stem activities for 6 year olds,,20,,0.83,
stem activities for 8 year olds,,20,,0.94,
stem activities for 9 year olds,,20,,1.12,
stem activities for elementary kids,,20,,0.00,
stem activities for kids near me,,20,,0.00,
stem activities for one year olds,,20,,0.00,
stem activities for three year olds,,20,,0.44,
stem activities for two year olds,,20,,0.72,
stem food activities for kids,,20,,0.00,
sticker activity book for 2 year olds,,20,,0.52,
sticker activity book for 3 year olds,,20,,0.37,
sticker activity book for 4 year olds,,20,,0.00,
sticker activity books for 3 year olds,,20,,0.32,
sticker activity books for 4 year olds,,20,,0.00,
stimulating activities for 1 year olds,,20,,0.00,
stimulating activities for 10 month old,,20,,0.41,
stimulating activities for 18 month old,,20,,0.00,
stimulating activities for 2 year olds,,20,,0.19,
stimulating activities for 3 year olds,,20,,0.00,
stimulating activities for 4 year olds,,20,,0.00,
stimulating activities for 5 year olds,,20,,0.00,
stimulating activities for 6 month old,,20,,0.51,
stimulating activities for 6 week old,,20,,0.00,
stimulating activities for 8 month old,,20,,0.35,
stl activities for kids,,20,,0.00,
structured activities for 2 year olds,,20,,0.43,
structured activities for 3 year olds,,20,,0.62,
structured activities for 4 year olds,,20,,0.33,
structured activities for kids,,20,,0.00,
study activities for 5 year olds,,20,,0.00,
summer activities at home for kids,,20,,0.00,
summer activities for 10 month old,,20,,0.00,
summer activities for 10 year olds at home,,20,,0.00,
summer activities for 10 year olds near me,,20,,2.25,
summer activities for 14 year olds near me,,20,,1.42,
summer activities for 15 month old,,20,,0.00,
summer activities for 18 month old,,20,,0.29,
summer activities for 20 year olds,,20,,0.00,
summer activities for 3 4 year olds,,20,,0.00,
summer activities for 3 5 year olds,,20,,0.00,
summer activities for 3 month old,,20,,0.00,
summer activities for 5 month old,,20,,0.00,
summer activities for 6 month old,,20,,0.00,
summer activities for 6 year olds near me,,20,,0.00,
summer activities for 7 month old,,20,,0.00,
summer activities for 8 month old,,20,,0.00,
summer activities for 8 year olds near me,,20,,0.00,
summer activities for 9 month old,,20,,0.00,
summer activities for kids 2026,,20,,0.00,
summer activities for kids around dfw,,20,,0.00,
summer activities for kids las vegas,,20,,0.00,
summer activities for kids los angeles,,20,,0.00,
summer activities for kids nyc,,20,,0.00,
summer activities for kids san antonio,,20,,0.00,
summer activities for kids that aren't boring,,20,,0.00,
summer activities for kids with autism,,20,,0.00,
summer activities for two year olds,,20,,0.00,
summer activities near me for kids,,20,,0.00,
summer activity sheets for kids,,20,,0.00,
summer camp activities for 10 12 year olds,,20,,0.00,
summer camp activities for 10 year olds,,20,,2.04,
summer camp activities for 11 year olds,,20,,0.00,
summer camp activities for 12 year olds,,20,,1.38,
summer camp activities for 2 year olds,,20,,0.00,
summer camp activities for 3 5 year olds near me,,20,,0.00,
summer camp activities for 3 year olds,,20,,2.81,
summer camp activities for 4 year olds,,20,,1.33,
summer camp activities for 6 year olds,,20,,0.00,
summer camp activities for 7 year olds,,20,,1.46,
summer camp activities for 8 12 year olds near me,,20,,2.87,
summer craft activities for 2 year olds,,20,,0.00,
summer free activities for kids,,20,,0.00,
summer indoor activities for kids,,20,,0.00,
summer vacation activities for kids,,20,,0.00,
sunday school activities for kids,,20,,0.00,
superhero activities for 3 year olds,,20,,0.00,
superhero stem activities for kids,,20,,0.00,
superhero themed activities for kids,,20,,0.00,
sustainable activities for kids,,20,,0.00,
sustained shared thinking activities for 3 5 year olds,,20,,0.00,
tabernacle activity for kids,,20,,0.00,
table activities for 3 year olds,,20,,0.26,
table top activities for 1 year olds,,20,,0.00,
table top activities for 2 year olds,,20,,0.22,
table top activities for 3 year olds,,20,,0.21,
table top activities for 4 year olds,,20,,0.00,
table top activities for 5 year olds,,20,,0.00,
tactile activities for kids,,20,,0.00,
teaching activities for 18 month old,,20,,0.00,
teaching activities for 2 year olds,,20,,0.95,
teaching activities for 3 year olds,,20,,0.75,
teaching activities for 4 year olds,,20,,0.00,
team building activities for 10 year olds,,20,,0.00,
team building activities for 11 year olds,,20,,0.00,
team building activities for 12 year olds,,20,,0.00,
team building activities for 13 year olds,,20,,0.00,
team building activities for 15 year olds,,20,,0.00,
team building activities for 6 year olds,,20,,0.00,
team building activities for 7 year olds,,20,,0.00,
team building activities for 8 year olds,,20,,0.00,
team building activities for 9 year olds,,20,,0.00,
team building activities for kids in the classroom,,20,,0.00,
tech activities for kids,,20,,0.00,
tech activities outdoor for kids,,20,,0.00,
technology activities for 2 3 year olds,,20,,0.00,
technology activities for 2-3 year olds,,20,,0.00,
technology activities for 3 5 year olds,,20,,0.00,
technology activities for 3-5 year olds,,20,,0.00,
temptation of jesus activities for kids,,20,,0.00,
texas activities for kids,,20,,0.00,
thankful activity for kids,,20,,0.00,
thanksgiving activities for 4 year olds,,20,,0.00,
thanksgiving activities for 5 year olds,,20,,0.00,
thanksgiving activities for two year olds,,20,,0.00,
thanksgiving activity pages for kids,,20,,0.00,
thanksgiving break activities for kids,,20,,0.00,
thanksgiving food activities for kids,,20,,0.00,
thanksgiving fun activities for kids,,20,,0.00,
thanksgiving point activities for kids,,20,,0.00,
thanksgiving printable activities for kids,,20,,0.00,
thanksgiving therapy activities for kids,,20,,0.00,
thanksgiving turkey activity for kids,,20,,0.00,
the giant encyclopedia of preschool activities for three year olds,,20,,0.00,
the grinch activities for kids,,20,,0.00,
the lorax activities for kids,,20,,0.00,
the very hungry caterpillar activities for 2 year olds,,20,,0.00,
the very hungry caterpillar activities for 3 year olds,,20,,0.00,
therapy activities for 10 year olds,,20,,0.00,
therapy activities for 11 year olds,,20,,0.00,
therapy activities for 12 year olds,,20,,0.00,
therapy activities for 3 year olds,,20,,1.06,
therapy activities for 4 year olds,,20,,0.88,
therapy activities for 5 year olds,,20,,0.80,
therapy activities for 6 year olds,,20,,0.00,
therapy activities for 8 year olds,,20,,0.00,
therapy activity for kids,,20,,0.00,
therapy termination activities for kids,,20,,0.00,
thesaurus.com 2020 6 fun writing activities for middle school kids,,20,,0.00,
this old man activities for preschoolers,,20,,0.00,
thread & sole's creative activities for kids,,20,,0.00,
threading activities for 3 year olds,,20,,0.00,
threading activities for 5 year olds,,20,,0.00,
three little pigs activities for 2 year olds,,20,,0.00,
tiger mom activities for 9 month old baby,,20,,0.00,
timeline activity for kids,,20,,0.00,
times square activities for kids,,20,,0.00,
tiring activities for 2 year olds,,20,,0.00,
tokyo activities for kids,,20,,0.00,
top activities for 2 year olds,,20,,0.00,
tornado activities for kids,,20,,0.00,
touch rugby activities for kids summer school england,,20,,0.00,
toy car activities for 2 year olds,,20,,0.00,
toy car activities for 3 year olds,,20,,0.00,
toys and activities for 10 month old,,20,,0.00,
toys and activities for 18 month old,,20,,0.49,
toys and activities for 3 month old,,20,,0.72,
toys and activities for 3 year olds,,20,,0.39,
toys and activities for 5 month old,,20,,0.31,
toys and activities for 5 year olds,,20,,0.21,
toys and activities for 6 month old,,20,,0.63,
toys and activities for 8 month old,,20,,0.15,
toys for active 5 year olds,,20,,0.36,
toys for active two year olds,,20,,0.30,
toys for very active 2 year olds,,20,,0.25,
tracing activities for 2 year olds,,20,,0.00,
tracing activities for 4 year olds,,20,,1.03,
tracing activities for 5 year olds,,20,,0.00,
tracing activities for kids,,20,,0.00,
train activities for 2 year olds,,20,,0.00,
train activities for 3 year olds,,20,,0.00,
transport activities for 2 year olds,,20,,0.00,
transportation activities for 4 year olds,,20,,0.00,
travel activities for 10 year olds,,20,,0.27,
travel activities for 18 month old,,20,,0.37,
travel activities for 3 year olds,,20,,0.39,
travel activities for 6 year olds,,20,,0.00,
travel activities for 7 year olds,,20,,0.35,
travel activities for 8 year olds,,20,,0.00,
tree activity for kids,,20,,0.00,
trust activities for kids,,20,,0.00,
tummy time activities for 1 month old,,20,,0.33,
tummy time activities for 7 month old,,20,,0.00,
tummy time activities for 7 week old,,20,,0.00,
turkey for kids activities,,20,,0.00,
turks and caicos activities for kids,,20,,0.00,
turn taking activities for 2 year olds,,20,,0.00,
turn taking activities for 3 year olds,,20,,0.00,
twin cities activities for kids,,20,,0.00,
tybee island activities for kids,,20,,0.00,
under the sea activities for 3 year olds,,20,,0.00,
understanding the world activities for 2 year olds,,20,,0.00,
unicorn activities for kids,,20,,0.00,
unplugged coding activities for kids,,20,,0.00,
usborne activity books for 3 year olds,,20,,0.00,
usborne activity books for 5 year olds,,20,,0.00,
usborne activity books for 6 year olds,,20,,0.00,
usborne activity books for 7 year olds,,20,,0.00,
used activity books for kids,,20,,0.00,
vail activities for kids,,20,,0.00,
valentine's day activities for 1 year olds,,20,,0.00,
valentine's day activities for kids printable,,20,,0.00,
valentine's day activity sheets for kids,,20,,0.00,
valentines activities for 2 year olds,,20,,0.00,
valentines day activities for 2 year olds,,20,,0.00,
valentines day activities for 3 year olds,,20,,0.00,
valentines day activities for kids with autism,,20,,0.00,
vbs activities for kids,,20,,0.00,
venice activities for kids,,20,,0.00,
veteran day activities for kids,,20,,0.00,
veterans day for kids activities,,20,,0.00,
virginia beach vacation packages for kids educational activities,,20,,0.00,
virtual activities for kids,,20,,0.00,
virtual therapy activities for 10 year olds,,20,,0.00,
visual tracking activities for kids,,20,,0.00,
volunteer activities for kids,,20,,0.00,
waikiki activities for kids,,20,,0.00,
wake time activities for 1 month old,,20,,0.10,
wake time activities for 2 month old,,20,,0.22,
wake time activities for 3 month old,,20,,0.23,
wake time activities for 4 month old,,20,,0.00,
wake window activities for 2 week old,,20,,1.05,
wake window activities for 6 month old,,20,,0.00,
wake window activities for 6 week old,,20,,0.05,
wake window activities for 7 month old,,20,,0.21,
waldorf activities for 2 year olds,,20,,0.00,
waldorf activities for 3 year olds,,20,,0.00,
waldorf activities for 4 year olds,,20,,0.00,
waldorf activities for 5 year olds,,20,,0.00,
waldorf activities for 6 year olds,,20,,0.00,
water activities for 10 year olds,,20,,0.00,
water activities for 18 month old,,20,,0.00,
water activities for 3 year olds,,20,,0.00,
water activities for 4 month old,,20,,0.00,
water activities for 4 year olds,,20,,0.13,
water activities for 5 year olds,,20,,0.00,
water activities for 6 month old,,20,,0.00,
water activities for 8 month old,,20,,0.00,
water activities for kids at home,,20,,0.00,
water activities for one year olds,,20,,0.00,
water color activity for kids,,20,,0.00,
water conservation activities for kids,,20,,0.00,
water play activities for 2 year olds,,20,,0.00,
water play activities for 3 year olds,,20,,0.00,
water table activities for 2 year olds,,20,,0.00,
watercolor activity for 3 year old,,20,,0.00,
weather activities for 2 year olds,,20,,0.00,
weather activities for 3 year olds,,20,,0.00,
weaving activities for kids,,20,,0.00,
weekend activities for 2 year olds,,20,,1.22,
weekend activities for 3 year olds,,20,,0.00,
weekend activities for 4 year olds,,20,,0.00,
weekend activities for 5 year olds,,20,,0.00,
weekly activity plan for 2 year olds,,20,,0.00,
west houston indoor activities for kids,,20,,0.00,
west palm beach activities for kids,,20,,0.00,
westchester activities for kids,,20,,0.00,
western activities for kids,,20,,0.00,
what activities are good for 3 year olds,,20,,0.00,
what activities are good for 4 year olds,,20,,0.00,
what activities for 18 month old,,20,,0.00,
what activities for 2 month old,,20,,0.46,
what activities for 3 month old,,20,,0.55,
what activities for 4 month old,,20,,0.45,
what activities for 4 year olds,,20,,0.00,
what activities for 5 month old,,20,,0.12,
what are fun activities for 2 year olds,,20,,0.00,
what are fun activities for 4 year olds,,20,,0.34,
what are good activities for 1 year olds,,20,,0.00,
what are good activities for 10 year olds,,20,,0.00,
what are good activities for 12 year olds,,20,,0.00,
what are good activities for 13 year olds,,20,,0.00,
what are good activities for 2 year olds,,20,,0.20,
what are good activities for 3 year olds,,20,,0.54,
what are good activities for 4 year olds,,20,,0.00,
what are good activities for 5 year olds,,20,,0.00,
what are good activities for 6 year olds,,20,,0.00,
what are good activities for old people,,20,,0.00,
what are the best activities for 2 year olds,,20,,0.13,
what are the best activities for 3 year olds,,20,,0.00,
what are the best activities for 4 year olds,,20,,0.00,
wheels on the bus activities for 2 year olds,,20,,0.00,
white board activities for kids,,20,,0.00,
who am i activity for kids,,20,,0.00,
why is physical activity important for kids,,20,,0.00,
wind activities for kids,,20,,0.00,
winter activities for 18 month old,,20,,0.00,
winter activities for 2 3 year olds,,20,,0.00,
winter activities for 3 5 year olds,,20,,0.00,
winter activities for 4 year olds,,20,,0.00,
winter activities for 5 year olds,,20,,0.00,
winter activities for 6 year olds,,20,,0.00,
winter activities for kids in school,,20,,0.00,
winter activities for kids no snow,,20,,0.00,
winter activities for one year olds,,20,,0.00,
winter activities for two year olds,,20,,0.00,
winter art activities for kids,,20,,0.00,
wooden activity toys for 2 year olds,,20,,0.00,
work activities for 3 year olds,,20,,0.00,
working together activities for kids,,20,,0.00,
worksheet activities for 4 year olds,,20,,0.00,
worksheet activities for kids,,20,,0.00,
worksheets learning activities for 3 year olds,,20,,0.00,
world cup activities for kids,,20,,0.00,
worm activities for kids,,20,,0.00,
writing activities for 1 year olds,,20,,0.00,
writing activities for 10 year olds,,20,,0.00,
writing activities for 2 3 year olds,,20,,0.00,
writing activities for 2 year olds,,20,,0.39,
writing activities for 3 4 year olds,,20,,0.00,
writing activities for 3 5 year olds,,20,,0.00,
writing activities for 3 year olds,,20,,0.87,
writing activities for 3 year olds pdf,,20,,0.00,
writing activities for 4 year olds,,20,,1.08,
writing activities for 4-5 year olds,,20,,0.00,
writing activities for 5 year olds,,20,,1.19,
writing activities for 5 year olds pdf,,20,,0.00,
writing activities for 6 year olds,,20,,0.81,
writing activities for 7 year olds,,20,,0.95,
writing activities for 8 year olds,,20,,0.00,
writing activities for 9 year olds,,20,,0.00,
yarn activities for 2 year olds,,20,,0.00,
yarn activities for 3 year olds,,20,,0.00,
yellowstone activities for kids,,20,,0.00,
ymca activities for 11 year olds,,20,,0.00,
ymca activities for 12 year olds,,20,,0.00,
ymca activities for 2 year olds,,20,,1.77,
ymca activities for 3-year-olds,,20,,0.00,
ymca activities for 4 year olds,,20,,0.00,
ymca activities for 5 year olds,,20,,0.00,
yoga activity for kids,,20,,0.00,
youth programs activities for kids in aurora,,20,,0.00,
youth programs activities for kids in denver,,20,,0.00,
yule activities for kids,,20,,0.00,
zones of regulation activities for kids,,20,,0.00,
'manufactured' activities for kids,,10,,0.00,
1 corinthians 13 activities for kids,,10,,0.00,
10 commandment activities for kids,,10,,0.00,
10 commandments activity sheet for kids,,10,,0.00,
10 lepers activity for kids,,10,,0.00,
10 minute activities for kids,,10,,0.00,
10 plagues activity for kids,,10,,0.00,
100 day activities for kids,,10,,0.00,
100 rainy day activities for kids,,10,,0.00,
16 de septiembre activities for kids,,10,,0.00,
1st birthday party activities for kids,,10,,0.00,
2026 activities for kids,,10,,0.00,
2026 activity for kids,,10,,0.00,
3 step activities for kids,,10,,0.00,
30a activities for kids,,10,,0.00,
31 days of halloween activities for kids,,10,,0.00,
314 day activities for kids,,10,,0.00,
4 h activities for kids,,10,,0.00,
4 month old activities for babies,,10,,0.00,
4 of july activities for kids,,10,,0.00,
4th of july activities for 3 year olds,,10,,0.00,
4th of july activities for kids at home,,10,,0.00,
4th of july activities for kids near me,,10,,0.00,
4th of july activity sheets for kids,,10,,0.00,
4th of july art activities for kids,,10,,0.00,
4th of july fun activities for kids,,10,,0.00,
5 minute activities for kids,,10,,0.00,
5 senses activities for kids,,10,,0.00,
5 senses activity for kids,,10,,0.00,
6 7 activities for kids printable,,10,,0.00,
80s activities for kids,,10,,0.00,
9 11 activities for kids printable,,10,,0.00,
9/11 activities for kids,,10,,0.00,
9/11 activity for kids,,10,,0.00,
911 activities for kids,,10,,0.00,
aapi activities for kids,,10,,0.00,
aapi month activities for kids,,10,,0.00,
aba activities for 7 year old,,10,,0.00,
aba therapy activities for kids,,10,,0.00,
about me activities for kids,,10,,0.00,
abraham lincoln activities for kids,,10,,0.00,
accountability activities for kids,,10,,0.00,
accountability activity for kids,,10,,0.00,
act activities for kids,,10,,0.00,
acting activities for kids,,10,,0.00,
activate for kids near me,,10,,0.00,
active christmas games for kids,,10,,0.00,
active christmas gifts for kids,,10,,0.00,
active entertainment options for kids on weekends and breaks,,10,,0.00,
active entertainment options for kids on weekends and school breaks,,10,,0.00,
active for kids,,10,,0.00,
active game for kids,,10,,0.00,
active games for 3-5 year olds,,10,,0.00,
active games for 6 12 year olds,,10,,0.00,
active games for kids indoors,,10,,0.00,
active gear for kids,,10,,0.00,
active gifts for 4 year olds,,10,,0.46,
active group games for kids,,10,,0.00,
active ice breaker games for kids,,10,,0.00,
active indoor activities for kids,,10,,0.00,
active indoor entertainment for kids instead of video games,,10,,0.00,
active indoor toys for 4 year olds,,10,,0.00,
active indoor toys for kids,,10,,0.00,
active listening activities for kids,,10,,0.00,
active listening definition for kids,,10,,0.00,
active listening worksheet for kids,,10,,0.00,
active outdoor games for kids,,10,,0.00,
active participation in government for kids,,10,,0.00,
active parties for 12 year olds,,10,,0.00,
active play equipment for kids,,10,,0.00,
active play ideas for kids,,10,,0.00,
active play toys for 5 year olds,,10,,0.00,
active sitting chair for kids,,10,,0.00,
active skin repair for kids,,10,,0.00,
active toys for 18 month old,,10,,0.31,
active toys for 8 10 year olds,,10,,0.00,
active toys for three year olds,,10,,0.32,
activism definition for kids,,10,,0.00,
activism for kids,,10,,0.00,
activities at home for 2 year old,,10,,0.00,
activities at home for 2 year olds,,10,,0.28,
activities at home for 8 year olds,,10,,0.21,
activities at home for kids,,10,,0.00,
activities at home for two year olds,,10,,0.00,
activities classes for 2 year olds,,10,,2.29,
activities classes for 4 year olds,,10,,1.65,
activities during thunderstorms for kids,,10,,0.00,
activities for 0-1 year olds,,10,,0.00,
activities for 0-12 month olds,,10,,0.00,
activities for 0-3 year olds,,10,,0.00,
activities for 1 and 3 year olds,,10,,0.32,
activities for 1 to 3 year olds,,10,,0.32,
activities for 1 week old baby,,10,,0.00,
activities for 1 year old at home,,10,,0.00,
activities for 1 year old near me,,10,,0.00,
activities for 1 year old party,,10,,0.00,
activities for 1 year olds london,,10,,0.00,
activities for 1 yr olds,,10,,0.34,
activities for 1-2 year olds in childcare,,10,,0.46,
activities for 1-2 year olds in daycare,,10,,0.00,
activities for 1-3 year olds,,10,,0.32,
activities for 10 month old baby,,10,,0.00,
activities for 10 year old boys,,10,,0.00,
activities for 10 year old girl birthday party,,10,,0.00,
activities for 10 year olds girl,,10,,0.00,
activities for 10 year olds outside,,10,,0.00,
activities for 10-12 month olds,,10,,0.00,
activities for 11 year olds to do,,10,,0.00,
activities for 11 year olds to do at home,,10,,0.00,
activities for 11-12 year olds,,10,,0.00,
activities for 11-13 year olds,,10,,0.00,
activities for 11-14 year olds,,10,,0.00,
activities for 12 months old,,10,,0.34,
activities for 12 year old birthday party,,10,,0.00,
activities for 12 year old girl,,10,,0.00,
activities for 12 year old girl birthday party,,10,,0.00,
activities for 12-18 month old,,10,,0.00,
activities for 12-18 month olds,,10,,0.15,
activities for 12-24 month olds,,10,,0.00,
activities for 13 month olds,,10,,0.32,
activities for 13 month olds at home,,10,,0.23,
activities for 13 year old birthday party,,10,,0.00,
activities for 13 year old boy near me,,10,,0.00,
activities for 13 year old boys,,10,,0.00,
activities for 13 year old girl birthday party,,10,,0.00,
activities for 13 year olds birthday,,10,,0.51,
activities for 13-15 year olds,,10,,0.00,
activities for 14 year old boy near me,,10,,0.00,
activities for 14 year old boys,,10,,0.00,
activities for 14 year old girls,,10,,0.00,
activities for 15 month old at home,,10,,0.28,
activities for 15 months old,,10,,0.31,
activities for 15 year old girls,,10,,0.00,
activities for 15 year olds at home,,10,,0.00,
activities for 15-18 month olds,,10,,0.00,
activities for 16 month old boys,,10,,0.00,
activities for 16 month old girls,,10,,0.00,
activities for 16 year old birthday party,,10,,0.00,
activities for 16 year old boys,,10,,0.00,
activities for 16 year old girls,,10,,0.00,
activities for 17 month olds at home,,10,,0.00,
activities for 18 to 24 month olds,,10,,0.00,
activities for 18-24 month old,,10,,0.55,
activities for 1yr olds,,10,,0.32,
activities for 2 3 year olds eyfs,,10,,0.00,
activities for 2 and 3 year olds at home,,10,,0.12,
activities for 2 month old wake window,,10,,0.00,
activities for 2 to 5 year olds,,10,,0.49,
activities for 2 year old at home,,10,,0.00,
activities for 2 year old autistic child,,10,,0.00,
activities for 2 year old boy,,10,,0.00,
activities for 2 year old boys,,10,,0.00,
activities for 2 year old on plane,,10,,0.00,
activities for 2 year olds christmas,,10,,0.00,
activities for 2 year olds dublin,,10,,0.00,
activities for 2 year olds free printables,,10,,0.00,
activities for 2 year olds in louisville ky,,10,,0.00,
activities for 2 year olds indoor,,10,,0.28,
activities for 2 year olds printables,,10,,0.00,
activities for 2 year olds sydney,,10,,0.00,
activities for 2 years old,,10,,0.00,
activities for 2 yr old,,10,,0.51,
activities for 2-3 month old,,10,,0.00,
activities for 2-3 year olds at home,,10,,0.30,
activities for 2-3 year olds eyfs,,10,,0.00,
activities for 2-3 year olds in childcare,,10,,0.00,
activities for 2-3 year olds in nursery,,10,,0.00,
activities for 2-3 year olds near me,,10,,1.55,
activities for 2-4 year olds,,10,,0.41,
activities for 2-5 year olds,,10,,0.49,
activities for 2-year-olds,,10,,0.51,
activities for 20 month old indoors,,10,,0.00,
activities for 23 month olds,,10,,0.16,
activities for 24 month old at home,,10,,0.15,
activities for 24-36 month olds,,10,,0.00,
activities for 2yr olds near me,,10,,1.32,
activities for 3 4 and 5 year olds,,10,,0.00,
activities for 3 month olds,,10,,0.50,
activities for 3 week old baby,,10,,0.00,
activities for 3 year old boy,,10,,0.00,
activities for 3 year old boys,,10,,0.00,
activities for 3 year old girl,,10,,0.00,
activities for 3 year old near me,,10,,0.00,
activities for 3 year olds in fort wayne,,10,,0.00,
activities for 3 year olds london,,10,,0.00,
activities for 3 year olds online,,10,,0.00,
activities for 3 years old,,10,,0.00,
activities for 3 yr old,,10,,0.59,
activities for 3 yr olds,,10,,0.59,
activities for 3-4 year olds at home,,10,,0.00,
activities for 3-4 year olds in childcare,,10,,0.00,
activities for 3-4 year olds in nursery,,10,,0.00,
activities for 3-4 year olds near me,,10,,0.00,
activities for 3-5 year olds gross motor,,10,,0.00,
activities for 3-6 month old,,10,,0.15,
activities for 3-6 month olds,,10,,0.00,
activities for 3-6 year olds,,10,,0.45,
activities for 30 36 month olds,,10,,0.00,
activities for 4 6 month old,,10,,0.00,
activities for 4 to 6 year olds,,10,,0.33,
activities for 4 year old at home,,10,,0.00,
activities for 4 year old autistic child,,10,,0.00,
activities for 4 year old boy,,10,,0.00,
activities for 4 year olds boy,,10,,0.00,
activities for 4 year olds online,,10,,0.00,
activities for 4 year olds that promote cognitive development,,10,,0.00,
activities for 4 year olds to do by themselves,,10,,0.00,
activities for 4 years old,,10,,0.00,
activities for 4-5 year olds,,10,,0.37,
activities for 4-6 month olds,,10,,0.00,
activities for 4-7 year olds,,10,,0.13,
activities for 4-8 year olds,,10,,0.00,
activities for 5 month old twins,,10,,0.00,
activities for 5 month olds,,10,,0.49,
activities for 5 to 7 year olds,,10,,0.43,
activities for 5 week old baby,,10,,0.00,
activities for 5 year old autistic child,,10,,0.00,
activities for 5 year old boys,,10,,0.00,
activities for 5 year olds online,,10,,0.00,
activities for 5 year olds pdf,,10,,0.00,
activities for 5 year olds printable,,10,,1.09,
activities for 5 year olds to print,,10,,0.00,
activities for 5-10 year olds,,10,,0.00,
activities for 5-12 year olds,,10,,0.00,
activities for 5-6 month old,,10,,0.31,
activities for 5-6 year olds,,10,,0.34,
activities for 5-8 year olds,,10,,0.15,
activities for 6 months old,,10,,0.30,
activities for 6 to 12 year olds,,10,,0.36,
activities for 6 to 8 year olds,,10,,0.45,
activities for 6 week old baby,,10,,0.00,
activities for 6 year olds indoors,,10,,0.00,
activities for 6 year olds printable,,10,,1.09,
activities for 6-10 year olds,,10,,0.25,
activities for 6-12 year olds,,10,,0.00,
activities for 6-7 year olds,,10,,0.00,
activities for 6-9 month olds,,10,,0.31,
activities for 7 8 month olds,,10,,0.00,
activities for 7 month old baby,,10,,0.00,
activities for 7 month olds,,10,,0.29,
activities for 7 week old baby,,10,,0.00,
activities for 7 year old,,10,,0.00,
activities for 7 year olds to do at home,,10,,0.00,
activities for 7-10 year olds,,10,,0.00,
activities for 7-11 year olds,,10,,0.00,
activities for 7-12 year olds,,10,,0.00,
activities for 7-8 month old,,10,,0.28,
activities for 7-8 month olds,,10,,0.00,
activities for 7-8 year olds,,10,,0.36,
activities for 7-9 year olds,,10,,0.00,
activities for 70 year old woman,,10,,0.00,
activities for 8 10 year old boys,,10,,0.00,
activities for 8 month olds at home,,10,,0.34,
activities for 8 year old,,10,,0.00,
activities for 8 year old girl birthday party,,10,,0.00,
activities for 8-10 year olds,,10,,0.45,
activities for 8-11 year olds,,10,,0.00,
activities for 8-12 month olds,,10,,0.00,
activities for 8-12 year olds,,10,,0.00,
activities for 8-9 year olds,,10,,0.00,
activities for 80 year old woman,,10,,0.00,
activities for 9 month old twins,,10,,0.00,
activities for 9 year old boys,,10,,0.00,
activities for 9 year old girls,,10,,0.00,
activities for 9 year olds indoors,,10,,0.00,
activities for 9-10 year olds,,10,,0.00,
activities for 9-12 month olds,,10,,0.77,
activities for 9-12 year olds,,10,,0.00,
activities for 90 year old woman,,10,,0.00,
activities for a 2 year old birthday party,,10,,0.00,
activities for a 21 month old,,10,,0.39,
activities for a 22 month old,,10,,0.41,
activities for a 3 year old birthday party,,10,,0.00,
activities for a 4 year old birthday party,,10,,0.00,
activities for a 4 year old boy,,10,,0.00,
activities for a 5 year old,,10,,0.00,
activities for a 5 year old birthday party,,10,,0.00,
activities for a 6 year old,,10,,0.00,
activities for a one year old,,10,,0.00,
activities for a two month old,,10,,0.30,
activities for a two year old,,10,,0.00,
activities for adhd kids at home,,10,,0.00,
activities for adults at kids birthday party,,10,,0.00,
activities for an 11 month old,,10,,0.33,
activities for an 8 month old,,10,,0.30,
activities for asd kids,,10,,0.00,
activities for autistic 2 year old,,10,,0.00,
activities for autistic 3 year old,,10,,0.00,
activities for autistic 4 year old,,10,,0.00,
activities for autistic kids at home,,10,,0.00,
activities for babysitters to do with kids,,10,,0.00,
activities for blind kids,,10,,0.00,
activities for bored kids,,10,,0.00,
activities for bring your kids to work day,,10,,0.00,
activities for camping with kids,,10,,0.00,
activities for christmas for kids,,10,,0.00,
activities for church kids,,10,,0.00,
activities for dads and kids,,10,,0.00,
activities for earth day for kids,,10,,0.00,
activities for eight month old,,10,,0.30,
activities for eighteen month old,,10,,0.00,
activities for fine motor skills for 4 year olds,,10,,0.39,
activities for groups of kids,,10,,0.00,
activities for halloween party kids,,10,,0.00,
activities for high functioning autistic kids,,10,,0.00,
activities for home school kids,,10,,0.00,
activities for homeschool kids near me,,10,,0.00,
activities for impulse control kids,,10,,0.00,
activities for kida,,10,,0.86,
activities for kids 2 years old,,10,,0.00,
activities for kids 6 years old,,10,,0.00,
activities for kids after school,,10,,0.00,
activities for kids allentown pa,,10,,0.00,
activities for kids and adults,,10,,0.00,
activities for kids and family in phuket,,10,,0.00,
activities for kids and grandparents,,10,,0.00,
activities for kids ann arbor,,10,,0.00,
activities for kids appleton,,10,,0.00,
activities for kids arlington tx,,10,,0.00,
activities for kids asheville,,10,,0.00,
activities for kids at a baby shower,,10,,0.00,
activities for kids at a birthday party,,10,,0.00,
activities for kids at a party,,10,,0.00,
activities for kids at adult party,,10,,0.00,
activities for kids at baby shower,,10,,0.00,
activities for kids at camp,,10,,0.00,
activities for kids at christmas,,10,,0.00,
activities for kids at christmas party,,10,,0.00,
activities for kids at church,,10,,0.00,
activities for kids at first birthday party,,10,,0.00,
activities for kids at halloween party,,10,,0.00,
activities for kids at home during summer,,10,,0.00,
activities for kids at home indoor,,10,,0.00,
activities for kids at jamaican family resorts,,10,,0.00,
activities for kids at parties,,10,,0.00,
activities for kids at restaurants,,10,,0.00,
activities for kids at weddings,,10,,0.00,
activities for kids augusta ga,,10,,0.00,
activities for kids austin,,10,,0.00,
activities for kids birmingham al,,10,,0.00,
activities for kids boca raton,,10,,0.00,
activities for kids burlington vt,,10,,0.00,
activities for kids camp,,10,,0.00,
activities for kids camping,,10,,0.00,
activities for kids cape cod,,10,,0.00,
activities for kids cape coral,,10,,0.00,
activities for kids cedar rapids,,10,,0.00,
activities for kids charleston sc,,10,,0.00,
activities for kids chattanooga,,10,,0.00,
activities for kids church,,10,,0.00,
activities for kids classroom,,10,,0.00,
activities for kids columbia sc,,10,,0.00,
activities for kids columbus ga,,10,,0.00,
activities for kids connecticut,,10,,0.00,
activities for kids corpus christi,,10,,0.00,
activities for kids dayton ohio,,10,,0.00,
activities for kids dc,,10,,0.00,
activities for kids des moines,,10,,0.00,
activities for kids destin fl,,10,,0.00,
activities for kids dfw,,10,,0.00,
activities for kids dominican republic,,10,,0.00,
activities for kids downtown chicago,,10,,0.00,
activities for kids durham nc,,10,,0.00,
activities for kids el paso,,10,,0.00,
activities for kids erie pa,,10,,0.00,
activities for kids fairfax,,10,,0.00,
activities for kids fayetteville nc,,10,,0.00,
activities for kids for christmas,,10,,0.00,
activities for kids for halloween,,10,,0.00,
activities for kids for thanksgiving,,10,,0.00,
activities for kids for valentine's day,,10,,0.00,
activities for kids fort collins,,10,,0.00,
activities for kids fort lauderdale,,10,,0.00,
activities for kids frederick md,,10,,0.00,
activities for kids fresno,,10,,0.00,
activities for kids gainesville fl,,10,,0.00,
activities for kids greenville nc,,10,,0.00,
activities for kids hilton head,,10,,0.00,
activities for kids honolulu,,10,,0.00,
activities for kids in albuquerque,,10,,0.00,
activities for kids in arizona,,10,,0.00,
activities for kids in bakersfield,,10,,0.00,
activities for kids in baltimore,,10,,0.00,
activities for kids in bay area,,10,,0.00,
activities for kids in bend oregon,,10,,0.00,
activities for kids in blue ridge,,10,,0.00,
activities for kids in boston,,10,,0.00,
activities for kids in cancun,,10,,0.00,
activities for kids in carlsbad,,10,,0.00,
activities for kids in charleston sc,,10,,0.00,
activities for kids in chattanooga,,10,,0.00,
activities for kids in cincinnati,,10,,0.00,
activities for kids in cleveland,,10,,0.00,
activities for kids in columbus ohio,,10,,0.00,
activities for kids in connecticut,,10,,0.00,
activities for kids in dallas texas,,10,,0.00,
activities for kids in denver,,10,,0.00,
activities for kids in detroit,,10,,0.00,
activities for kids in fargo,,10,,0.00,
activities for kids in fort lauderdale,,10,,0.00,
activities for kids in gatlinburg,,10,,0.00,
activities for kids in greensboro nc,,10,,0.00,
activities for kids in greenville sc,,10,,0.00,
activities for kids in hawaii,,10,,0.00,
activities for kids in hospital,,10,,0.00,
activities for kids in houston,,10,,0.00,
activities for kids in huntsville,,10,,0.00,
activities for kids in indian wells california,,10,,0.00,
activities for kids in indiranagar,,10,,0.00,
activities for kids in lake tahoe,,10,,0.00,
activities for kids in lancaster pa,,10,,0.00,
activities for kids in lexington ky,,10,,0.00,
activities for kids in long island,,10,,0.00,
activities for kids in mallorca,,10,,0.00,
activities for kids in michigan,,10,,0.00,
activities for kids in milwaukee,,10,,0.00,
activities for kids in nashville,,10,,0.00,
activities for kids in nashville tn,,10,,0.00,
activities for kids in new jersey,,10,,0.00,
activities for kids in new york city,,10,,0.00,
activities for kids in nj,,10,,0.00,
activities for kids in omaha,,10,,0.00,
activities for kids in orlando florida,,10,,0.00,
activities for kids in panama city beach,,10,,0.00,
activities for kids in paris,,10,,0.00,
activities for kids in raleigh nc,,10,,0.00,
activities for kids in reno,,10,,0.00,
activities for kids in richmond va,,10,,0.00,
activities for kids in sacramento,,10,,0.00,
activities for kids in san jose,,10,,0.00,
activities for kids in santa barbara,,10,,0.00,
activities for kids in scottsdale,,10,,0.00,
activities for kids in sedona,,10,,0.00,
activities for kids in singapore,,10,,0.00,
activities for kids in spokane,,10,,0.00,
activities for kids in st lucie,,10,,0.00,
activities for kids in st petersburg fl,,10,,0.00,
activities for kids in summer,,10,,0.00,
activities for kids in tampa fl,,10,,0.00,
activities for kids in the car,,10,,0.00,
activities for kids in the summer,,10,,0.00,
activities for kids in utah,,10,,0.00,
activities for kids in virginia beach,,10,,0.00,
activities for kids in williamsburg va,,10,,0.00,
activities for kids in winter,,10,,0.00,
activities for kids in worley,,10,,0.00,
activities for kids in worley id,,10,,0.00,
activities for kids inside,,10,,0.00,
activities for kids lafayette la,,10,,0.00,
activities for kids lake george,,10,,0.00,
activities for kids lansing mi,,10,,0.00,
activities for kids lubbock,,10,,0.00,
activities for kids manhattan,,10,,0.00,
activities for kids memphis tn,,10,,0.00,
activities for kids mesa az,,10,,0.00,
activities for kids mobile al,,10,,0.00,
activities for kids modesto,,10,,0.00,
activities for kids morgan hill,,10,,0.00,
activities for kids naperville,,10,,0.00,
activities for kids naples fl,,10,,0.00,
activities for kids near me open now,,10,,0.00,
activities for kids near roseville,,10,,0.00,
activities for kids new braunfels,,10,,0.00,
activities for kids new jersey,,10,,0.00,
activities for kids new year's eve,,10,,0.00,
activities for kids new years eve,,10,,0.00,
activities for kids new york,,10,,0.00,
activities for kids nj,,10,,0.00,
activities for kids nyc this weekend,,10,,0.00,
activities for kids ocean city md,,10,,0.00,
activities for kids ogden,,10,,0.00,
activities for kids okc,,10,,0.00,
activities for kids on a plane,,10,,0.00,
activities for kids on christmas day,,10,,0.00,
activities for kids on halloween,,10,,0.00,
activities for kids on new year's eve,,10,,0.00,
activities for kids on plane,,10,,0.00,
activities for kids on rainy days,,10,,0.00,
activities for kids on road trip,,10,,0.00,
activities for kids online,,10,,0.00,
activities for kids orange county,,10,,0.00,
activities for kids palm springs,,10,,0.00,
activities for kids panama city beach,,10,,0.00,
activities for kids parties,,10,,0.00,
activities for kids party at home,,10,,0.00,
activities for kids pasadena,,10,,0.00,
activities for kids pdf,,10,,0.00,
activities for kids pigeon forge,,10,,0.00,
activities for kids plano,,10,,0.00,
activities for kids port st lucie,,10,,0.00,
activities for kids portland,,10,,0.00,
activities for kids raleigh,,10,,0.00,
activities for kids rhode island,,10,,0.00,
activities for kids richmond va,,10,,0.00,
activities for kids riverside,,10,,0.00,
activities for kids roanoke va,,10,,0.00,
activities for kids santa barbara,,10,,0.00,
activities for kids santa rosa,,10,,0.00,
activities for kids school,,10,,0.00,
activities for kids silver lake,,10,,0.00,
activities for kids spokane,,10,,0.00,
activities for kids st augustine,,10,,0.00,
activities for kids st paul,,10,,0.00,
activities for kids stamford ct,,10,,0.00,
activities for kids staten island,,10,,0.00,
activities for kids sugar land,,10,,0.00,
activities for kids summer camp,,10,,0.00,
activities for kids tacoma,,10,,0.00,
activities for kids therapy,,10,,0.00,
activities for kids this summer,,10,,0.00,
activities for kids this week,,10,,0.00,
activities for kids to do,,10,,0.00,
activities for kids to do at birthday party,,10,,0.00,
activities for kids to do outside,,10,,0.00,
activities for kids to print,,10,,0.00,
activities for kids tomorrow,,10,,0.00,
activities for kids tomorrow near me,,10,,0.00,
activities for kids tulsa,,10,,0.00,
activities for kids twin cities,,10,,0.00,
activities for kids vancouver wa,,10,,0.00,
activities for kids washington,,10,,0.00,
activities for kids washington dc,,10,,0.00,
activities for kids westchester,,10,,0.00,
activities for kids while working from home,,10,,0.00,
activities for kids who don't like sports,,10,,0.00,
activities for kids wichita ks,,10,,0.00,
activities for kids williamsburg va,,10,,0.00,
activities for kids wilmington nc,,10,,0.00,
activities for kids winston salem,,10,,0.00,
activities for kids with a broken arm,,10,,0.00,
activities for kids with adhd at home,,10,,0.00,
activities for kids with anxiety,,10,,0.00,
activities for kids with concussion,,10,,0.00,
activities for kids with depression,,10,,0.00,
activities for kids with down syndrome,,10,,0.00,
activities for kids with dyslexia,,10,,0.00,
activities for kids without screens,,10,,0.00,
activities for kids woodbridge va,,10,,0.00,
activities for kids worksheets,,10,,0.00,
activities for kids york pa,,10,,0.00,
activities for kindergarten kids,,10,,0.00,
activities for large groups of kids,,10,,0.00,
activities for long car rides for kids,,10,,0.00,
activities for my 2 year old,,10,,0.00,
activities for non verbal kids,,10,,0.00,
activities for old dogs,,10,,0.21,
activities for old ladies,,10,,0.41,
activities for old men,,10,,0.66,
activities for old parents at home,,10,,0.00,
activities for old people at home,,10,,0.54,
activities for old people to do,,10,,1.74,
activities for old people with dementia,,10,,0.00,
activities for old people with limited mobility,,10,,0.00,
activities for older kids,,10,,0.00,
activities for older kids at 1st birthday party,,10,,0.00,
activities for one year olds pinterest,,10,,0.00,
activities for parents and kids,,10,,0.00,
activities for playgroup kids,,10,,0.00,
activities for pre k kids,,10,,0.00,
activities for prek kids,,10,,0.00,
activities for rainy days kids,,10,,0.00,
activities for school age kids,,10,,0.00,
activities for shy kids,,10,,0.00,
activities for sick kids,,10,,0.00,
activities for special needs kids near me,,10,,0.00,
activities for summer camp for kids,,10,,0.00,
activities for three year olds to do at home,,10,,0.00,
activities for toddlers 3 year old,,10,,0.00,
activities for two year old,,10,,0.00,
activities for under 5 year olds,,10,,0.00,
activities for under two year olds,,10,,0.00,
activities for young kids,,10,,0.00,
activities for young kids near me,,10,,0.00,
activities for.kids,,10,,0.86,
activities for.kids near me,,10,,0.95,
activities games for kids,,10,,0.00,
activities in barcelona for kids,,10,,0.00,
activities in branson mo for kids,,10,,0.00,
activities in colorado springs for kids,,10,,0.00,
activities in denver for kids,,10,,0.00,
activities in gulf shores for kids,,10,,0.00,
activities in houston for kids,,10,,0.00,
activities in miami for kids,,10,,0.00,
activities in nashville for kids,,10,,0.00,
activities in new jersey for kids,,10,,0.00,
activities in philadelphia for kids,,10,,0.00,
activities in pigeon forge for kids,,10,,0.00,
activities in san diego for kids,,10,,0.00,
activities in san francisco for kids,,10,,0.00,
activities in st louis for kids,,10,,0.00,
activities in vegas for kids,,10,,0.00,
activities las vegas for kids,,10,,0.00,
activities lesson for jesus death and resurrection for kids,,10,,0.00,
activities los angeles for kids,,10,,0.00,
activities near me for kids this weekend,,10,,0.00,
activities near me today for kids,,10,,0.00,
activities nyc for kids,,10,,0.00,
activities of daily living for kids,,10,,0.00,
activities pages for kids,,10,,0.00,
activities printable for kids,,10,,0.00,
activities sheets for kids,,10,,0.00,
activities this weekend for kids,,10,,0.00,
activities to do for kids,,10,,0.00,
activities today for kids,,10,,0.00,
activities today for kids near me,,10,,0.00,
activities toys for 3 year olds,,10,,0.32,
activities with shaving cream for kids,,10,,0.00,
activities with yarn for kids,,10,,0.00,
activities worksheets for kids,,10,,0.00,
activity bag for kids,,10,,0.00,
activity bags for kids,,10,,0.00,
activity board for autistic kids,,10,,0.00,
activity boards for kids,,10,,0.00,
activity book for 10 year old,,10,,0.00,
activity book for 18 month old,,10,,0.36,
activity book for 2 year olds,,10,,0.46,
activity book for 3 4 year old pdf free download,,10,,0.00,
activity book for 3 year old pdf,,10,,0.00,
activity book for 3 year old pdf free download,,10,,0.00,
activity book for 3 year olds,,10,,0.59,
activity book for 4 year old,,10,,0.00,
activity book for 5 year old,,10,,0.00,
activity book for 5 year olds,,10,,0.67,
activity book for 6 7 year old pdf free download,,10,,0.00,
activity book for 6 year old,,10,,0.00,
activity book for 8 year old,,10,,0.00,
activity books for 1 year old,,10,,0.00,
activity books for 2-3 year olds,,10,,0.00,
activity books for 3 year olds uk,,10,,0.00,
activity books for 3-4 year olds,,10,,0.00,
activity books for 3-4 year olds pdf,,10,,0.00,
activity books for 3-5 year olds,,10,,0.00,
activity books for 4 year olds free download,,10,,0.00,
activity books for 4-5 year olds,,10,,0.00,
activity books for 7 9 year olds,,10,,0.00,
activity books for 9 year-olds pdf,,10,,0.00,
activity books for kids 2-4,,10,,0.00,
activity books for kids pdf,,10,,0.00,
activity books for kids to learn about feelings,,10,,0.00,
activity box for 1 year old,,10,,0.00,
activity box for 10 year olds,,10,,0.00,
activity box for 2 year old,,10,,0.00,
activity box for 4 year old,,10,,0.00,
activity box for 5 year old,,10,,0.00,
activity box subscription for kids,,10,,0.00,
activity calendar for kids,,10,,0.00,
activity cards for kids,,10,,0.00,
activity center for 1 year old,,10,,0.00,
activity center for 2 year old,,10,,0.00,
activity center for kids near 32835,,10,,0.00,
activity centers for 4 month old,,10,,0.43,
activity centre for 3 month old,,10,,0.00,
activity centre for 4 month old,,10,,0.00,
activity centre for 5 month old,,10,,0.00,
activity centres for kids,,10,,0.00,
activity classes for 7 year olds,,10,,0.00,
activity classes for 7 year olds near me,,10,,0.00,
activity classes for kids,,10,,0.00,
activity clubs for 13 year olds near me,,10,,0.00,
activity clubs for 3 year olds,,10,,0.00,
activity clubs for 4 year olds,,10,,0.00,
activity coupons for kids,,10,,0.00,
activity cubes for 6 month old,,10,,0.48,
activity for 1 year old,,10,,0.00,
activity for 11 year olds,,10,,0.88,
activity for 13 month old,,10,,0.32,
activity for 16 month old,,10,,0.40,
activity for 16 year olds,,10,,1.02,
activity for 19 month old,,10,,0.33,
activity for 2 month old,,10,,0.50,
activity for 24 month old,,10,,0.32,
activity for 3 month old,,10,,0.50,
activity for 5 years old,,10,,0.00,
activity for 8 year olds,,10,,0.53,
activity for adhd kids,,10,,0.00,
activity for kids at home,,10,,0.00,
activity for kids nyc,,10,,0.00,
activity for kids with autism,,10,,0.00,
activity for kids worksheet,,10,,0.00,
activity for old age,,10,,0.00,
activity for old people,,10,,1.18,
activity game for 3 year olds,,10,,0.60,
activity games for 8 year olds,,10,,0.00,
activity gift cards for kids,,10,,0.00,
activity gift ideas for kids,,10,,0.00,
activity gifts for 7 year olds,,10,,0.29,
activity gym for kids,,10,,0.00,
activity gyms for 6 month old,,10,,0.00,
activity holidays for kids,,10,,0.00,
activity ideas for 1-2 year olds,,10,,0.00,
activity ideas for 2-3 year olds,,10,,0.00,
activity ideas for kids birthday party,,10,,0.00,
activity jumper for 3 month old,,10,,0.00,
activity kit for 3 year old,,10,,0.00,
activity kit for 4 year old,,10,,0.00,
activity kits for 5 year olds boy,,10,,0.00,
activity magazine for kids,,10,,0.00,
activity magnets for kids,,10,,0.00,
activity near me for kids,,10,,0.00,
activity or fruit for kids,,10,,0.00,
activity packs for 11 year olds,,10,,0.00,
activity packs for 6 year olds,,10,,0.00,
activity packs for 7 year olds,,10,,0.00,
activity packs for kids printable,,10,,0.00,
activity pads for kids,,10,,0.00,
activity paper for kids,,10,,0.00,
activity parks for kids,,10,,0.00,
activity place for kids,,10,,0.00,
activity placemats for kids,,10,,0.00,
activity places for kids near me,,10,,0.00,
activity plan for 4 year olds,,10,,0.00,
activity plans for 2-3 year olds,,10,,0.00,
activity plans for 4-5 year olds,,10,,0.00,
activity printable for kids,,10,,0.00,
activity printables for 8 year olds,,10,,0.00,
activity rug for kids,,10,,0.00,
activity rugs for kids,,10,,0.00,
activity scale for kids,,10,,0.00,
activity sets for 8 year olds,,10,,0.00,
activity sheet for 10 year olds,,10,,0.00,
activity sheet for 4 year old,,10,,0.00,
activity sheets for 2-3 year olds,,10,,1.15,
activity sheets for 3-4 year olds,,10,,0.00,
activity sheets for 4 year olds printable,,10,,0.00,
activity sheets for 4-5 year olds,,10,,0.96,
activity sheets for 5-6 year olds,,10,,0.00,
activity sheets for autistic kids,,10,,0.00,
activity sheets for kids free,,10,,0.00,
activity sheets for kids pdf,,10,,0.00,
activity spinner for kids,,10,,0.00,
activity stations for kids,,10,,0.00,
activity table for 10 year old,,10,,0.00,
activity table for 4 year old,,10,,0.00,
activity table for 6 year old,,10,,0.00,
activity table for kids with storage,,10,,0.00,
activity table for older kids,,10,,0.00,
activity table for one year old,,10,,0.00,
activity tables for 1 year old,,10,,0.00,
activity toy for 1 year old,,10,,0.00,
activity toys for 1-2 year olds,,10,,0.00,
activity toys for 10 year olds,,10,,0.26,
activity toys for 2-3 year olds,,10,,0.00,
activity toys for 4 month old,,10,,0.72,
activity toys for 8 year olds,,10,,0.44,
activity toys for 9 year olds,,10,,0.35,
activity toys for kids,,10,,0.00,
activity tracker for old people,,10,,0.00,
activity tracker watch for kids,,10,,0.00,
activity trays for kids,,10,,0.00,
activity wall for kids,,10,,0.00,
activity wall panel for kids,,10,,0.00,
activity watch for kids,,10,,0.00,
activity worksheet for kids,,10,,0.00,
adaptation activities for kids,,10,,0.00,
adhd activities for kids in therapy,,10,,0.00,
adhd activities for kids lubbock,,10,,0.00,
adhd activities for kids pdf,,10,,0.00,
advent activity for kids,,10,,0.00,
advent activity ideas for kids,,10,,0.00,
advent calendar activity ideas for kids,,10,,0.00,
aeroplane activities for 4 year olds,,10,,0.00,
affirmation activities for kids,,10,,0.00,
affordable activities for kids,,10,,0.00,
affordable activities for kids near ashburn,,10,,0.00,
affordable activities for kids near me,,10,,0.00,
after school activities for 10 year olds,,10,,0.00,
after school activities for 12 year olds,,10,,0.00,
after school activities for 13 year olds near me,,10,,0.00,
after school activities for 3 year olds,,10,,0.00,
after school activities for 4 year olds,,10,,0.00,
after school activities for 5 year olds near me,,10,,0.00,
after school activities for kids lubbock,,10,,0.00,
after school activities for kids with autism,,10,,0.00,
afternoon activities for kids,,10,,0.00,
age appropriate activities for 2-3 year olds,,10,,0.00,
age appropriate activities for 3-5 year olds,,10,,0.00,
age appropriate learning activities for 2 year olds,,10,,0.00,
agriculture activities for kids,,10,,0.00,
air pollution activity for kids,,10,,0.00,
air pressure activity for kids,,10,,0.00,
air transport activity for kids,,10,,0.00,
air-conditioned activities for kids,,10,,0.00,
airplane activities for 1 year old,,10,,0.00,
airplane activities for 10 year old,,10,,0.00,
airplane activities for 5 year old,,10,,0.00,
airport activities for kids,,10,,0.00,
albuquerque activities for kids,,10,,0.00,
alebrijes activity for kids,,10,,0.00,
all about me activities for 1 2 year olds printable,,10,,0.00,
all about me activities for 1-2 year olds,,10,,0.00,
all about me activities for three year olds,,10,,0.00,
all saints day activity for kids,,10,,0.00,
all souls day activities for kids,,10,,0.00,
alphabet activities for 2 3 year olds,,10,,0.00,
alphabet activities for 3 4 year olds,,10,,1.56,
alphabet activities for 3-4 year olds,,10,,0.00,
amazon rainforest activities for kids,,10,,0.00,
american flag activity for kids,,10,,0.00,
american revolution activities for kids,,10,,0.00,
american summer vacation typical activities for kids,,10,,0.00,
amsterdam activities for kids,,10,,0.00,
anatomy activities for kids,,10,,0.00,
anchorage activities for kids,,10,,0.00,
ancient china activities for kids,,10,,0.00,
anger activities for kids in therapy,,10,,0.00,
anger activity for kids,,10,,0.00,
anger iceberg activity for kids,,10,,0.00,
anger management activity for kids,,10,,0.00,
animal activity for kids,,10,,0.00,
animal adaptations activities for kids,,10,,0.00,
animal education activities for kids,,10,,0.00,
animal walk activity for kids,,10,,0.00,
animation activities for kids,,10,,0.00,
annapolis activities for kids,,10,,0.00,
anti bias activities for 2 3 year olds,,10,,0.00,
anxiety activities for kids pdf,,10,,0.00,
anxiety activity for kids,,10,,0.00,
apple activity for kids,,10,,0.00,
apple stem activities for kids,,10,,0.00,
april fools activity for kids,,10,,0.00,
april fools day activities for kids at school,,10,,0.00,
arab american heritage month activities for kids,,10,,0.00,
archery activities for kids,,10,,0.00,
architect activities for kids,,10,,0.00,
are gogo squeez active for kids,,10,,0.00,
arlington activities for kids,,10,,0.00,
art activities for 1 year old,,10,,0.00,
art activities for 1-2 year olds,,10,,0.00,
art activities for 2-4 year olds,,10,,0.00,
art activities for 5-6 year olds,,10,,0.22,
art activities for 5-7 year olds,,10,,0.00,
art activities for 6-8 year olds,,10,,0.18,
art activities for 7-8 year olds,,10,,0.00,
art activities for 9 year olds,,10,,0.25,
art activities for autistic kids,,10,,0.00,
art activities for kids printable,,10,,0.00,
art activities for kids with autism,,10,,0.00,
art activity for 5 year olds,,10,,0.19,
art activity table for kids,,10,,0.00,
art and craft activities for 10 year olds,,10,,0.53,
art and craft activities for 3-4 year olds,,10,,0.00,
art therapy activities for kids with anxiety,,10,,0.00,
art therapy activities pdf for kids,,10,,0.00,
artemis ii activity for kids,,10,,0.00,
articulation therapy activities for 3 year olds,,10,,0.00,
aruba activities for kids,,10,,0.00,
ascension activities for kids,,10,,0.00,
ash wednesday activity for kids,,10,,0.00,
ash wednesday for kids activities,,10,,0.00,
asheville nc activities for kids,,10,,0.00,
assertiveness activities for kids,,10,,0.00,
astronaut activities for kids,,10,,0.00,
at home activities for 1 2 year olds,,10,,0.00,
at home activities for 1 year olds,,10,,0.21,
at home activities for 3 4 year olds,,10,,0.00,
at home activities for 3 year olds,,10,,0.13,
at home activities for 6 year olds,,10,,0.17,
at home fun activities for kids,,10,,0.00,
at home halloween activities for kids,,10,,0.00,
at home learning activities for 2 year olds,,10,,0.99,
at home water activities for kids,,10,,0.00,
atlantic city activities for kids,,10,,0.00,
atlantic city for kids activities,,10,,0.00,
atlantis activities for kids,,10,,0.00,
atlantis bahamas activities for kids,,10,,0.00,
atnr activities for kids,,10,,0.00,
attention activities for kids,,10,,0.00,
auditory activities for kids,,10,,0.00,
august activities for kids,,10,,0.00,
australia activities for kids,,10,,0.00,
australian activities for kids,,10,,0.00,
autism acceptance activities for kids,,10,,0.00,
autism activities for kids near me,,10,,0.00,
autism activity book for kids,,10,,0.00,
autism awareness day activities for kids,,10,,0.00,
autism awareness month activities for kids,,10,,0.00,
autism friendly activities for kids,,10,,0.00,
autumn activities for 1 2 year olds,,10,,0.00,
autumn activities for kids,,10,,0.00,
autumn activities for two year olds,,10,,0.00,
autumn equinox activities for kids,,10,,0.00,
average active heart rate for 15 year old male,,10,,0.00,
average active heart rate for a 15 year old girl,,10,,0.00,
aviation activities for kids,,10,,0.00,
awake time activities for 5 week old,,10,,0.00,
backyard activities for 6 year olds,,10,,0.00,
backyard activities for 7 year-olds,,10,,0.00,
backyard activities for older kids,,10,,0.00,
backyard activity for kids,,10,,0.00,
backyard water activities for kids,,10,,0.00,
bahamas activities for kids,,10,,0.00,
balance activity for kids,,10,,0.00,
balance board activities for kids,,10,,0.00,
balancing activities for kids,,10,,0.00,
balancing activity for kids,,10,,0.00,
balloon activity for kids,,10,,0.00,
balloons activity for kids,,10,,0.00,
baptism of the lord activities for kids,,10,,0.00,
barnes and noble activities for kids,,10,,0.00,
basement activities for kids,,10,,0.00,
basket weaving activity for kids,,10,,0.00,
basketball activity for kids,,10,,0.00,
bat activity for kids,,10,,0.00,
bay area discovery museum activities for kids,,10,,0.00,
bay area indoor activities for kids,,10,,0.00,
bay area summer activities for kids,,10,,0.00,
bbq activities for kids,,10,,0.00,
beach activities for kids 4 hours,,10,,0.00,
beach activities for kids family 4 hours,,10,,0.00,
beach activities for kids with family 4 hours,,10,,0.00,
beach activities for kids with parents 4 hours,,10,,0.00,
beach science activities for kids,,10,,0.00,
beach themed activities for kids,,10,,0.00,
bead activities for kids,,10,,0.00,
bear activities for kids,,10,,0.00,
beatitudes activities for kids,,10,,0.00,
beaver activities for kids,,10,,0.00,
bedtime activities for 4 year olds,,10,,0.00,
bedtime activities for kids,,10,,0.00,
behavior activities for kids,,10,,0.00,
behavior regulation activities for kids,,10,,0.00,
being a good friend activity for kids,,10,,0.00,
bellevue activities for kids,,10,,0.00,
bellingham activities for kids,,10,,0.00,
bend activities for kids,,10,,0.00,
bend oregon activities for kids,,10,,0.00,
beneficial play activities for kids,,10,,0.00,
benefits of active play toys for kids,,10,,0.00,
benefits of active toys for kids,,10,,0.00,
benefits of extracurricular activities for kids,,10,,0.00,
benefits of hands-on learning activities for kids,,10,,0.00,
benjamin franklin activities for kids,,10,,0.00,
best active toys for 1 year old,,10,,0.00,
best active toys for kids,,10,,0.00,
best activities for 1 year old,,10,,0.00,
best activities for 2 year old,,10,,0.00,
best activities for 2-3 year olds,,10,,0.00,
best activities for 3 year olds at home,,10,,0.00,
best activities for 3-4 year olds,,10,,0.00,
best activities for adhd kids,,10,,0.00,
best activities for kids,,10,,0.00,
best activities for kids in austin,,10,,0.00,
best activities for kids in boston,,10,,0.00,
best activities for kids in las vegas,,10,,0.00,
best activities for kids in phoenix,,10,,0.00,
best activities for kids in punta cana,,10,,0.00,
best activities for kids in seattle,,10,,0.00,
best activities for kids los angeles,,10,,0.00,
best activities for kids near me,,10,,0.00,
best activities for kids nyc,,10,,0.00,
best activities for kids with adhd and autism,,10,,0.00,
best activity books for kids,,10,,0.00,
best activity center for 1 year old,,10,,0.00,
best activity cube for 9 month-old,,10,,0.00,
best activity for 18 month old,,10,,0.24,
best activity for 6 month old,,10,,0.27,
best activity gifts for kids,,10,,0.00,
best activity gym for 6 month old,,10,,0.00,
best activity kits for 10 year olds,,10,,0.00,
best activity kits for kids,,10,,0.00,
best activity mat for 3 month old,,10,,0.00,
best activity table for 12 month-old,,10,,0.00,
best activity table for 2 year old,,10,,0.00,
best activity table for kids,,10,,0.00,
best activity table for one year old,,10,,0.00,
best activity toys for 4 year olds,,10,,0.44,
best after school activities for kids,,10,,0.00,
best airplane activities for 2 year old,,10,,0.00,
best airplane activities for 3 year old,,10,,0.00,
best airplane activities for kids,,10,,0.00,
best apps for indoor activities for kids 2026,,10,,0.00,
best areas in washington for families kid-friendly accommodations activities,,10,,0.00,
best backyard activities for kids,,10,,0.00,
best backyard toys for physically active kids 2025 2026,,10,,0.00,
best balanced nutrition bars for active kids,,10,,0.00,
best birthday activities for kids,,10,,0.00,
best boys' trousers with elastic waistbands for active kids,,10,,0.00,
best camera for both kids' sports and pet activities,,10,,0.00,
best christmas activities for kids,,10,,0.00,
best craft activities for 7 year olds,,10,,0.00,
best durable activity monitoring wearables for kids,,10,,0.00,
best energy bars for active kids children athletes,,10,,0.00,
best extra curricular activities for 3 year olds,,10,,2.34,
best extra curricular activities for 4 year olds,,10,,1.46,
best extra curricular activities for 5 year olds,,10,,0.00,
best extracurricular activities for 9-year olds,,10,,0.00,
best fall activities for kids,,10,,0.00,
best family activities st simons island for 12 year old,,10,,0.00,
best family activities st. simons island for 12 year old,,10,,0.00,
best family organizer for coordinating multiple kids' activities,,10,,0.00,
best family resorts in san antonio with activities for kids,,10,,0.00,
best family-friendly beach resorts with activities for kids,,10,,0.00,
best family-friendly hotels for holiday stays and kids' festive activities,,10,,0.00,
best family-friendly hotels for holiday stays with kids festive activities,,10,,0.00,
best gift for active 3 year old,,10,,0.00,
best gift for active 4 year old boy,,10,,0.00,
best gift for active 5 year old boy,,10,,0.00,
best gift for active 6 year old boy,,10,,0.00,
best gifts for active 10 year old boy,,10,,0.00,
best gifts for active 2 year old boy,,10,,0.00,
best gifts for active 3 year old,,10,,0.00,
best gifts for active 5 year old,,10,,0.00,
best gifts for active 7 year old boy,,10,,0.00,
best gifts for active 8 year old boy,,10,,0.00,
best glasses for active kids,,10,,0.00,
best high protein bars for active kids,,10,,0.00,
best high protein bars for kids active children,,10,,0.00,
best home activities for 3 year olds,,10,,0.00,
best hotels with activities for kids,,10,,0.00,
best indoor activities for kids in atlanta,,10,,0.00,
best kids accessories for summer activity camps,,10,,0.00,
best kids jumpsuits overalls for active play 2025 2026,,10,,0.00,
best kids shoes for school and active play 2026,,10,,0.00,
best kids sock styles for active outdoor wear durability,,10,,0.00,
best kids socks for school and active wear 2025 2026,,10,,0.00,
best kids sunscreen for sweaty sports activities,,10,,0.00,
best learning activities for 1 year olds,,10,,0.00,
best learning activities for one year olds,,10,,0.00,
best maui activities for kids,,10,,0.00,
best nail art party activities for kids,,10,,0.00,
best non-slip school shoes for active kids 2025 2026,,10,,0.00,
best outdoor activities for kids in park city utah,,10,,0.00,
best outdoor activities gippsland victoria for families with kids,,10,,0.00,
best outdoor activities in gippsland victoria for families with kids,,10,,0.00,
best outdoor games activities for adults kids,,10,,0.00,
best outdoor toys for active kids boys girls 2025 2026,,10,,0.00,
best outdoor toys for kids that encourage active play,,10,,0.00,
best outdoor toys for kids to stay active,,10,,0.00,
best plane activities for 2 year old,,10,,0.00,
best plane activities for kids,,10,,0.00,
best platforms for kids activities and clubs uk 2026,,10,,0.00,
best potty training pants for active kids 2026,,10,,0.00,
best rainy day activities for kids,,10,,0.00,
best school shoes for active kids uk 2024,,10,,0.00,
best screen-free activities for kids to order online,,10,,0.00,
best sensory friendly activities for kids in new york city,,10,,0.00,
best shoes for active kids,,10,,0.00,
best shows in pigeon forge for loud active kids,,10,,0.00,
best site for booking kid-friendly travel activities,,10,,0.00,
best sites for booking kid-friendly travel activities,,10,,0.00,
best spring break activities for kids ages 5 to 14,,10,,0.00,
best stem activities for kids,,10,,0.00,
best summer activities for kids near me,,10,,0.00,
best toddler clothes for active kids 2025 2026,,10,,0.00,
best toddler clothes for active kids 2026,,10,,0.00,
best toddler outfits for active kids,,10,,0.00,
best toys for active 10 year old,,10,,0.00,
best toys for active 2 year old boy,,10,,0.00,
best toys for active 3 year old boy,,10,,0.00,
best toys for active 4 year old boy,,10,,0.00,
best type of glasses for active kids,,10,,0.00,
best vegas activities for active kids,,10,,0.00,
best winter activities for kids,,10,,0.00,
bhm activities for kids,,10,,0.00,
bible activities for 10-12 year olds,,10,,0.00,
bible activities for kids free printable,,10,,0.00,
bible class activities for kids,,10,,0.00,
bible printable activities for kids,,10,,0.00,
bible school activities for kids,,10,,0.00,
biblical activities for kids,,10,,0.00,
big bear summer activities for kids,,10,,0.00,
big feelings activities for kids,,10,,0.00,
big movement activities for kids,,10,,0.00,
bike activities for kids,,10,,0.00,
bilateral activities for 5 year olds,,10,,0.00,
bilateral activities for kids,,10,,0.00,
bilateral hand activities for kids,,10,,0.00,
biloxi activities for kids,,10,,0.00,
bimanual activities for kids,,10,,0.00,
binary code activity for kids,,10,,0.00,
biodiversity activities for kids,,10,,0.00,
bird activity for kids,,10,,0.00,
bird beak activity for kids,,10,,0.00,
bird feeder activities for kids,,10,,0.00,
bird feeder activity for kids,,10,,0.00,
bird watching activities for kids,,10,,0.00,
birmingham activities for kids,,10,,0.00,
birthday activities for 10 year old boy,,10,,0.00,
birthday activities for 10 year old girl,,10,,0.00,
birthday activities for 12 year old girls,,10,,0.00,
birthday activities for 7 year old girl,,10,,0.00,
birthday activities for kids near me,,10,,0.00,
birthday party activities for 1 year old,,10,,0.00,
birthday party activities for 10 year old girls,,10,,0.00,
birthday party activities for 3 year olds,,10,,0.29,
birthday party activities for kids at home,,10,,0.00,
birthday party trampoline activities dubai for kids,,10,,0.00,
black friday activities for kids,,10,,0.00,
black history activity for kids,,10,,0.00,
black history for kids activities,,10,,0.00,
black history month activities for 1 year olds,,10,,0.00,
black history month activity sheets for kids,,10,,0.00,
black history month art activities for kids,,10,,0.00,
blubber activity for kids,,10,,0.00,
bluey activities for kids,,10,,0.00,
boca raton activities for kids,,10,,0.00,
bodhi day activities for kids,,10,,0.00,
body boundaries activities for kids,,10,,0.00,
body language activities for kids,,10,,0.00,
body safety activities for kids,,10,,0.00,
body safety activities for kids pdf,,10,,0.00,
boeing future of flight learning activities for kids,,10,,0.00,
boeing future of flight stem activities for kids,,10,,0.00,
bone activities for kids,,10,,0.00,
bones activity for kids,,10,,0.00,
book activities for kids pdf,,10,,0.00,
books of the bible activities for kids,,10,,0.00,
books of the bible activity sheets for kids,,10,,0.00,
boracay activities for kids,,10,,0.00,
boston indoor activities for kids,,10,,0.00,
boston tea party activities for kids,,10,,0.00,
botany activities for kids,,10,,0.00,
boulder activities for kids,,10,,0.00,
bowling activities for kids,,10,,0.00,
box activity for kids,,10,,0.00,
boxing activities for kids,,10,,0.00,
braille activities for kids,,10,,0.00,
brain activation excercises for kids,,10,,0.00,
brain activation exercise for kids,,10,,0.00,
brain activation exercises for 10 year olds,,10,,0.74,
brain activation exercises for 3 year old,,10,,0.00,
brain activation exercises for 5 year old,,10,,0.00,
brain activation exercises for 6 year olds,,10,,1.05,
brain activation exercises for 7 year olds,,10,,0.77,
brain activation exercises for kids pdf free download,,10,,0.00,
brain activities for kids printable,,10,,0.00,
brain activity for kids printable,,10,,0.00,
brain activity games for 2 year olds,,10,,0.00,
brain activity games for 3 year olds,,10,,0.00,
brain activity games for kids,,10,,0.00,
brain boosting activities for 7 year olds,,10,,0.00,
brain boosting activities for kids,,10,,0.00,
brain development activities for 1 year old,,10,,0.00,
brain development activities for 6 month old,,10,,0.00,
brain development activities for 7 month old,,10,,0.00,
brain gym activities for kids,,10,,0.00,
branches of government activity for kids,,10,,0.00,
branson indoor activities for kids,,10,,0.00,
branson missouri activities for kids,,10,,0.00,
brazil activities for kids,,10,,0.00,
breast cancer activities for kids,,10,,0.00,
breast cancer awareness activities for kids,,10,,0.00,
breathing activity for kids,,10,,0.00,
breckenridge summer activities for kids,,10,,0.00,
bridge building activity for kids,,10,,0.00,
budget activities for kids,,10,,0.00,
budget activity for kids,,10,,0.00,
budgeting activity for kids,,10,,0.00,
buffalo activities for kids,,10,,0.00,
bug activities for one year olds,,10,,0.00,
build a city activity for kids,,10,,0.00,
builder brio activity set for kids,,10,,0.00,
building activity for kids,,10,,0.00,
bulk activity books for kids,,10,,0.00,
burlington activities for kids,,10,,0.00,
busy toddler activities for 1 year olds,,10,,0.00,
butterfly life cycle activity for kids,,10,,0.00,
cabin activities for kids,,10,,0.00,
cabo san lucas activities for kids,,10,,0.00,
calendar activity for kids,,10,,0.00,
california activities for kids,,10,,0.00,
calming activities before bed for kids,,10,,0.00,
calming activities for kids before bed,,10,,0.00,
calming activities for kids in the classroom,,10,,0.00,
calming activities for kids with adhd,,10,,0.00,
calming activities for kids with autism,,10,,0.00,
camouflage activity for kids,,10,,0.00,
camp activities for 4 6 year olds,,10,,0.00,
camp activities for kids indoors,,10,,0.00,
camp activities for young kids,,10,,0.00,
campground activities for kids,,10,,0.00,
campgrounds with activities for kids nj,,10,,0.00,
camping activities for kids preschool,,10,,0.00,
camping activities for kids printable,,10,,0.00,
camping activity for kids,,10,,0.00,
camping for kids activities,,10,,0.00,
camping stem activities for kids,,10,,0.00,
camping themed activities for kids,,10,,0.00,
can kids take activated charcoal for stomach bug,,10,,0.00,
candlemas activities for kids,,10,,0.00,
candy cane activities for kids,,10,,0.00,
cape coral activities for kids,,10,,0.00,
capybara activities for kids,,10,,0.00,
car activities for 6 year old,,10,,0.00,
car activities for 8 year-olds,,10,,0.00,
car activities for kids under 5,,10,,0.00,
car activities for kids who get car sick,,10,,0.00,
car travel activities for kids,,10,,0.00,
car wash activity for kids,,10,,0.00,
carbon footprint activity for kids,,10,,0.00,
cardboard activity for kids,,10,,0.00,
cardboard box activities for kids,,10,,0.00,
career exploration activities for kids,,10,,0.00,
career readiness activities for kids,,10,,0.00,
career week activities for kids,,10,,0.00,
carnival themed activities for kids,,10,,0.00,
carryover activities for cochlear implant kids,,10,,0.00,
castle activities for kids,,10,,0.00,
cat activities for kids,,10,,0.00,
catalina activities for kids,,10,,0.00,
catapult activity for kids,,10,,0.00,
catapult stem activity for kids,,10,,0.00,
catholic baptism activities for kids,,10,,0.00,
catholic christmas activities for kids,,10,,0.00,
catholic easter activities for kids,,10,,0.00,
catholic halloween activities for kids,,10,,0.00,
catholic holy week activities for kids,,10,,0.00,
catholic lent activities for kids free pdf,,10,,0.00,
catholic mass activities for kids,,10,,0.00,
cause and effect activity for kids,,10,,0.00,
challenging activities for kids,,10,,0.00,
charleston activities for kids,,10,,0.00,
charleston sc activities for kids,,10,,0.00,
charlie and the chocolate factory activities for kids,,10,,0.00,
charlottesville activities for kids,,10,,0.00,
cheap birthday activities for kids,,10,,0.00,
cheap fun activities for kids,,10,,0.00,
cheap indoor activities for kids near me,,10,,0.00,
cherry blossom activity for kids,,10,,0.00,
chicago christmas activities for kids,,10,,0.00,
chicago indoor activities for kids,,10,,0.00,
chicago winter activities for kids,,10,,0.00,
chick fil a activities for kids,,10,,0.00,
chicken activities for kids,,10,,0.00,
childcare activities for 1-2 year olds,,10,,0.00,
childcare activities for 2-3 year olds,,10,,0.00,
childcare activities for 3 year olds,,10,,0.00,
china activities for kids,,10,,0.00,
chinese new year activities for kids free,,10,,0.00,
chinese new year activities for kids year of the horse,,10,,0.00,
chocolate activities for kids,,10,,0.00,
christ centered easter activities for kids,,10,,0.00,
christ centered kids activities for church,,10,,0.00,
christian activities for kids on halloween,,10,,0.00,
christian activity sheets for kids,,10,,0.00,
christian christmas activities for kids printable,,10,,0.00,
christian halloween activities for kids,,10,,0.00,
christian new year activities for kids,,10,,0.00,
christian new years activities for kids,,10,,0.00,
christian printable activities for kids,,10,,0.00,
christian thanksgiving activities for kids,,10,,0.00,
christmas activities for 1 year olds near me,,10,,0.00,
christmas activities for 10 month old,,10,,0.00,
christmas activities for 11 year olds,,10,,0.00,
christmas activities for 12 month old,,10,,0.00,
christmas activities for 13 year olds,,10,,0.00,
christmas activities for 15 month old,,10,,0.00,
christmas activities for 16 month old,,10,,0.00,
christmas activities for 2 3 year olds,,10,,0.00,
christmas activities for 2 4 year olds,,10,,0.00,
christmas activities for 2 year old,,10,,0.00,
christmas activities for 2-3 year olds,,10,,0.00,
christmas activities for 3 5 year olds,,10,,0.00,
christmas activities for 3 year olds near me,,10,,0.00,
christmas activities for 4 5 year olds,,10,,0.00,
christmas activities for 6 year olds,,10,,0.00,
christmas activities for 7 month old,,10,,0.00,
christmas activities for 7 year olds,,10,,0.00,
christmas activities for kids bay area,,10,,0.00,
christmas activities for kids cleveland,,10,,0.00,
christmas activities for kids dallas,,10,,0.00,
christmas activities for kids free,,10,,0.00,
christmas activities for kids free printable,,10,,0.00,
christmas activities for kids houston,,10,,0.00,
christmas activities for kids in chicago,,10,,0.00,
christmas activities for kids in ct,,10,,0.00,
christmas activities for kids in leduc ab december 2024,,10,,0.00,
christmas activities for kids indianapolis,,10,,0.00,
christmas activities for kids leduc ab december 2024,,10,,0.00,
christmas activities for kids long island,,10,,0.00,
christmas activities for kids los angeles,,10,,0.00,
christmas activities for kids miami,,10,,0.00,
christmas activities for kids near me 2025,,10,,0.00,
christmas activities for kids nj,,10,,0.00,
christmas activities for kids party,,10,,0.00,
christmas activities for kids pdf,,10,,0.00,
christmas activities for kids pittsburgh,,10,,0.00,
christmas activities for kids seattle,,10,,0.00,
christmas activities for kids today,,10,,0.00,
christmas activities for kids worksheets,,10,,0.00,
christmas activities for older kids,,10,,0.00,
christmas activities for sunday school kids,,10,,0.00,
christmas activities nyc for kids,,10,,0.00,
christmas activities sheets for kids,,10,,0.00,
christmas activity books for kids,,10,,0.00,
christmas activity for 2 year olds,,10,,0.00,
christmas activity kits for kids,,10,,0.00,
christmas activity page for kids,,10,,0.00,
christmas activity sheet for kids,,10,,0.00,
christmas activity sheets for kids printable,,10,,0.00,
christmas activity worksheets for kids,,10,,0.00,
christmas bible activities for kids,,10,,0.00,
christmas church activities for kids,,10,,0.00,
christmas classroom activities for kids,,10,,0.00,
christmas cooking activities for kids,,10,,0.00,
christmas counseling activities for kids,,10,,0.00,
christmas countdown activities for kids,,10,,0.00,
christmas craft activity for kids,,10,,0.00,
christmas events activities for kids leduc alberta december 2024,,10,,0.00,
christmas gift activities for kids,,10,,0.00,
christmas group activities for kids,,10,,0.00,
christmas in mexico activities for kids,,10,,0.00,
christmas indoor activities for kids,,10,,0.00,
christmas light activities for kids,,10,,0.00,
christmas lights activities for kids,,10,,0.00,
christmas movement activities for kids,,10,,0.00,
christmas online activities for kids,,10,,0.00,
christmas ornament activity for kids,,10,,0.00,
christmas paper activities for kids printable,,10,,0.00,
christmas science activities for kids,,10,,0.00,
christmas sensory activities for 2 year olds,,10,,0.00,
christmas team building activities for kids,,10,,0.00,
christmas writing activities for kids,,10,,0.00,
chromatography activity for kids,,10,,0.00,
church activity bags for kids,,10,,0.00,
church camp activities for kids,,10,,0.00,
cinco de mayo activities for kids printable,,10,,0.00,
circle of control activity for kids,,10,,0.00,
circle time activities for 3-5 year olds,,10,,0.00,
circle time activities for two year olds,,10,,0.70,
circle time activity for kids,,10,,0.00,
circuit activity for kids,,10,,0.00,
circulatory system activity for kids,,10,,0.00,
circus activities for kids,,10,,0.00,
circus circus activities for kids,,10,,0.00,
citizenship activities for kids,,10,,0.00,
civil engineering activities for kids,,10,,0.00,
civil war activities for kids,,10,,0.00,
class activities for kids,,10,,0.00,
classroom activity for kids,,10,,0.00,
classroom halloween activities for kids,,10,,0.00,
clay activities for 5 year-olds,,10,,0.00,
clay activity for kids,,10,,0.00,
cleaning activities for kids,,10,,0.00,
clearwater florida activities for kids,,10,,0.00,
climate change activities for kids,,10,,0.00,
climbing activities for kids in nj,,10,,0.00,
climbing activities for kids outside nyc,,10,,0.00,
climbing activity for kids,,10,,0.00,
clock activity for kids,,10,,0.00,
co-regulation activities for special kids evening,,10,,0.00,
coding activities for kids without computer,,10,,0.00,
coding activity for kids,,10,,0.00,
cognitive activities for 1-2 year olds,,10,,0.00,
cognitive activities for 10 year olds,,10,,0.00,
cognitive activities for 12 year olds,,10,,0.00,
cognitive activities for 2-3 year olds,,10,,0.00,
cognitive activities for 3-4 year olds,,10,,0.00,
cognitive activities for 3-5 year olds,,10,,0.00,
cognitive activities for 6 8 year olds,,10,,0.00,
cognitive development activities for 1 2 year-olds,,10,,2.49,
cognitive development activities for 3 to 5 year olds,,10,,1.22,
cognitive development activities for 4-5 year olds,,10,,0.00,
cognitive development activities for 6 8 year olds,,10,,0.00,
cognitive flexibility activities for kids,,10,,0.00,
cognitive learning activities for 3 year olds,,10,,0.00,
cognitive skills activities for 2-3 year olds,,10,,0.00,
cold day activities for kids,,10,,0.00,
collaboration activities for kids,,10,,0.00,
collaborative activities for kids,,10,,0.00,
colonial williamsburg activities for kids,,10,,0.00,
color activities for 3 year olds,,10,,0.38,
color matching activities for 2 year olds,,10,,0.00,
colorado winter activities for kids,,10,,0.00,
colored paper activities for kids to do at home,,10,,0.00,
colors activity for kids,,10,,0.00,
colour activities for 1 2 year olds,,10,,0.00,
colour activities for 1-2 year olds,,10,,0.00,
colour activity for kids,,10,,0.00,
colour monster activities for 2 year olds,,10,,0.00,
colour recognition activities for 2 year olds,,10,,0.00,
colour sorting activities for 3 year olds,,10,,0.00,
colouring activities for 4 year olds,,10,,0.00,
colours activity for kids,,10,,0.00,
communication activities for kids therapy,,10,,0.00,
communication activity for kids,,10,,0.00,
communication and language activities for 1 2 year olds,,10,,0.00,
communication and language activities for 2-3 year olds,,10,,0.00,
communication and language activities for 3 4 year olds,,10,,0.00,
communication and language activities for 3 5 year olds,,10,,0.00,
communication and language activities for 3-5 year olds,,10,,0.00,
communion activities for kids,,10,,0.00,
compass activities for kids,,10,,0.00,
compass activity for kids,,10,,0.00,
competitive activities for kids,,10,,0.00,
compliment activity for kids,,10,,0.00,
compliment circle activity for kids,,10,,0.00,
compost activities for kids,,10,,0.00,
compost activity for kids,,10,,0.00,
computer activities for kids,,10,,0.00,
concentration activities for 5 year olds,,10,,0.00,
concentration activities for 6 year olds,,10,,0.00,
concentration activities for 8 year olds,,10,,0.00,
concentration activities for kids,,10,,0.00,
concord activities for kids,,10,,0.00,
conference activities for kids,,10,,0.00,
confidence activity for kids,,10,,0.00,
constitution activities for kids,,10,,0.00,
constitution day for kids activities,,10,,0.00,
continent activities for kids,,10,,0.00,
continents activity for kids,,10,,0.00,
conversation activities for kids,,10,,0.00,
cooking activities for kids and parents,,10,,0.00,
cooking activities for kids at school,,10,,0.00,
cooking activity for kids,,10,,0.00,
cool science activities for kids,,10,,0.00,
cooperative activities for kids,,10,,0.00,
coping skill activities for kids,,10,,0.00,
coping skills activity for kids,,10,,0.00,
coral reef activities for kids,,10,,0.00,
core strength activities for kids,,10,,0.00,
core strengthening activities for kids,,10,,0.00,
corn activities for kids,,10,,0.00,
cornstarch activities for kids,,10,,0.00,
counseling termination activities for kids,,10,,0.00,
counting activities for 3 4 year olds pdf,,10,,0.00,
country activities for kids,,10,,0.00,
cozumel activities for kids,,10,,0.00,
craft activities for 1-2 year olds,,10,,0.00,
craft activities for 12 year olds,,10,,0.25,
craft activities for 4-5 year olds,,10,,0.22,
craft activities for 6 month old,,10,,0.00,
craft activities for 8 10 year olds,,10,,0.00,
craft activities for kids near me,,10,,0.00,
craft activities for three year olds,,10,,0.23,
craft activity kits for kids,,10,,0.00,
crafts activities for 3 year olds,,10,,0.00,
crafts activities for 5 year olds,,10,,0.19,
cranberry activities for kids,,10,,0.00,
crayon activities for kids,,10,,0.00,
creation activities for kids,,10,,0.00,
creation activity for kids,,10,,0.00,
creative activities for 1 2 year olds,,10,,0.00,
creative activities for 2-3 year olds,,10,,0.00,
creative activities for 3-5 year olds pdf,,10,,0.00,
creative activities for 4 5 year olds,,10,,0.00,
creative activities for 4-5 year olds,,10,,0.00,
creative activities for kids at home,,10,,0.00,
creative activities for kids kansas city,,10,,0.00,
creative activity for 3 year olds,,10,,0.64,
creative activity for 5 year olds,,10,,0.36,
creative art activities for 3 5 year olds,,10,,0.00,
creative art activities for 3-4 year olds,,10,,0.00,
creative art activities for 4-5 year olds,,10,,0.00,
creative art activities for kids at summer events,,10,,0.00,
creative arts activities for 3-5 year olds,,10,,0.00,
creative arts activities for 4 year olds,,10,,0.00,
creative development activities for 3 5 year olds,,10,,0.00,
creative development activities for 3 year olds,,10,,0.00,
creative development activities for 3-5 year olds,,10,,0.00,
creative indoor activities for kids,,10,,0.00,
creative indoor activities for kids winter,,10,,0.00,
creative prayer activities for kids,,10,,0.00,
creative thinking activities for kids,,10,,0.00,
creativity activities for kids,,10,,0.00,
cricut activities for kids,,10,,0.00,
critical thinking activities for kids pdf,,10,,0.00,
cross activity for kids,,10,,0.00,
cross midline activities for kids,,10,,0.00,
cross the midline activities for kids,,10,,0.00,
crown of thorns activity for kids,,10,,0.00,
csi activities for kids,,10,,0.00,
ct activities for kids,,10,,0.00,
culinary activities for kids,,10,,0.00,
cultural diversity activities for kids,,10,,0.00,
culture activity for kids,,10,,0.00,
cuneiform activity for kids,,10,,0.00,
cup stacking activity for kids,,10,,0.00,
cupcake activity for kids,,10,,0.00,
curl activator for kids,,10,,0.00,
curling activity for kids,,10,,0.00,
cut and glue activities for kids,,10,,0.00,
cut and paste activity for kids,,10,,0.00,
cute christmas activities for kids,,10,,0.00,
cute halloween activities for kids,,10,,0.00,
cute valentines activities for kids,,10,,0.00,
cutting activity for 4 year olds,,10,,0.00,
cutting activity for kids,,10,,0.00,
cutting and sticking activities for 3 year olds,,10,,0.00,
cutting and sticking activities for 5 year olds,,10,,0.00,
cybersecurity activities for kids,,10,,0.00,
daily activities for 2-3 year olds,,10,,0.00,
daily activities for a 5-month old,,10,,0.00,
daily gross motor skills activities for 7-year-old with developmental delays,,10,,0.00,
daily summer activities for kids,,10,,0.00,
dairy activities for kids,,10,,0.00,
dallas christmas activities for kids,,10,,0.00,
dallas indoor activities for kids,,10,,0.00,
dallas summer activities for kids,,10,,0.00,
dallas texas activities for kids,,10,,0.00,
dallas tx activities for kids,,10,,0.00,
dance activity for kids,,10,,0.00,
dancing activities for kids,,10,,0.00,
dandelion activities for kids,,10,,0.00,
dap activities for 3-5 year olds,,10,,0.00,
david and goliath activity for kids,,10,,0.00,
day activities for kids,,10,,0.00,
daycare activities for 1-2 year olds,,10,,0.32,
daycare activities for 2-3 year olds,,10,,0.00,
daycare activities for 3-4 year olds,,10,,0.00,
daycare activities for 3-5 year olds,,10,,0.28,
daycare activities for 4 year olds,,10,,0.00,
daycare activity for kids,,10,,0.00,
daytona activities for kids,,10,,0.00,
december holiday activities for kids,,10,,0.00,
decision making activities for kids,,10,,0.00,
declaration of independence activities for kids,,10,,0.00,
decoding activities for kids,,10,,0.00,
decoding activity for kids,,10,,0.00,
deep breathing activities for kids,,10,,0.00,
deep creek activities for kids,,10,,0.00,
deep creek lake activities for kids,,10,,0.00,
define activism for kids,,10,,0.00,
dells activities for kids,,10,,0.00,
dental activity for kids,,10,,0.00,
dental health month activities for kids,,10,,0.00,
dental hygiene activities for kids,,10,,0.00,
dental hygiene for kids activities,,10,,0.00,
denver christmas activities for kids,,10,,0.00,
derby activities for kids,,10,,0.00,
des moines activities for kids,,10,,0.00,
desert activities for kids,,10,,0.00,
development activities for 12 month old,,10,,0.52,
development activities for 2 month old,,10,,0.52,
development activities for 3 month old,,10,,0.65,
development activities for 4 month old,,10,,0.50,
development activities for 6 month old,,10,,0.53,
developmental activities for 1 year old,,10,,0.00,
developmental activities for 1-2 year olds,,10,,0.00,
developmental activities for 16 month old,,10,,0.54,
developmental activities for 2 year old,,10,,0.00,
developmental activities for 2 year olds,,10,,0.50,
developmental activities for 2-3 year olds,,10,,0.00,
developmental activities for 5 week old,,10,,0.00,
developmentally appropriate activities for 3-5 year olds,,10,,0.00,
developmentally appropriate activities for one year olds,,10,,0.00,
dia del nino activities for kids,,10,,0.00,
digestive system activities for kids,,10,,0.00,
digestive system activity for kids,,10,,0.00,
digital pie activity for kids,,10,,0.00,
dimensions of wellness activities for elementary kids,,10,,0.00,
dimensions of wellness activities for kids,,10,,0.00,
dinner activities for kids,,10,,0.00,
dino activities for kids,,10,,0.00,
dinosaur activities for 4-year olds,,10,,0.00,
dinosaur activities for older kids,,10,,0.00,
dinosaur activity for kids,,10,,0.00,
dinosaur dig activity for kids,,10,,0.00,
dinosaur themed activities for kids,,10,,0.00,
dinosaurs activities for 3 year olds,,10,,0.00,
disability awareness activities for kids,,10,,0.00,
discount activities for kids,,10,,0.00,
discover los angeles budget-friendly activities for kids,,10,,0.00,
disney cruise activities for kids,,10,,0.00,
disneyland princess themed activities for young kids 2026,,10,,0.00,
diversity activity for kids,,10,,0.00,
divine mercy activities for kids,,10,,0.00,
divine mercy activity for kids,,10,,0.00,
divorce activities for kids,,10,,0.00,
diwali activities for 1 year olds,,10,,0.00,
diy activities for 2 3 year olds,,10,,0.00,
diy activities for 9 year olds,,10,,0.00,
diy activities for kids birthday party,,10,,0.00,
diy activity kits for 5 year olds,,10,,0.00,
diy halloween activities for kids,,10,,0.00,
diy montessori activities for 4 month old,,10,,0.00,
diy neon sign activity for kids,,10,,0.00,
diy stem activities for kids,,10,,0.00,
diy summer activities for kids,,10,,0.00,
diy water activities for kids,,10,,0.00,
dna activity for kids,,10,,0.00,
dollar store activities for kids,,10,,0.00,
dolphin activities for kids,,10,,0.00,
donut activity for kids,,10,,0.00,
doubting thomas activities for kids,,10,,0.00,
down regulating activities for kids,,10,,0.00,
downtown activities for kids,,10,,0.00,
downtown disney activities for kids,,10,,0.00,
dr martin luther king activities for kids,,10,,0.00,
dr seuss activities for 1 year olds,,10,,0.00,
dragon activity for kids,,10,,0.00,
dragon themed activities for kids,,10,,0.00,
drama club activities for kids,,10,,0.00,
drawing activities for 3 5 year olds,,10,,0.00,
dry erase activities for kids,,10,,0.00,
dubai activities for kids,,10,,0.00,
dublin activities for kids,,10,,0.00,
durable outdoor activity sets for energetic kids.,,10,,0.00,
durango activities for kids,,10,,0.00,
durham activities for kids,,10,,0.00,
early learning activities for kids,,10,,0.00,
early years activities for 2 year olds,,10,,0.00,
early years activities for 3 year olds,,10,,0.00,
earth activity for kids,,10,,0.00,
earth day activities for 1 year olds,,10,,0.61,
earth day activities for 10 year olds,,10,,0.17,
earth day activities for 5 year olds,,10,,0.22,
earth day activities for kids 2026,,10,,0.00,
earth day activities for kids free,,10,,0.00,
earth day activities for kids in school,,10,,0.00,
earth day activities for kids tpt,,10,,0.00,
earth day activity for kindergarten kids,,10,,0.00,
earth day art activities for kids,,10,,0.00,
earth day for kids activities,,10,,0.00,
earth day fun activities for kids,,10,,0.00,
earth day outdoor activities for kids,,10,,0.00,
earth day school activities for kids,,10,,0.00,
earth day stem activities for kids,,10,,0.00,
earth layers activity for kids,,10,,0.00,
earth science activities for kids,,10,,0.00,
earth week activities for kids,,10,,0.00,
east bay activities for kids,,10,,0.00,
easter activities for 10 month old,,10,,0.00,
easter activities for 10 year olds,,10,,0.30,
easter activities for 11 year olds,,10,,0.00,
easter activities for 12 year olds,,10,,0.46,
easter activities for 3 4 year olds,,10,,0.07,
easter activities for 4 year olds,,10,,0.32,
easter activities for 5 year olds,,10,,0.15,
easter activities for 6 year olds,,10,,0.11,
easter activities for 8 month old,,10,,0.00,
easter activities for 8 year olds,,10,,0.22,
easter activities for adult kids,,10,,0.00,
easter activities for kids at church,,10,,0.00,
easter activities for kids at home,,10,,0.00,
easter activities for kids atlanta,,10,,0.00,
easter activities for kids charlotte nc,,10,,0.00,
easter activities for kids christian,,10,,0.00,
easter activities for kids church,,10,,0.00,
easter activities for kids free printable,,10,,0.00,
easter activities for kids long island,,10,,0.00,
easter activities for kids miami,,10,,0.00,
easter activities for kids nashville,,10,,0.00,
easter activities for kids printable free,,10,,0.00,
easter activities for kids religious,,10,,0.00,
easter activities for kids san diego,,10,,0.00,
easter activities for kids san francisco,,10,,0.00,
easter activities for kids saturday,,10,,0.00,
easter activities for kids this weekend,,10,,0.00,
easter activities for kids worksheets,,10,,0.00,
easter activities for two year olds,,10,,0.00,
easter activities near me for kids,,10,,0.00,
easter activities to do with kid each night for jesus,,10,,0.00,
easter activity pages for kids,,10,,0.00,
easter activity sheet for kids,,10,,0.00,
easter activity worksheets for kids,,10,,0.00,
easter bunny activity for kids,,10,,0.00,
easter christian activities for kids,,10,,0.00,
easter church activities for kids,,10,,0.00,
easter day activities for kids,,10,,0.00,
easter eggs activities for kids,,10,,0.00,
easter jesus activities for kids,,10,,0.00,
easter outdoor activities for kids,,10,,0.00,
easter party activities for kids,,10,,0.00,
easter printable activities for kids,,10,,0.00,
easter sunday activities for kids,,10,,0.00,
easter sunday activities for kids church,,10,,0.00,
easter week activities for kids,,10,,0.00,
easter writing activities for kids,,10,,0.00,
easy activities for 9 month old,,10,,0.00,
easy activities for kids at home,,10,,0.00,
easy after school activities for kids,,10,,0.00,
easy at home activities for kids,,10,,0.00,
easy christmas activity for kids,,10,,0.00,
easy christmas stem activities for kids,,10,,0.00,
easy engineering activities for kids,,10,,0.00,
easy field day activities for kids,,10,,0.00,
easy food activities for kids,,10,,0.00,
easy fun activities for kids,,10,,0.00,
easy group activities for kids,,10,,0.00,
easy halloween activity for kids,,10,,0.00,
easy holiday activities for kids,,10,,0.00,
easy indoor activities for kids,,10,,0.00,
easy makerspace activities for kids,,10,,0.00,
easy mindfulness activities for kids,,10,,0.00,
easy new years activities for kids,,10,,0.00,
easy painting activities for 5 year olds,,10,,0.00,
easy physical activities for kids,,10,,0.00,
easy science activity for kids,,10,,0.00,
easy sensory activities for kids,,10,,0.00,
easy st patrick's day activities for kids,,10,,0.00,
easy stem activities for elementary kids,,10,,0.00,
easy stem activities for kids no equipment,,10,,0.00,
easy stem activity for kids,,10,,0.00,
easy teamwork activities for kids,,10,,0.00,
easy thanksgiving activities for kids,,10,,0.00,
easy water activities for kids,,10,,0.00,
ebt activities for kids,,10,,0.00,
eco activities for kids,,10,,0.00,
ecology activities for kids,,10,,0.00,
economic education activities for kids near me,,10,,0.00,
economics activities for kids in aurora,,10,,0.00,
economics activities for kids near me,,10,,0.00,
ecosystem activity for kids,,10,,0.00,
education activities for 6 year olds,,10,,0.99,
education activities for kids,,10,,0.00,
educational activities about germs for kids,,10,,0.00,
educational activities for 1-2 year olds,,10,,0.00,
educational activities for 10 year olds at home,,10,,0.95,
educational activities for 10 year-olds,,10,,1.89,
educational activities for 11 year-olds,,10,,1.20,
educational activities for 3-4 year olds,,10,,1.00,
educational activities for 3-5 year olds,,10,,1.27,
educational activities for 4 year olds at home pdf,,10,,0.00,
educational activities for 5 year olds at home pdf,,10,,0.00,
educational activities for 5-6 year olds,,10,,0.00,
educational activities for 6-8 year olds,,10,,0.00,
educational activities for 8 year-olds at home,,10,,0.64,
educational activities for 8-10 year olds,,10,,0.00,
educational activities for 8-year-olds at home,,10,,0.64,
educational activities for 9 year-olds,,10,,0.83,
educational activities for kids in dc,,10,,0.00,
educational activities for kids on july 4th independence day,,10,,0.00,
educational activity for kids,,10,,0.00,
educational activity kits for 5 year olds,,10,,0.00,
educational fun activities for kids,,10,,0.00,
educational mail activities for kids,,10,,0.00,
educational outdoor activities for kids,,10,,0.00,
educational space activities for kids birthday party,,10,,0.00,
effective math lesson plan activities for 8-year-olds,,10,,0.00,
egg activities for kids,,10,,0.00,
egg hunt activity for kids,,10,,0.00,
egg hunt activity for kids near me,,10,,0.00,
egyptian activities for kids,,10,,0.00,
eid al fitr activities for kids,,10,,0.00,
elementary activities for kids,,10,,0.00,
elephant activities for kids,,10,,0.00,
elk grove activities for kids,,10,,0.00,
emerald isle activities for kids,,10,,0.00,
emotion activities for 2 year olds,,10,,0.00,
emotion activities for 3 year olds,,10,,0.00,
emotion activity for kids,,10,,0.00,
emotion recognition activities for kids,,10,,0.00,
emotion therapy activities for kids,,10,,0.00,
emotion wheel activity for kids,,10,,0.00,
emotion wheel for kids activity,,10,,0.00,
emotional activities for 3-5 year olds,,10,,0.00,
emotional activities for kids,,10,,0.00,
emotional awareness activities for kids,,10,,0.00,
emotional development activities for 1-2 year olds,,10,,0.00,
emotional development activities for 2-3 year olds,,10,,0.00,
emotional development activities for 3-5 year olds,,10,,0.00,
emotional development activities for 4-5 year olds,,10,,0.00,
emotional literacy activities for kids,,10,,0.00,
emotional recognition activities for kids,,10,,0.00,
emotional regulation activities for kids occupational therapy,,10,,0.00,
emotional regulation for kids activities,,10,,0.00,
emotional skills activities for 3-5 year olds,,10,,0.00,
emotional skills/regulation activities for 4 year olds,,10,,0.00,
emotions activities for kids printable,,10,,0.00,
end of year activities for kids,,10,,0.00,
energizer activities for kids,,10,,0.00,
energy bars for active kids,,10,,0.00,
engaging music lessons activities for homeschool children kids,,10,,0.00,
engineer activities for kids,,10,,0.00,
engineering for kids activities,,10,,0.00,
english activities for 10 year olds,,10,,0.00,
english activities for 3 year olds,,10,,0.00,
english activities for 4 year olds,,10,,0.00,
english activities for 5 year olds,,10,,0.00,
english activities for 6 year olds,,10,,0.00,
english activities for kids,,10,,0.00,
entrepreneur activities for kids,,10,,0.00,
entrepreneurship activities for kids,,10,,0.00,
environment activities for kids,,10,,0.00,
environmental science activities for kids,,10,,0.00,
erosion activities for kids,,10,,0.00,
erosion activity for kids,,10,,0.00,
esl activities for 10 year olds,,10,,0.00,
esl activities for 3 year olds,,10,,0.00,
esl activities for 4 year olds,,10,,0.00,
esl activities for 5 year olds,,10,,0.00,
esl writing activity for 8-10 year olds,,10,,0.00,
estes park activities for kids,,10,,0.00,
europe activities for kids,,10,,0.00,
evening activities for kids,,10,,0.00,
executive function activities for 3 to 5-year-olds,,10,,0.00,
executive function activities for 3- to 5-year-olds,,10,,0.00,
executive function activities for 7 to 12-year-olds pdf,,10,,1.54,
executive function activities for 7- to 12 year-olds pdf,,10,,1.54,
executive function activities for 7- to 12-year-olds pdf,,10,,1.54,
executive functioning activity for kids,,10,,0.00,
exercise activity for kids,,10,,0.00,
exploration activities for kids,,10,,0.00,
explore science activities for kids,,10,,0.00,
expressive arts and design activities for 3 5 year olds,,10,,0.00,
extra activities for kids,,10,,0.00,
extra curricular activities for 2 year olds,,10,,2.31,
extra curricular activities for 4 year olds,,10,,2.27,
extra curricular activities for 5 year olds,,10,,2.47,
extra curricular activities for 6 year olds,,10,,3.14,
extra curricular activities for autistic kids,,10,,0.00,
extra curricular activities for kids with autism,,10,,0.00,
extracurricular activities for 18 month old,,10,,1.50,
extracurricular activities near me for kids,,10,,0.00,
eye activities for kids,,10,,0.00,
eyfs activities for 2 3 year olds,,10,,0.00,
eyfs activities for 2 year olds,,10,,0.00,
eyfs activities for 2-3 year olds,,10,,0.00,
eyfs activities for 3 year olds,,10,,0.00,
eyfs activities for 3-4 year olds,,10,,0.00,
eyfs activities for 4 5 year olds,,10,,0.00,
fairmont resort blue mountains activities for kids,,10,,0.00,
fairy activities for kids,,10,,0.00,
fairy tale activities for kids,,10,,0.00,
fairytale activities for kids,,10,,0.00,
fall activities for 1 year olds near me,,10,,0.00,
fall activities for 2 and 3 year olds,,10,,0.00,
fall activities for 3 4 year olds,,10,,0.00,
fall activities for 5 year olds,,10,,0.00,
fall activities for 6 month old,,10,,0.00,
fall activities for kids charlotte nc,,10,,0.00,
fall activities for kids chicago,,10,,0.00,
fall activities for kids lancaster pa,,10,,0.00,
fall activities for kids nyc,,10,,0.00,
fall activities for kids pittsburgh,,10,,0.00,
fall activities for three year olds,,10,,0.00,
fall activity sheet for kids,,10,,0.00,
fall activity worksheets for kids,,10,,0.00,
fall art activities for one year olds,,10,,0.00,
fall art activities for two year olds,,10,,0.00,
fall art activity for kids,,10,,0.00,
fall coloring activity for kids,,10,,0.00,
fall cooking activities for kids,,10,,0.00,
fall equinox activities for kids,,10,,0.00,
fall food activities for kids,,10,,0.00,
fall fun activities for kids,,10,,0.00,
fall indoor activities for kids,,10,,0.00,
fall leaf activities for kids,,10,,0.00,
fall party activities for kids,,10,,0.00,
fall school activities for kids,,10,,0.00,
family activities for kids,,10,,0.00,
family activity for kids,,10,,0.00,
family bonding activities for kids,,10,,0.00,
family friendly volunteering activities for toddlers 2-4 years old weekends,,10,,0.00,
family history activities for kids,,10,,0.00,
family reunion activities for kids,,10,,0.00,
family summer learning activities for kids ideas,,10,,0.00,
family tree activities for kids,,10,,0.00,
family-friendly activities for kids in [user's location],,10,,0.00,
family-friendly activities for kids in reno,,10,,0.00,
family-friendly activities for kids in san antonio,,10,,0.00,
family-friendly activities in houston for kids,,10,,0.00,
family-friendly neighborhoods atlanta parks activities for kids,,10,,0.00,
family-friendly neighborhoods honolulu parks activities for kids,,10,,0.00,
family-friendly neighborhoods in atlanta with parks and activities for kids,,10,,0.00,
family-friendly neighborhoods in destin with parks and activities for kids,,10,,0.00,
family-friendly neighborhoods in gatlinburg with parks and activities for kids,,10,,0.00,
family-friendly neighborhoods in honolulu with parks and activities for kids,,10,,0.00,
family-friendly neighborhoods in monterey with parks and activities for kids,,10,,0.00,
family-friendly neighborhoods in paris with parks and activities for kids,,10,,0.00,
family-friendly neighborhoods in salem parks activities for kids,,10,,0.00,
family-friendly neighborhoods in salem with parks and activities for kids,,10,,0.00,
family-friendly neighborhoods myrtle beach parks activities for kids,,10,,0.00,
family-friendly neighborhoods niagara falls parks activities for kids,,10,,0.00,
family-friendly neighborhoods ocean city parks activities for kids,,10,,0.00,
family-friendly neighborhoods paris parks activities for kids,,10,,0.00,
family-friendly neighborhoods san juan parks activities for kids,,10,,0.00,
family-friendly neighborhoods santa barbara parks activities for kids,,10,,0.00,
family-friendly neighborhoods south padre island parks activities for kids,,10,,0.00,
family-friendly neighborhoods tampa parks activities for kids,,10,,0.00,
family-friendly neighborhoods with parks and activities for kids in atlanta,,10,,0.00,
family-friendly neighborhoods with parks and activities for kids in chicago,,10,,0.00,
family-friendly neighborhoods with parks and activities for kids in dallas,,10,,0.00,
family-friendly neighborhoods with parks and activities for kids in houston,,10,,0.00,
family-friendly neighborhoods with parks and activities for kids in nashville,,10,,0.00,
family-friendly neighborhoods with parks and activities for kids in tampa,,10,,0.00,
family-friendly neighborhoods with parks and activities for kids in toronto,,10,,0.00,
family-friendly vacation packages destin activities for kids 2025,,10,,0.00,
family-friendly vacation packages rome activities for kids,,10,,0.00,
fantasy activities for kids,,10,,0.00,
farm activities for kids near me,,10,,0.00,
farm animal activities for 3 4 year olds,,10,,0.00,
farms with activities for kids,,10,,0.00,
fashion activities for kids,,10,,0.00,
fat bear week activities for kids,,10,,0.00,
fat bear week activities for kids printable,,10,,0.00,
father's day activities for 3 year olds,,10,,0.00,
father's day activities for kids printable,,10,,0.00,
fathers day activities for kids,,10,,0.00,
fathers day activity for kids,,10,,0.00,
feeling activities for kids,,10,,0.00,
feeling activity for kids,,10,,0.00,
feelings activities for 5 year olds,,10,,0.00,
feelings wheel activity for kids,,10,,0.00,
felt activities for kids,,10,,0.00,
festive holiday activities for kids at the dentist,,10,,0.00,
fibonacci activities for kids,,10,,0.00,
fibonacci sequence activities for kids,,10,,0.00,
fiesta activities for kids,,10,,0.00,
final consonant deletion activities for 3 year old,,10,,0.00,
finance activities for kids,,10,,0.00,
financial literacy activities for 5-7 year olds free,,10,,0.00,
financial literacy for kids activities,,10,,0.00,
find someone who activity for kids,,10,,0.00,
fine motor activities for 1 year old,,10,,0.00,
fine motor activities for 4-5 year olds,,10,,0.00,
fine motor activities for 5-6 year olds,,10,,1.11,
fine motor activities for four year olds,,10,,0.39,
fine motor activities for older kids,,10,,0.00,
fine motor activity for 2 year olds,,10,,0.46,
fine motor activity for 5 year olds,,10,,1.00,
fine motor development activities for 2-3 year olds,,10,,0.00,
fine motor development activities for 4 and 5 year olds,,10,,0.00,
fine motor skill activities for 1 year olds,,10,,0.33,
fine motor skill activities for 5 year olds,,10,,1.00,
fine motor skill activities for 6 year olds,,10,,0.38,
fine motor skills activities for 18-24 month olds 2025 2026,,10,,0.00,
fine motor skills activities for 2 3 year olds pdf,,10,,0.00,
fine motor skills activities for 2-3 year olds pdf,,10,,0.00,
fine motor skills activities for 3-4 year olds at home,,10,,0.00,
fine motor skills activities for 3-5 year olds,,10,,0.00,
fine motor skills activities for 5 6 year olds pdf,,10,,0.00,
finger lakes activities for kids,,10,,0.00,
finger print activity for kids,,10,,0.00,
fingerprint activities for kids,,10,,0.00,
fingerprinting activity for kids,,10,,0.00,
fire prevention activities for kids,,10,,0.00,
fire safety activity for kids,,10,,0.00,
fire safety for kids activities,,10,,0.00,
firefighter activities for kids,,10,,0.00,
firework activity for kids,,10,,0.00,
first aid activity for kids,,10,,0.00,
first aid for kids activities,,10,,0.00,
first day of fall activities for kids,,10,,0.00,
first day of school activities for kids,,10,,0.00,
first day of spring activities for kids,,10,,0.00,
first week of preschool activities for 3 year olds,,10,,0.00,
fish activities for kids,,10,,0.00,
fisher price outdoor toys for active kids,,10,,0.00,
fishers of men activity for kids,,10,,0.00,
fishing activity book for kids,,10,,0.00,
five senses activities for kids,,10,,0.00,
flag activities for kids,,10,,0.00,
flag activity for kids,,10,,0.00,
flashlight activity for kids,,10,,0.00,
florida keys activities for kids,,10,,0.00,
flower activity for kids,,10,,0.00,
focus activities for 5 year olds,,10,,0.00,
focus activities for kids with adhd,,10,,0.00,
focus activity for kids,,10,,0.00,
focus and attention activities for kids,,10,,0.00,
focus building activities for kids,,10,,0.00,
focusing activities for kids,,10,,0.00,
follow directions activity for kids,,10,,0.00,
food coloring activities for kids,,10,,0.00,
food group activities for kids,,10,,0.00,
food pyramid activity for kids,,10,,0.00,
food safety activities for kids,,10,,0.00,
food science activities for kids,,10,,0.00,
football activities for 3 year olds,,10,,0.00,
football activities for 5 year olds,,10,,0.00,
football activities for kids summer school england,,10,,0.00,
forensic activities for kids,,10,,0.00,
forest activities for kids,,10,,0.00,
fort collins activities for kids,,10,,0.00,
fort walton activities for kids,,10,,0.00,
fort worth christmas activities for kids,,10,,0.00,
fossil dig activity for kids,,10,,0.00,
fossil making activity for kids,,10,,0.00,
fossils activities for kids,,10,,0.00,
france activities for kids,,10,,0.00,
frankenmuth activities for kids,,10,,0.00,
free activities for autistic kids,,10,,0.00,
free activities for kids at home,,10,,0.00,
free activities for kids bakersfield,,10,,0.00,
free activities for kids boston,,10,,0.00,
free activities for kids cincinnati,,10,,0.00,
free activities for kids cleveland,,10,,0.00,
free activities for kids colorado springs,,10,,0.00,
free activities for kids columbus ohio,,10,,0.00,
free activities for kids detroit,,10,,0.00,
free activities for kids during summer,,10,,0.00,
free activities for kids in atlanta,,10,,0.00,
free activities for kids in chicago,,10,,0.00,
free activities for kids in ct,,10,,0.00,
free activities for kids in dc,,10,,0.00,
free activities for kids in houston,,10,,0.00,
free activities for kids in huntsville,,10,,0.00,
free activities for kids in los angeles,,10,,0.00,
free activities for kids in miami,,10,,0.00,
free activities for kids in nyc,,10,,0.00,
free activities for kids in philadelphia,,10,,0.00,
free activities for kids las vegas,,10,,0.00,
free activities for kids louisville ky,,10,,0.00,
free activities for kids memphis,,10,,0.00,
free activities for kids milwaukee,,10,,0.00,
free activities for kids minneapolis,,10,,0.00,
free activities for kids near me this weekend,,10,,0.00,
free activities for kids orlando,,10,,0.00,
free activities for kids pittsburgh,,10,,0.00,
free activities for kids raleigh nc,,10,,0.00,
free activities for kids tampa,,10,,0.00,
free activities for kids this summer,,10,,0.00,
free activities for kids this weekend,,10,,0.00,
free activities for kids today near me,,10,,0.00,
free activities for kids tomorrow,,10,,0.00,
free activities for kids tucson,,10,,0.00,
free activities for kids with autism,,10,,0.00,
free activities in las vegas for kids,,10,,0.00,
free activities nyc for kids,,10,,0.00,
free activities online for 4 year olds,,10,,0.00,
free activity books for kids,,10,,0.00,
free activity for kids,,10,,0.00,
free activity pages for kids printable,,10,,0.00,
free activity worksheets for 4 year olds,,10,,0.00,
free activity worksheets for kids,,10,,0.00,
free advent activities for kids printable,,10,,0.00,
free autumn activities for 3 year olds,,10,,0.00,
free autumn holiday activities for kids,,10,,0.00,
free bible activity pages for kids,,10,,0.00,
free birthday activities for kids,,10,,0.00,
free brain activation exercises for kids pdf,,10,,0.00,
free brain activities for kids,,10,,0.00,
free christmas activities for kids near me,,10,,0.00,
free christmas activity pages for kids,,10,,0.00,
free christmas activity printables for kids,,10,,0.00,
free christmas activity sheets for kids,,10,,0.00,
free christmas printable activities for kids,,10,,0.00,
free coding activities for kids,,10,,0.00,
free coloring and activity pages for kids,,10,,0.00,
free cut and paste activities for kids,,10,,0.00,
free cutting activities for kids printable,,10,,0.00,
free easter activities for kids 2026,,10,,0.00,
free easter activities for kids near me,,10,,0.00,
free easter activities for kids near me today,,10,,0.00,
free easter egg activities for kids,,10,,0.00,
free easter printable activities for kids,,10,,0.00,
free educational activities for 2 year olds at home printable,,10,,0.67,
free educational activities for 4 year olds pdf,,10,,1.18,
free educational activities for 5 year olds pdf,,10,,0.00,
free educational activities for 8 year olds at home,,10,,0.73,
free educational activities for kids,,10,,0.00,
free executive function activities for 7 to 12 year olds,,10,,0.51,
free extra curricular activities for kids,,10,,0.00,
free extracurricular activities for kids near me,,10,,0.00,
free fall activities for kids near me,,10,,0.00,
free fall activities near me for kids,,10,,0.00,
free fall activity sheets for kids,,10,,0.00,
free fall printable activities for kids,,10,,0.00,
free father's day activities for kids,,10,,0.00,
free financial literacy activities for kids 5-7,,10,,0.00,
free fun activities for kids,,10,,0.00,
free fun printable activities for kids,,10,,0.00,
free fun summer activities for kids,,10,,0.00,
free grief activities for kids,,10,,0.00,
free grinch activities for kids,,10,,0.00,
free groundhog day activities for kids,,10,,0.00,
free halloween activities for kids near me,,10,,0.00,
free halloween activities near me for kids,,10,,0.00,
free halloween activity printables for kids,,10,,0.00,
free halloween printable activities for kids,,10,,0.00,
free holiday activities for kids,,10,,0.00,
free indoor activities for kids kansas city,,10,,0.00,
free indoor activities for kids st louis,,10,,0.00,
free indoor activity for kids,,10,,0.00,
free inside activities for kids,,10,,0.00,
free january activities for kids,,10,,0.00,
free juneteenth activities for kids,,10,,0.00,
free kids activities for spring break,,10,,0.00,
free learning activities for 7 year olds,,10,,0.00,
free learning activities for kids,,10,,0.00,
free lent activities for kids,,10,,0.00,
free moon activities for kids,,10,,0.00,
free olympic activities for kids,,10,,0.00,
free online activities for 4 year olds,,10,,0.00,
free online learning activities for 6 year olds,,10,,0.00,
free or cheap summer activities for kids,,10,,0.00,
free outdoor activities for kids near me,,10,,0.00,
free pi day activities for kids,,10,,0.00,
free printable 9 11 activities for kids,,10,,0.00,
free printable activities for 3 year olds pdf,,10,,1.07,
free printable activities for kids pdf,,10,,0.00,
free printable activity book for kids,,10,,0.00,
free printable activity books for 5 year olds,,10,,0.00,
free printable activity sheets for 7 year olds pdf,,10,,0.00,
free printable activity sheets for 8 year olds pdf,,10,,0.00,
free printable activity sheets for kids pdf,,10,,0.00,
free printable bible activities for kids,,10,,0.00,
free printable black history month activities for kids printable,,10,,0.00,
free printable brain activities for kids,,10,,0.00,
free printable christmas activities for kids pdf,,10,,0.00,
free printable christmas activity pages for kids,,10,,0.00,
free printable earth day activities for kids printable,,10,,0.00,
free printable easter activities for kids,,10,,0.00,
free printable easter activities for kids pdf,,10,,0.00,
free printable easter bible activities for kids,,10,,0.00,
free printable fall activities for kids,,10,,0.00,
free printable fun activity sheets for kids,,10,,0.00,
free printable grinch activities for kids,,10,,0.00,
free printable halloween activities for kids,,10,,0.00,
free printable holy week activities for kids,,10,,0.00,
free printable holy week activities for kids printable,,10,,0.00,
free printable learning activities for 2 year olds pdf,,10,,0.00,
free printable lent activities for kids,,10,,0.00,
free printable lent activities for kids pdf,,10,,0.00,
free printable palm sunday activities for kids,,10,,0.00,
free printable passover activity sheets for kids,,10,,0.00,
free printable prayer activities for kids,,10,,0.00,
free printable presidents day activities for kids,,10,,0.00,
free printable resurrection activities for kids,,10,,0.00,
free printable spring activity sheets for kids,,10,,0.00,
free printable st patrick's day activities for kids,,10,,0.00,
free printable toddler activities for 2 year olds,,10,,0.00,
free printable valentines activities for kids,,10,,0.00,
free printables for kids activities,,10,,0.00,
free rainy day activities for kids,,10,,0.00,
free space activities for kids,,10,,0.00,
free spring activities for kids,,10,,0.00,
free spring activity sheets for kids,,10,,0.00,
free spring break activities for kids near me,,10,,0.00,
free stem activities for kids,,10,,0.00,
free summer activities for kids atlanta,,10,,0.00,
free summer activities for kids charlotte nc,,10,,0.00,
free summer activities for kids dallas,,10,,0.00,
free summer activities for kids houston,,10,,0.00,
free summer activities for kids los angeles,,10,,0.00,
free summer activities for kids near me 2025,,10,,0.00,
free summer activities for kids nj,,10,,0.00,
free summer camp activities for 3 5 year olds,,10,,0.00,
free summer camp activities for 8 12 year olds,,10,,4.10,
free time activities for kids,,10,,0.00,
free turkey activities for kids,,10,,0.00,
free valentine activities for kids,,10,,0.00,
free valentine's day activities for kids,,10,,0.00,
free valentines activities for kids,,10,,0.00,
free water activities for kids near me,,10,,0.00,
free winter activities for kids,,10,,0.00,
free winter activity sheets for kids,,10,,0.00,
fremont activities for kids,,10,,0.00,
french activities for kids,,10,,0.00,
french lick activities for kids,,10,,0.00,
friction activities for kids,,10,,0.00,
frida kahlo art activities for kids,,10,,0.00,
friday activities for kids,,10,,0.00,
friday the 13th activities for kids,,10,,0.00,
frog life cycle activity for kids,,10,,0.00,
frozen activities for kids,,10,,0.00,
fruits of the spirit activities for kids,,10,,0.00,
fulfillment center tours milwaukee stem activities for kids,,10,,0.00,
full and empty activity for kids,,10,,0.00,
full moon activities for kids,,10,,0.00,
fun academic activities for kids,,10,,0.00,
fun active activities for kids,,10,,0.00,
fun active gifts for kids,,10,,0.00,
fun activities dallas for kids,,10,,0.00,
fun activities for 1 year old birthday,,10,,0.00,
fun activities for 1-2 year olds,,10,,0.00,
fun activities for 10 year old birthday party,,10,,0.00,
fun activities for 10 year old girls,,10,,0.00,
fun activities for 10-12 year olds,,10,,0.00,
fun activities for 11 year old girls,,10,,0.00,
fun activities for 12 year old girls,,10,,0.00,
fun activities for 12-year olds near me,,10,,1.15,
fun activities for 13 year old boy,,10,,0.00,
fun activities for 13 year old girls,,10,,0.00,
fun activities for 16 month olds,,10,,0.15,
fun activities for 2 year old,,10,,0.00,
fun activities for 2-3 year olds,,10,,0.20,
fun activities for 2-4 year olds,,10,,0.00,
fun activities for 3 year olds at home,,10,,0.19,
fun activities for 3 year olds to do at home,,10,,0.00,
fun activities for 3-4 year olds,,10,,0.33,
fun activities for 3-5 year olds,,10,,0.37,
fun activities for 3-year-olds at home,,10,,0.19,
fun activities for 4 and 5 year olds,,10,,0.43,
fun activities for 4 year old,,10,,0.00,
fun activities for 4-5 year olds,,10,,0.18,
fun activities for 5 year old birthday party,,10,,0.00,
fun activities for 5-6 year olds,,10,,0.00,
fun activities for 5-7 year olds,,10,,0.00,
fun activities for 7-9 year olds,,10,,0.00,
fun activities for 8 month olds,,10,,0.17,
fun activities for 8 year old birthday party,,10,,0.00,
fun activities for 8 year old girls,,10,,0.00,
fun activities for 9 11 year-olds at home,,10,,0.00,
fun activities for 9 month olds,,10,,0.20,
fun activities for 9-10 year olds,,10,,0.00,
fun activities for 9-11 year olds,,10,,0.00,
fun activities for a 15 month old,,10,,0.14,
fun activities for a 2 year old,,10,,0.00,
fun activities for a 4 year old,,10,,0.00,
fun activities for a 5 year old,,10,,0.00,
fun activities for an 18 month old,,10,,0.26,
fun activities for dads and kids,,10,,0.00,
fun activities for elementary kids,,10,,0.00,
fun activities for homeschool kids,,10,,0.00,
fun activities for kids at home indoors,,10,,0.00,
fun activities for kids bay area,,10,,0.00,
fun activities for kids birthday party at home,,10,,0.00,
fun activities for kids boston,,10,,0.00,
fun activities for kids christmas party,,10,,0.00,
fun activities for kids cincinnati,,10,,0.00,
fun activities for kids classroom,,10,,0.00,
fun activities for kids columbus ohio,,10,,0.00,
fun activities for kids houston,,10,,0.00,
fun activities for kids in austin,,10,,0.00,
fun activities for kids in boston,,10,,0.00,
fun activities for kids in charlotte,,10,,0.00,
fun activities for kids in colorado springs,,10,,0.00,
fun activities for kids in dallas,,10,,0.00,
fun activities for kids in dc,,10,,0.00,
fun activities for kids in la,,10,,0.00,
fun activities for kids in las vegas,,10,,0.00,
fun activities for kids in maryland,,10,,0.00,
fun activities for kids in miami,,10,,0.00,
fun activities for kids in san antonio,,10,,0.00,
fun activities for kids in san diego,,10,,0.00,
fun activities for kids in southern california,,10,,0.00,
fun activities for kids in the classroom,,10,,0.00,
fun activities for kids in the summer,,10,,0.00,
fun activities for kids long island,,10,,0.00,
fun activities for kids miami,,10,,0.00,
fun activities for kids minneapolis,,10,,0.00,
fun activities for kids on new year's eve,,10,,0.00,
fun activities for kids on new years eve,,10,,0.00,
fun activities for kids on thanksgiving,,10,,0.00,
fun activities for kids on the spectrum,,10,,0.00,
fun activities for kids orlando,,10,,0.00,
fun activities for kids party,,10,,0.00,
fun activities for kids philadelphia,,10,,0.00,
fun activities for kids sacramento,,10,,0.00,
fun activities for kids san francisco,,10,,0.00,
fun activities for kids san jose,,10,,0.00,
fun activities for kids school,,10,,0.00,
fun activities for kids seattle,,10,,0.00,
fun activities for kids summer camp,,10,,0.00,
fun activities for kids tampa,,10,,0.00,
fun activities for kids this weekend,,10,,0.00,
fun activities for kids today,,10,,0.00,
fun activities for kids tucson,,10,,0.00,
fun activities for kids with a broken arm,,10,,0.00,
fun activities for kindergarten kids,,10,,0.00,
fun activities for old age homes,,10,,0.00,
fun activities for parents and kids,,10,,0.00,
fun activities for school age kids,,10,,0.00,
fun activities for special needs kids,,10,,0.00,
fun activities in atlanta for kids,,10,,0.00,
fun activities in baltimore for kids,,10,,0.00,
fun activities in chicago for kids,,10,,0.00,
fun activities in nashville for kids,,10,,0.00,
fun activities in orlando for kids,,10,,0.00,
fun activities in philadelphia for kids,,10,,0.00,
fun activities in phoenix for kids,,10,,0.00,
fun activities in queens for kids,,10,,0.00,
fun activities los angeles for kids,,10,,0.00,
fun activities to do at home for 12 year olds,,10,,0.00,
fun activities to do at home for 9 year olds,,10,,0.00,
fun activities to do at home for kids,,10,,0.00,
fun activities to do for 11-year-old's birthday party,,10,,0.00,
fun activities to do for kids,,10,,0.00,
fun activities worksheets for kids,,10,,0.00,
fun activity for 10 year olds,,10,,0.52,
fun activity for 2 year old,,10,,0.00,
fun activity for kids at home,,10,,0.00,
fun activity for kids worksheet,,10,,0.00,
fun activity games for kids,,10,,0.00,
fun activity pages for kids printable,,10,,0.00,
fun afterschool activities for kids,,10,,0.00,
fun animal activities for kids,,10,,0.00,
fun april fools activities for kids,,10,,0.00,
fun at home activities for 18 month olds,,10,,0.14,
fun at home christmas activities for kids,,10,,0.00,
fun bath activities for kids,,10,,0.00,
fun beach activities for kids with sand and water,,10,,0.00,
fun bilateral coordination activities for kids,,10,,0.00,
fun birthday party activities for kids,,10,,0.00,
fun book activities for kids,,10,,0.00,
fun brain activities for kids,,10,,0.00,
fun building activities for kids,,10,,0.00,
fun car activities for kids,,10,,0.00,
fun cheap activities for kids,,10,,0.00,
fun christmas activities for 10 year olds,,10,,0.00,
fun christmas activities for 4 year olds,,10,,0.00,
fun christmas activities for kids at home,,10,,0.00,
fun christmas activities for kids near me,,10,,0.00,
fun christmas activities for one year olds,,10,,0.00,
fun christmas activity for kids,,10,,0.00,
fun christmas eve activities for kids,,10,,0.00,
fun church activities for kids,,10,,0.00,
fun class activities for kids,,10,,0.00,
fun coloring activities for kids,,10,,0.00,
fun cut and paste activities for kids,,10,,0.00,
fun cutting activities for kids,,10,,0.00,
fun dance activities for kids,,10,,0.00,
fun dinosaur activities for kids,,10,,0.00,
fun drawing activities for kids,,10,,0.00,
fun easy christmas activities for kids,,10,,0.00,
fun easy halloween activities for kids,,10,,0.00,
fun easy science activities for kids,,10,,0.00,
fun easy stem activities for kids,,10,,0.00,
fun educational activities for 10 year olds,,10,,0.00,
fun educational activities for 12 year olds,,10,,0.00,
fun emotional regulation activities for kids,,10,,0.00,
fun exercise activities for kids,,10,,0.00,
fun fall activities for 2 year olds,,10,,0.00,
fun fall activities for 3 year olds,,10,,0.00,
fun fall activities for kids near me,,10,,0.00,
fun free activities for kids near me,,10,,0.00,
fun free printable activities for kids,,10,,0.00,
fun game activities for kids,,10,,0.00,
fun games and activities for kids,,10,,0.00,
fun gross motor activities for kids,,10,,0.00,
fun halloween activities for 1 year olds,,10,,0.00,
fun halloween activities for 10 year olds,,10,,0.00,
fun halloween activities for 2 year olds,,10,,0.00,
fun halloween activities for 3 year olds,,10,,0.00,
fun halloween activities for 4 year olds,,10,,0.00,
fun halloween activities for kids at home,,10,,0.00,
fun halloween activities for kids near me,,10,,0.00,
fun halloween activities for kids printable,,10,,0.00,
fun halloween party activities for kids,,10,,0.00,
fun heavy work activities for kids,,10,,0.00,
fun home activities for 8 year olds,,10,,0.00,
fun icebreaker activities for kids,,10,,0.00,
fun independent activities for kids,,10,,0.00,
fun indoor activities for 1 year old,,10,,0.00,
fun indoor activities for 2-3 year olds,,10,,0.00,
fun indoor activities for kids at school,,10,,0.00,
fun indoor activities for kids atlanta,,10,,0.00,
fun indoor activities for kids during floods,,10,,0.00,
fun indoor activities near me for kids,,10,,0.00,
fun indoor christmas activities for kids,,10,,0.00,
fun indoor fall activities for kids,,10,,0.00,
fun indoor winter activities for kids,,10,,0.00,
fun kid activities for 4th of july,,10,,0.00,
fun kid activities for st patrick's day,,10,,0.00,
fun learning activities for 3-4 year olds,,10,,0.00,
fun learning activities for 4-5 year olds,,10,,0.00,
fun lego activities for kids,,10,,0.00,
fun map activities for kids,,10,,0.00,
fun march activities for kids,,10,,0.00,
fun mental health activities for kids,,10,,0.00,
fun money activities for kids,,10,,0.00,
fun music activities for kids,,10,,0.00,
fun nature activities for kids,,10,,0.00,
fun new year activities for kids,,10,,0.00,
fun new years eve activities for kids,,10,,0.00,
fun nyc activities for kids,,10,,0.00,
fun ocean activities for kids,,10,,0.00,
fun olympic activities for kids,,10,,0.00,
fun online activities for kids,,10,,0.00,
fun outdoor activities for 3-5 year olds,,10,,0.00,
fun outdoor activities for kids at school,,10,,0.00,
fun outdoor science activities for kids,,10,,0.00,
fun painting activities for kids,,10,,0.00,
fun paper activities for 10 year olds,,10,,0.00,
fun pe activities for kids,,10,,0.00,
fun physical activity games for kids,,10,,0.00,
fun physics activities for kids,,10,,0.00,
fun pool activities for kids,,10,,0.00,
fun print out activities for kids,,10,,0.00,
fun rainy day activities for kids at home,,10,,0.00,
fun ramadan activities for kids,,10,,0.00,
fun reading activities for kids at home,,10,,0.00,
fun reading activity for kids,,10,,0.00,
fun recycling activities for kids,,10,,0.00,
fun road trip activities for kids,,10,,0.00,
fun science activity for kids,,10,,0.00,
fun soccer activities for kids,,10,,0.00,
fun space activities for kids,,10,,0.00,
fun spring activity for kids,,10,,0.00,
fun spring break activities for kids to burn energy,,10,,0.00,
fun st patricks day activities for kids,,10,,0.00,
fun st patty's day activities for kids,,10,,0.00,
fun summer activities for 11 year olds,,10,,0.00,
fun summer activities for 13 year olds,,10,,0.00,
fun summer activities for 4 year olds,,10,,0.00,
fun summer activities for 5 year olds,,10,,0.00,
fun summer activities for 6 year olds,,10,,0.00,
fun summer activities for 7 year olds,,10,,0.00,
fun summer activities for 8 year olds,,10,,0.00,
fun summer activities for 9 year olds,,10,,0.00,
fun summer activities for kids at home bored,,10,,0.00,
fun summer activities for kids near me,,10,,0.00,
fun summer activities for one year olds,,10,,0.00,
fun summer activities for two year olds,,10,,0.00,
fun summer craft activities for kids,,10,,0.00,
fun super bowl activities for kids,,10,,0.00,
fun table activities for kids,,10,,0.00,
fun tracing activities for kids,,10,,0.00,
fun turkey activities for kids,,10,,0.00,
fun valentines day activities for kids,,10,,0.00,
fun weather activities for kids,,10,,0.00,
fun weekend activities for kids,,10,,0.00,
fun winter activities for kids in des moines,,10,,0.00,
fun writing activities for 7 year olds,,10,,0.00,
fun writing activity for kids,,10,,0.00,
gainesville activities for kids,,10,,0.00,
galena activities for kids,,10,,0.00,
galentines day activities for kids,,10,,0.00,
games activities for kids,,10,,0.00,
games for active kids,,10,,0.00,
garden state plaza activities for kids,,10,,0.00,
gardening activities for kids in school,,10,,0.00,
gatlinburg tn activities for kids,,10,,0.00,
gaylord activities for kids,,10,,0.00,
general conference 2025 activities for kids,,10,,0.00,
general conference activities for kids 2025,,10,,0.00,
generosity activities for kids,,10,,0.00,
geography activity for kids,,10,,0.00,
george washington activities for kids,,10,,0.00,
george washington carver activities for kids,,10,,0.00,
georgia activities for kids,,10,,0.00,
germ activity for kids,,10,,0.00,
german activities for kids,,10,,0.00,
get to know me activities for kids,,10,,0.00,
get to know you therapy activities for kids,,10,,0.00,
gettysburg activities for kids,,10,,0.00,
ghost activities for kids,,10,,0.00,
gift card for kids activities,,10,,0.00,
gift cards for kids activities near me,,10,,0.00,
gift for active 2 year old,,10,,0.00,
gift for active 4 year old,,10,,0.00,
gift for active 5 year old,,10,,0.00,
gift for active 5 year old boy,,10,,0.00,
gift for active 6 year old boy,,10,,0.00,
gift for active kids,,10,,0.00,
gift ideas for active 10 year old boy,,10,,0.00,
gift ideas for active 5 year old boy,,10,,0.00,
gifts for active 10 year old boy,,10,,0.00,
gifts for active 10 year olds,,10,,0.40,
gifts for active 12 year olds,,10,,0.00,
gifts for active 2 year old boys,,10,,0.00,
gifts for active 4 year old boy,,10,,0.00,
gifts for active 5 year old,,10,,0.00,
gifts for active 5 year old boys,,10,,0.00,
gifts for active 5 year old girl,,10,,0.00,
gifts for active 6 year old girl,,10,,0.00,
gifts for active 7 year old girl,,10,,0.00,
gifts for active 8 year old boy,,10,,0.00,
gifts for active 8 year old girl,,10,,0.00,
gingerbread activity for kids,,10,,0.00,
gingerbread man activities for kids,,10,,0.00,
glacier activity for kids,,10,,0.00,
glitter activity for kids,,10,,0.00,
globe activity for kids,,10,,0.00,
goal setting activity for kids,,10,,0.00,
gold rush activities for kids,,10,,0.00,
golden calf activities for kids,,10,,0.00,
golf activities for kids,,10,,0.00,
good activities for 10 year olds,,10,,0.57,
good activities for 6 year olds,,10,,0.62,
good activities for autistic kids,,10,,0.00,
good extra curricular activities for kids with adhd,,10,,0.00,
good friday activity for kids,,10,,0.00,
good habits activity for kids,,10,,0.00,
good indoor activities for kids,,10,,0.00,
good indoor activities for kids in atlanta,,10,,0.00,
good manners activity for kids,,10,,0.00,
good weekend activities for families with young kids,,10,,0.00,
governors island activities for kids,,10,,0.00,
grass growing activity for kids,,10,,0.00,
grateful activities for kids,,10,,0.00,
gratitude activities for kids printable,,10,,0.00,
great activities for 4 year olds,,10,,0.64,
greek activities for kids,,10,,0.00,
greek mythology activities for kids,,10,,0.00,
green colour day activity for kids,,10,,0.00,
greenhouse activity for kids,,10,,0.00,
greenville sc activities for kids,,10,,0.00,
grief and loss activities for kids,,10,,0.00,
grief art activities for kids,,10,,0.00,
grief art therapy activities for kids,,10,,0.00,
grief counseling activities for kids,,10,,0.00,
grief for kids activities,,10,,0.00,
grief for kids. activities,,10,,0.00,
grinch christmas activities for kids,,10,,0.00,
grinch themed activities for kids,,10,,0.00,
gross motor activities for 0 2 year olds,,10,,0.00,
gross motor activities for 0-2 year olds,,10,,0.00,
gross motor activities for 1-2 year olds,,10,,0.00,
gross motor activities for 2-3 year olds,,10,,0.00,
gross motor activities for 3-4 year olds,,10,,0.00,
gross motor activities for 4-5 year olds,,10,,0.00,
gross motor activity for 4 year olds,,10,,0.00,
gross motor activity for kids,,10,,0.00,
gross motor skill activities for 3-5 year olds,,10,,0.00,
gross motor skill activities for 4 year olds,,10,,0.00,
gross motor skill activities for 5 year olds,,10,,0.00,
gross motor skills activities for 10 year olds,,10,,0.00,
gross motor skills activities for 12 month old,,10,,0.00,
gross motor skills activities for 3 5 year olds,,10,,0.00,
gross motor skills activities for 4-5 year olds,,10,,0.00,
gross motor skills activities for 5-6 year olds,,10,,0.00,
ground hogs day activities for kids,,10,,0.00,
groundhog activities for kids,,10,,0.00,
groundhog day activity for kids,,10,,0.00,
groundhog day for kids activities,,10,,0.00,
grounding activity for kids,,10,,0.00,
group activities for 2-3 year olds,,10,,0.00,
group activities for autism kids,,10,,0.00,
group activities for kids and adults together family friendly,,10,,0.00,
group activities for kids near me,,10,,0.00,
group activity for special kids,,10,,0.00,
group activity games for kids,,10,,0.00,
group activity ideas for kids,,10,,0.00,
group therapy activities for kids pdf,,10,,0.00,
group time activities for 3 4 year olds,,10,,0.00,
group time activities for 3 year olds,,10,,0.00,
growth mindset activity for kids,,10,,0.00,
gulf shores alabama activities for kids,,10,,0.00,
gulfport activities for kids,,10,,0.00,
gymnastics activities for kids,,10,,0.00,
habitat activities for kids,,10,,0.00,
halloween activities 2025 for kids,,10,,0.00,
halloween activities for 1 2 year olds,,10,,0.00,
halloween activities for 10 month old,,10,,0.00,
halloween activities for 11 year olds,,10,,0.00,
halloween activities for 12 year olds,,10,,0.00,
halloween activities for 13 year olds,,10,,0.00,
halloween activities for 15 month old,,10,,0.00,
halloween activities for 18 month old,,10,,0.00,
halloween activities for 2 3 year olds,,10,,0.00,
halloween activities for 3 4 year olds,,10,,0.00,
halloween activities for 3 5 year olds,,10,,0.00,
halloween activities for 3 year olds at home,,10,,0.00,
halloween activities for 4 5 year olds,,10,,0.00,
halloween activities for 6 year olds,,10,,0.00,
halloween activities for 8 month old,,10,,0.00,
halloween activities for 8 year olds,,10,,0.00,
halloween activities for 9 month old,,10,,0.00,
halloween activities for kids chicago,,10,,0.00,
halloween activities for kids classroom,,10,,0.00,
halloween activities for kids families,,10,,0.00,
halloween activities for kids free printable,,10,,0.00,
halloween activities for kids houston,,10,,0.00,
halloween activities for kids in school,,10,,0.00,
halloween activities for kids near me 2025,,10,,0.00,
halloween activities for kids party,,10,,0.00,
halloween activities for kids printable free,,10,,0.00,
halloween activities for kids school,,10,,0.00,
halloween activities for kids this weekend,,10,,0.00,
halloween activities for kids today,,10,,0.00,
halloween activities for kids with autism,,10,,0.00,
halloween activities for little kids,,10,,0.00,
halloween activities for older kids,,10,,0.00,
halloween activities for three year olds,,10,,0.00,
halloween activities this weekend for kids,,10,,0.00,
halloween activities today for kids,,10,,0.00,
halloween activity books for kids,,10,,0.00,
halloween activity for 4 year olds,,10,,0.00,
halloween activity for kids near me,,10,,0.00,
halloween art activity for kids,,10,,0.00,
halloween birthday party activities for kids,,10,,0.00,
halloween class activities for kids,,10,,0.00,
halloween cooking activities for kids,,10,,0.00,
halloween craft activities for 2 year olds,,10,,0.00,
halloween craft activities for kids,,10,,0.00,
halloween cut out activities for kids,,10,,0.00,
halloween day activities for kids,,10,,0.00,
halloween food activities for kids,,10,,0.00,
halloween games and activities for kids,,10,,0.00,
halloween group activities for kids,,10,,0.00,
halloween indoor activities for kids,,10,,0.00,
halloween movement activity for kids,,10,,0.00,
halloween paper activities for kids,,10,,0.00,
halloween party activities for 10 year olds,,10,,0.00,
halloween sensory activities for kids,,10,,0.00,
halloween themed activities for kids,,10,,0.00,
halloween writing activities for kids,,10,,0.00,
hand eye coordination activities for 18 month old,,10,,0.00,
hand eye coordination activities for 7 year olds,,10,,0.00,
hand strengthening activities for kids occupational therapy,,10,,0.00,
hand washing activities for kids,,10,,0.00,
hand-eye coordination activities for 2 year olds,,10,,0.00,
hands on activities for kids with autism,,10,,0.00,
hands on activity for kids,,10,,0.00,
hands on space activities for kids,,10,,0.00,
hands-on science activities for kids in singapore,,10,,0.00,
handwashing activities for kids,,10,,0.00,
handwriting activities for kids,,10,,0.00,
hanukkah activities for 2 year olds,,10,,0.00,
hanukkah activity for kids,,10,,0.00,
happy earth day activities for kids,,10,,0.00,
happy mlk day activities for kids,,10,,0.00,
harriet tubman activities for kids,,10,,0.00,
harry potter themed activities for kids,,10,,0.00,
harvest activities for 2 year olds,,10,,0.00,
harvest activities for kids,,10,,0.00,
haunted house activities for kids,,10,,0.00,
healthcare activities for kids,,10,,0.00,
healthy activities for kids worksheet,,10,,0.00,
healthy eating activities for 2 3 year olds,,10,,0.00,
healthy eating activities for 3-5 year olds,,10,,0.82,
healthy habits for kids activities,,10,,0.00,
healthy living activities for kids,,10,,0.00,
healthy plate activity for kids,,10,,0.00,
heart health activities for kids,,10,,0.00,
heaven activities for kids,,10,,0.00,
heavy lifting activities for kids,,10,,0.00,
heavy light activity for kids,,10,,0.00,
heavy movement activities for kids,,10,,0.00,
heavy work activities for kids occupational therapy,,10,,0.00,
hebrew activities for kids,,10,,0.00,
helen ga activities for kids,,10,,0.00,
helping others activities for kids,,10,,0.00,
hershey activities for kids,,10,,0.00,
hibernation activities for 2 year olds,,10,,0.00,
high chair activities for 5 month old,,10,,0.00,
high protein bars for active kids where to buy,,10,,0.00,
hilton head indoor activities for kids,,10,,0.00,
hilton head island activities for kids,,10,,0.00,
hochatown activities for kids,,10,,0.00,
hockey activities for kids,,10,,0.00,
holi activity for kids,,10,,0.00,
holiday activities for 12 year olds,,10,,0.00,
holiday activities for 13 year olds,,10,,0.00,
holiday activities for 2 year olds,,10,,0.00,
holiday activities for 4 year olds,,10,,0.00,
holiday activities for 5 year olds,,10,,0.00,
holiday activities for 6 year olds,,10,,0.00,
holiday activities for 7 year olds,,10,,0.00,
holiday activities for kids at home,,10,,0.00,
holiday activities for kids in fairfield county ct,,10,,0.00,
holiday activity for kids,,10,,0.00,
holiday art activities for kids,,10,,0.00,
holiday craft activities for kids,,10,,0.00,
holiday fun activities for kids,,10,,0.00,
holiday party activities for kids,,10,,0.00,
holiday school activities for kids,,10,,0.00,
holiday themed activities for kids,,10,,0.00,
holiday therapy activities for kids,,10,,0.00,
hollywood activities for kids,,10,,0.00,
holy communion activity for kids,,10,,0.00,
holy thursday activities for kids,,10,,0.00,
holy trinity activities for kids,,10,,0.00,
holy trinity activity for kids,,10,,0.00,
holy week activities for kids catholic,,10,,0.00,
holy week activities for kids lds,,10,,0.00,
holy week activities for kids printable,,10,,0.00,
holy week activity for kids,,10,,0.00,
home activities for 1 year olds,,10,,0.21,
home activities for 2-3 year olds,,10,,0.26,
home activities for 3-4 year olds,,10,,0.00,
home activities for 6 year olds,,10,,0.17,
home activities for three year olds,,10,,0.00,
home birthday party activities for kids,,10,,0.00,
home depot free activities for kids,,10,,0.00,
homeschool activities for kids,,10,,0.00,
homeschooling activities for 10 year olds,,10,,1.92,
homeschooling activities for 2-year-olds,,10,,1.29,
homeschooling activities for 6 year olds,,10,,1.96,
homeschooling activities for 8 year olds,,10,,1.39,
homestead activities for kids,,10,,0.00,
homework activities for 4 year olds,,10,,0.00,
homework activities for kids,,10,,0.00,
honesty activities for kids pdf,,10,,0.00,
honolulu activities for kids,,10,,0.00,
hope activities for kids,,10,,0.00,
horse activities for kids,,10,,0.00,
hospital activities for kids,,10,,0.00,
hot air balloon activity for kids,,10,,0.00,
hot day activities for kids,,10,,0.00,
hotels with activities for kids,,10,,0.00,
hotels with family activity centers for young kids,,10,,0.00,
houston indoor activities for kids,,10,,0.00,
how to catch a leprechaun activities for kids,,10,,0.00,
how to choose durable playground shoes for active kids,,10,,0.00,
how to cook a turkey activity for kids,,10,,0.00,
how to search by age group for kid-friendly activities,,10,,0.00,
human body activity book for kids,,10,,0.00,
humility activities for kids,,10,,0.00,
hummingbird activities for kids,,10,,0.00,
huntington beach activities for kids,,10,,0.00,
hurricane activity for kids,,10,,0.00,
hygiene activity for kids,,10,,0.00,
i am thankful for kids activity,,10,,0.00,
i have a dream activities for kids,,10,,0.00,
i have a dream activity for kids,,10,,0.00,
i statement activities for kids,,10,,0.00,
ice age activities for kids,,10,,0.00,
ice breaker activity for kids,,10,,0.00,
ice cream activities for kids,,10,,0.00,
ice fishing activity for kids,,10,,0.00,
icebreaker activity for kids,,10,,0.00,
icon of the seas activities for kids,,10,,0.00,
ideas for kids activities,,10,,0.00,
identity activity for kids,,10,,0.00,
imagination activities for kids,,10,,0.00,
imaginative play activities for 0-2 year olds,,10,,0.00,
imaginative play activities for 3 5 year olds,,10,,0.00,
imaginative play activities for 3-5 year olds,,10,,0.00,
immune system activities for kids,,10,,0.00,
improv activities for kids,,10,,0.00,
impulse control activities for kids occupational therapy,,10,,0.00,
impulse control activities for kids therapy,,10,,0.00,
impulse control activity for kids,,10,,0.00,
in home activities for 3 year olds,,10,,0.00,
in house activities for 3 year olds,,10,,0.00,
inclusion activities for kids,,10,,0.00,
independent play activities for kids,,10,,0.00,
india activities for kids,,10,,0.00,
indian activities for kids,,10,,0.00,
indigenous peoples day activities for kids,,10,,0.00,
indoor active activities for kids,,10,,0.00,
indoor active games for 6-12 year olds,,10,,0.00,
indoor active play for kids,,10,,0.00,
indoor active toys for 5-year olds,,10,,0.41,
indoor activities boston for kids,,10,,0.00,
indoor activities for 10-12 year olds,,10,,0.00,
indoor activities for 12-18 month olds,,10,,0.00,
indoor activities for 13 year olds,,10,,0.00,
indoor activities for 18-24 month old,,10,,0.00,
indoor activities for 2 to 3 year olds,,10,,0.32,
indoor activities for 2 year old birthday party near me,,10,,0.00,
indoor activities for 2-3 year olds,,10,,0.13,
indoor activities for 2-4 year olds,,10,,0.00,
indoor activities for 2-5 year olds,,10,,0.00,
indoor activities for 2.5 year old,,10,,0.00,
indoor activities for 3 year old,,10,,0.00,
indoor activities for 3 year old birthday party,,10,,0.00,
indoor activities for 3-6 year olds,,10,,0.00,
indoor activities for 4-5 year olds,,10,,0.00,
indoor activities for 4-6 year olds,,10,,0.00,
indoor activities for 5-12 year olds,,10,,0.00,
indoor activities for 5-6 year olds,,10,,0.00,
indoor activities for 6-8 year olds,,10,,0.00,
indoor activities for 7 12 year olds,,10,,0.00,
indoor activities for 7 year old boys,,10,,0.00,
indoor activities for 7 year olds,,10,,0.46,
indoor activities for 7-8 year olds,,10,,0.00,
indoor activities for 8-10 year olds,,10,,0.00,
indoor activities for a 1 year old,,10,,0.00,
indoor activities for a 2 year old,,10,,0.00,
indoor activities for a 3 year old,,10,,0.00,
indoor activities for active kids who hate being stuck inside,,10,,0.00,
indoor activities for four-year-olds,,10,,0.30,
indoor activities for high energy kids,,10,,0.00,
indoor activities for kids albany ny,,10,,0.00,
indoor activities for kids alpharetta,,10,,0.00,
indoor activities for kids austin,,10,,0.00,
indoor activities for kids baltimore,,10,,0.00,
indoor activities for kids bay area,,10,,0.00,
indoor activities for kids birthday party,,10,,0.00,
indoor activities for kids boca raton,,10,,0.00,
indoor activities for kids branson mo,,10,,0.00,
indoor activities for kids brooklyn,,10,,0.00,
indoor activities for kids buffalo ny,,10,,0.00,
indoor activities for kids cape cod,,10,,0.00,
indoor activities for kids ct,,10,,0.00,
indoor activities for kids denver,,10,,0.00,
indoor activities for kids des moines,,10,,0.00,
indoor activities for kids detroit,,10,,0.00,
indoor activities for kids dfw,,10,,0.00,
indoor activities for kids during winter,,10,,0.00,
indoor activities for kids fort myers,,10,,0.00,
indoor activities for kids fort worth,,10,,0.00,
indoor activities for kids franklin tn,,10,,0.00,
indoor activities for kids frederick md,,10,,0.00,
indoor activities for kids free,,10,,0.00,
indoor activities for kids gainesville fl,,10,,0.00,
indoor activities for kids grand rapids,,10,,0.00,
indoor activities for kids greensboro nc,,10,,0.00,
indoor activities for kids greenville sc,,10,,0.00,
indoor activities for kids hilton head,,10,,0.00,
indoor activities for kids huntsville al,,10,,0.00,
indoor activities for kids in austin tx,,10,,0.00,
indoor activities for kids in branson mo,,10,,0.00,
indoor activities for kids in ct,,10,,0.00,
indoor activities for kids in kenosha,,10,,0.00,
indoor activities for kids in long island,,10,,0.00,
indoor activities for kids in los angeles,,10,,0.00,
indoor activities for kids in louisville ky,,10,,0.00,
indoor activities for kids in miami,,10,,0.00,
indoor activities for kids in myrtle beach,,10,,0.00,
indoor activities for kids in new jersey,,10,,0.00,
indoor activities for kids in nj,,10,,0.00,
indoor activities for kids in nyc,,10,,0.00,
indoor activities for kids in phoenix,,10,,0.00,
indoor activities for kids in pigeon forge,,10,,0.00,
indoor activities for kids in pittsburgh,,10,,0.00,
indoor activities for kids in san antonio,,10,,0.00,
indoor activities for kids in school,,10,,0.00,
indoor activities for kids in scottsdale arizona,,10,,0.00,
indoor activities for kids in st louis,,10,,0.00,
indoor activities for kids in west houston,,10,,0.00,
indoor activities for kids knoxville tn,,10,,0.00,
indoor activities for kids levittown,,10,,0.00,
indoor activities for kids lexington ky,,10,,0.00,
indoor activities for kids london,,10,,0.00,
indoor activities for kids madison wi,,10,,0.00,
indoor activities for kids manchester,,10,,0.00,
indoor activities for kids massachusetts,,10,,0.00,
indoor activities for kids milwaukee,,10,,0.00,
indoor activities for kids mokena,,10,,0.00,
indoor activities for kids nassau county,,10,,0.00,
indoor activities for kids new jersey,,10,,0.00,
indoor activities for kids north myrtle beach,,10,,0.00,
indoor activities for kids ocean city md,,10,,0.00,
indoor activities for kids okc,,10,,0.00,
indoor activities for kids on a rainy day,,10,,0.00,
indoor activities for kids on cold days,,10,,0.00,
indoor activities for kids on rainy days,,10,,0.00,
indoor activities for kids on snow days,,10,,0.00,
indoor activities for kids overland park,,10,,0.00,
indoor activities for kids panama city beach,,10,,0.00,
indoor activities for kids portland,,10,,0.00,
indoor activities for kids portland maine,,10,,0.00,
indoor activities for kids queens,,10,,0.00,
indoor activities for kids rainy day,,10,,0.00,
indoor activities for kids raleigh nc,,10,,0.00,
indoor activities for kids rhode island,,10,,0.00,
indoor activities for kids rochester ny,,10,,0.00,
indoor activities for kids sacramento,,10,,0.00,
indoor activities for kids san diego,,10,,0.00,
indoor activities for kids san francisco,,10,,0.00,
indoor activities for kids sarasota,,10,,0.00,
indoor activities for kids sioux falls,,10,,0.00,
indoor activities for kids sonoma county,,10,,0.00,
indoor activities for kids springfield mo,,10,,0.00,
indoor activities for kids syracuse ny,,10,,0.00,
indoor activities for kids tampa,,10,,0.00,
indoor activities for kids today,,10,,0.00,
indoor activities for kids twin cities,,10,,0.00,
indoor activities for kids virginia beach,,10,,0.00,
indoor activities for kids when raining bored,,10,,0.00,
indoor activities for kids wildwood nj,,10,,0.00,
indoor activities for kids williamsburg va,,10,,0.00,
indoor activities for kids with autism,,10,,0.00,
indoor activities for old people,,10,,1.86,
indoor activities for older kids,,10,,0.00,
indoor activities for school-aged kids,,10,,0.00,
indoor activities for three-year-olds,,10,,0.29,
indoor activities for toddlers 3 year old,,10,,0.00,
indoor activities for young kids,,10,,0.00,
indoor activities hilton head for kids,,10,,0.00,
indoor activities houston for kids,,10,,0.00,
indoor activities in dallas for kids,,10,,0.00,
indoor activities in los angeles for kids,,10,,0.00,
indoor activities in maine for kids,,10,,0.00,
indoor activities in st louis for kids,,10,,0.00,
indoor activities kansas city for kids,,10,,0.00,
indoor activities miami for kids,,10,,0.00,
indoor activities near baltimore for kids,,10,,0.00,
indoor activities omaha for kids,,10,,0.00,
indoor activities san diego for kids,,10,,0.00,
indoor activities san francisco for kids,,10,,0.00,
indoor activities sarasota for kids,,10,,0.00,
indoor activities seattle for kids,,10,,0.00,
indoor activities tampa for kids,,10,,0.00,
indoor activities west houston for kids,,10,,0.00,
indoor activities west palm beach for kids,,10,,0.00,
indoor activity for 2 year old,,10,,0.00,
indoor activity for 3 year old,,10,,0.00,
indoor activity games for kids,,10,,0.00,
indoor activity ideas for kids,,10,,0.00,
indoor art activities for kids,,10,,0.00,
indoor at home activities for kids,,10,,0.00,
indoor camping activities for kids,,10,,0.00,
indoor christmas activities for kids in school,,10,,0.00,
indoor christmas activities for kids near me,,10,,0.00,
indoor educational activities for kids,,10,,0.00,
indoor energy burning activities for kids,,10,,0.00,
indoor fitness activities for kids,,10,,0.00,
indoor free activities for kids,,10,,0.00,
indoor free activities for kids near me,,10,,0.00,
indoor fun activities for kids near me,,10,,0.00,
indoor fun for active kids who hate being cooped up,,10,,0.00,
indoor games and activities for kids,,10,,0.00,
indoor gross motor activities for 1 2 year olds,,10,,0.00,
indoor gross motor activities for 3 5 year olds,,10,,0.00,
indoor gross motor activities for 3-5 year olds,,10,,0.00,
indoor group activities for kids,,10,,0.00,
indoor gym activities for kids,,10,,0.00,
indoor halloween activities for kids near me,,10,,0.00,
indoor halloween activities near me for kids,,10,,0.00,
indoor holiday activities for kids,,10,,0.00,
indoor home activities for 3 year olds,,10,,0.00,
indoor home activities for kids,,10,,0.00,
indoor learning activities for 5 year olds,,10,,0.00,
indoor learning activities for kids,,10,,0.00,
indoor nature activities for kids,,10,,0.00,
indoor orlando activities for kids,,10,,0.00,
indoor party activities for 7 year olds,,10,,0.00,
indoor physical activities for 2 & 3 year olds,,10,,0.00,
indoor physical activities for 3 4 year olds,,10,,0.00,
indoor physical activity for kids,,10,,0.00,
indoor science activities for kids,,10,,0.00,
indoor sensory play activities for kids,,10,,0.00,
indoor snow activity for kids,,10,,0.00,
indoor summer activities for 5 year olds,,10,,0.00,
indoor summer activities for kids near me,,10,,0.00,
indoor summer camp activities for kids,,10,,0.00,
indoor team building activities for kids,,10,,0.00,
indoor toys for active 3 year olds,,10,,0.00,
indoor toys for active 7 year olds,,10,,0.00,
indoor water activities for kids,,10,,0.00,
indoor winter activities for 3 year olds,,10,,0.00,
indoor+activities+near+me+for+kids,,10,,0.00,
indoor.activities for kids,,10,,0.00,
indoors activities for kids,,10,,0.00,
inexpensive activities for kids,,10,,0.00,
inexpensive activities for kids near me,,10,,0.00,
inexpensive indoor activities for kids,,10,,0.00,
insect activity for kids,,10,,0.00,
inside activities for kids at home,,10,,0.00,
inside activities near me for kids,,10,,0.00,
inside out activities for kids,,10,,0.00,
inside winter activities for kids,,10,,0.00,
integrity activities for kids,,10,,0.00,
intellectual development activities for 1 2 year olds,,10,,0.00,
intellectual development activities for 1-2 year olds,,10,,0.00,
intellectual development activities for 2 3 year olds,,10,,0.00,
intellectual development activities for 2-3 year olds,,10,,0.00,
intellectual development activities for 3-5 year olds,,10,,0.00,
interactive learning activities for kids,,10,,0.00,
interactive therapy activities for kids,,10,,0.00,
international women's day activities for kids,,10,,0.00,
internet safety activities for kids,,10,,0.00,
internet safety activity for kids,,10,,0.00,
interoception activities for kids occupational therapy,,10,,0.00,
interoception activities for kids pdf,,10,,0.00,
introduction activities for kids,,10,,0.00,
invention activities for kids,,10,,0.00,
invisible ink activity for kids,,10,,0.00,
iowa city activities for kids,,10,,0.00,
irish activities for kids,,10,,0.00,
is activate games for kids,,10,,0.00,
is gogo squeez active for kids,,10,,0.00,
is it top outdoor activities for kids in my area,,10,,0.00,
islamic activities for 10 year olds,,10,,0.00,
italy activities for kids,,10,,0.00,
jackson hole activities for kids,,10,,0.00,
jacob's ladder activity for kids,,10,,0.00,
jamaica activities for kids,,10,,0.00,
jamestown activities for kids,,10,,0.00,
january activities for 2 year olds,,10,,0.00,
japanese activities for kids,,10,,0.00,
jcpenney activity for kids,,10,,0.00,
jesus activities for kids,,10,,0.00,
jesus christmas activities for kids,,10,,0.00,
jesus feeds 5000 activity for kids,,10,,0.00,
jesus feeds the 5000 for kids activity,,10,,0.00,
job activities for kids,,10,,0.00,
journal activities for kids,,10,,0.00,
july 4 activities for kids,,10,,0.00,
jump rope activities for kids,,10,,0.00,
juneteenth activity for kids,,10,,0.00,
juneteenth for kids activities,,10,,0.00,
jungle activities for 2 year olds,,10,,0.00,
jupiter activities for kids,,10,,0.00,
kalamazoo activities for kids,,10,,0.00,
kc activities for kids,,10,,0.00,
keystone activities for kids,,10,,0.00,
kid activities for long car trips,,10,,0.00,
kid activities for parties,,10,,0.00,
kid activities for thanksgiving,,10,,0.00,
kid-friendly activities in salem for families,,10,,0.00,
kid-friendly water activities in cancun for families,,10,,0.00,
kids activities for 1 year old birthday,,10,,0.00,
kids activities for 4th of july,,10,,0.00,
kids activities for baby shower,,10,,0.00,
kids activities for birthday parties,,10,,0.00,
kids activities for earth day,,10,,0.00,
kids activities for halloween,,10,,0.00,
kids activities for halloween party,,10,,0.00,
kids activities for home,,10,,0.00,
kids activities for long car rides,,10,,0.00,
kids activities for parties,,10,,0.00,
kids activities for party,,10,,0.00,
kids activities for school,,10,,0.00,
kids activities for spring break,,10,,0.00,
kids activities for summer near me,,10,,0.00,
kids activities for super bowl party,,10,,0.00,
kids activities for valentine's day,,10,,0.00,
kids activities for wedding,,10,,0.00,
kids activities near me for toddlers,,10,,0.00,
kids activities phoenix with alcohol for parents,,10,,0.00,
kids activity for birthday,,10,,0.00,
kids budgeting activities for kids,,10,,0.00,
kids creative activities at home for 5 year olds,,10,,0.00,
kids hydration packs for outdoor activities,,10,,0.00,
kids+for+colorado+unusual+activity,,10,,0.00,
kindergarten activities for kids,,10,,0.00,
kindergarten activity for kids,,10,,0.00,
kindness activities for kids printable,,10,,0.00,
kindness day activities for kids,,10,,0.00,
kindness week activities for kids,,10,,0.00,
king of prussia activities for kids,,10,,0.00,
kite activities for kids,,10,,0.00,
knot tying activities for kids,,10,,0.00,
kwanzaa activity for kids,,10,,0.00,
la jolla activities for kids,,10,,0.00,
labor day activities for kids near me,,10,,0.00,
labor day activity for kids,,10,,0.00,
labor day weekend activities for kids,,10,,0.00,
lacing activity for kids,,10,,0.00,
lag baomer activities for kids,,10,,0.00,
laguna beach activities for kids,,10,,0.00,
lake charles activities for kids,,10,,0.00,
lake chelan activities for kids,,10,,0.00,
lake havasu activities for kids,,10,,0.00,
lake hopatcong activities for kids,,10,,0.00,
lake of the ozarks activities for kids,,10,,0.00,
lake tahoe summer activities for kids,,10,,0.00,
language activities for 2-3 year olds,,10,,0.00,
language activities for 3-4 year olds,,10,,0.00,
language activities for 3-5 year olds,,10,,0.00,
language activities for 7 month old,,10,,0.00,
language activities for kids,,10,,0.00,
language activity for 4 year olds,,10,,0.00,
language and literacy activities for 4-5 year olds,,10,,0.00,
language and literacy activities for two year olds,,10,,0.00,
language development activities for 3-4 year olds,,10,,1.61,
language development activities for 4 5 year olds,,10,,0.00,
language development activities for 4-5 year olds,,10,,0.00,
language development activities for 6 12 year olds pdf,,10,,0.00,
language development activities for 6-12 year olds,,10,,0.00,
language literacy activities for 4 year olds,,10,,0.00,
lansing activities for kids,,10,,0.00,
las posadas activities for kids,,10,,0.00,
las vegas for kids activities,,10,,0.00,
las vegas indoor activities for kids,,10,,0.00,
las vegas summer activities for kids,,10,,0.00,
last day of summer activities for kids,,10,,0.00,
last supper activity for kids,,10,,0.00,
law-themed activities for curious kids,,10,,0.00,
layers of the earth activity for kids,,10,,0.00,
lds general conference activities for kids,,10,,0.00,
leaf activity for kids,,10,,0.00,
learning about the brain activities for kids,,10,,0.00,
learning activities for 1 1/2 year olds,,10,,0.79,
learning activities for 1 year old pdf,,10,,0.00,
learning activities for 1-2 year olds,,10,,0.89,
learning activities for 10-12 year olds,,10,,0.00,
learning activities for 12-18 month olds,,10,,0.00,
learning activities for 18 month olds at home,,10,,0.00,
learning activities for 2 1/2 year olds,,10,,0.82,
learning activities for 2 3 year olds printables,,10,,0.00,
learning activities for 2 and 3 year olds,,10,,1.46,
learning activities for 2-3 year olds,,10,,1.10,
learning activities for 3 year old,,10,,0.00,
learning activities for 3 year olds online,,10,,1.57,
learning activities for 3 year olds printables,,10,,0.87,
learning activities for 3-4 year olds,,10,,1.55,
learning activities for 3-5 year olds,,10,,0.48,
learning activities for 4-5 year olds,,10,,1.84,
learning activities for 4-5 year olds pdf,,10,,1.43,
learning activities for 5-6 year olds,,10,,0.00,
learning activities for 6 7 year olds,,10,,0.00,
learning activities for 6-7 year olds,,10,,0.00,
learning activities for 8 9 year olds,,10,,0.00,
learning activities for kids with autism,,10,,0.00,
learning activity for 4 year olds,,10,,1.57,
learning activity for 5 year olds,,10,,1.40,
learning alphabet activities for 3 year olds,,10,,0.00,
leave no trace activity for kids,,10,,0.00,
left and right brain activities for kids,,10,,0.00,
lego outdoor toys for active kids,,10,,0.00,
lent for kids activities,,10,,0.00,
leprechaun activity for kids,,10,,0.00,
letter a activities for 2-year olds,,10,,0.00,
letter activities for 3 year olds,,10,,0.77,
lexington activities for kids,,10,,0.00,
library activities for kids waiting for siblings,,10,,0.00,
life cycle activities for kids,,10,,0.00,
life skill activities for kids,,10,,0.00,
life skills activities for kids with autism,,10,,0.00,
life skills activity for kids,,10,,0.00,
light activities for kids,,10,,0.00,
list of physical activities for kids,,10,,0.00,
list of summer activities for kids,,10,,0.00,
listen and draw activity for kids,,10,,0.00,
listen and draw activity instructions for kids,,10,,0.00,
listening activity for kids,,10,,0.00,
literacy activities for 1 2 year olds,,10,,0.00,
literacy activities for 3-5 year olds,,10,,0.00,
literacy activities for 4-5 year olds,,10,,0.00,
literacy activities for 9 year olds,,10,,0.00,
literacy activities for two year olds,,10,,1.29,
literacy activity for 2 year olds,,10,,1.27,
literacy activity for 3 year olds,,10,,1.12,
literacy activity for 5 year olds,,10,,0.00,
liturgical calendar activity for kids,,10,,0.00,
livermore activities for kids,,10,,0.00,
local summer activities for kids,,10,,0.00,
london activities for 3 year olds,,10,,0.00,
london activities for 5 year olds,,10,,0.00,
long car ride activities for kids,,10,,0.00,
long island christmas activities for kids,,10,,0.00,
longmont fun activities for kids,,10,,0.00,
louisville ky activities for kids,,10,,0.00,
love activities for kids,,10,,0.00,
love is activity for kids,,10,,0.00,
low cost activities for kids,,10,,0.00,
low cost summer activities for kids,,10,,0.00,
low stimulation activities for kids,,10,,0.00,
lower east side activities for kids,,10,,0.00,
luau party activities for kids,,10,,0.00,
lucky charms activities for kids,,10,,0.00,
lucky charms activity for kids,,10,,0.00,
lung activity for kids,,10,,0.00,
mackinac island activities for kids,,10,,0.00,
mad science activities for kids,,10,,0.00,
mad scientist activities for kids,,10,,0.00,
madam cj walker activities for kids,,10,,0.00,
madison activities for kids,,10,,0.00,
magic activities for kids,,10,,0.00,
magnet activity for kids,,10,,0.00,
magnetic activities for kids,,10,,0.00,
magnetism activities for kids,,10,,0.00,
magnets activities for kids,,10,,0.00,
maine campgrounds with activities for kids,,10,,0.00,
mammal activity for kids,,10,,0.00,
mammoth activities for kids,,10,,0.00,
manhattan activities for kids,,10,,0.00,
manners activities for kids,,10,,0.00,
map making activity for kids,,10,,0.00,
maple syrup activities for kids,,10,,0.00,
march activity pages for kids,,10,,0.00,
march activity sheets for kids,,10,,0.00,
march craft activities for kids,,10,,0.00,
marco island activities for kids,,10,,0.00,
margaritaville beach house key west activities for kids,,10,,0.00,
marie curie activities for kids,,10,,0.00,
mario day activities for kids,,10,,0.00,
mark making activities for 3 4 year olds,,10,,0.00,
mars activities for kids,,10,,0.00,
marshmallow activities for kids,,10,,0.00,
martha's vineyard activities for kids,,10,,0.00,
martin luther king jr activity for kids,,10,,0.00,
martin luther king jr day activities for kids,,10,,0.00,
mary poppins activities for kids,,10,,0.00,
maryland activities for kids,,10,,0.00,
matching activities for 4 year olds pdf,,10,,0.00,
math activities for 0-2 year olds,,10,,0.00,
math activities for 3-4 year olds,,10,,0.69,
math activities for 3-5 year olds,,10,,0.00,
math activities for 4-5 year olds,,10,,0.00,
math activities for 6 year olds,,10,,1.17,
math activities for 6-7 year olds,,10,,0.00,
math activities for 6-8 year olds,,10,,0.00,
math activities for kids preschoolers,,10,,0.00,
math activity for 3 year olds,,10,,1.01,
math activity for 5 year olds,,10,,1.20,
math activity for kids,,10,,0.00,
math skills activities for 4 and 5 year olds,,10,,0.00,
mathematics activities for 3-5 year olds,,10,,0.00,
mathematics for 5 year olds activities free,,10,,0.00,
maths activities for 1 year olds,,10,,0.00,
maths activities for 2-3 year olds,,10,,0.58,
maths activities for 3 5 year olds printable worksheets,,10,,0.00,
maths activities for 3-4 year olds,,10,,0.69,
maths activities for 4-5 year olds,,10,,0.00,
maths activities for 5-6 year olds,,10,,0.00,
maths activity for 3 year olds,,10,,1.01,
maths activity sheets for 6 year olds,,10,,0.00,
may the 4th be with you activities for kids,,10,,0.00,
maze activity for kids,,10,,0.00,
measurement activities for kids,,10,,0.00,
mechanical engineering activities for kids,,10,,0.00,
medieval activities for kids,,10,,0.00,
melissa and doug outdoor toys for active kids,,10,,0.00,
memorial day activities for kids near me,,10,,0.00,
memorial day activity for kids,,10,,0.00,
memorial day weekend activities for kids,,10,,0.00,
memory activities for kids,,10,,0.00,
mermaid activities for kids,,10,,0.00,
mermaid party activities for kids,,10,,0.00,
mesa activities for kids,,10,,0.00,
mess-free activities for 5 year olds,,10,,0.00,
messy activities for 1 year olds,,10,,0.00,
messy play activities for 3-4 year olds,,10,,0.00,
metronome activities for kids,,10,,0.00,
michaels activity for kids,,10,,0.00,
michigan activities for kids,,10,,0.00,
midline activities for kids,,10,,0.00,
migration activities for kids,,10,,0.00,
migration activity for kids,,10,,0.00,
mindful activity for kids,,10,,0.00,
mindful monday activities for kids,,10,,0.00,
mindfullness activities for kids,,10,,0.00,
mindfulness activities for kids in the classroom,,10,,0.00,
mindfulness activities for kids worksheet,,10,,0.00,
mini activity books for kids,,10,,0.00,
minnesota activities for kids,,10,,0.00,
minute to win it activities for kids,,10,,0.00,
mirror activity for kids,,10,,0.00,
missoula activities for kids,,10,,0.00,
missouri activities for kids,,10,,0.00,
mlk activity for kids,,10,,0.00,
mlk day activities for kids near me,,10,,0.00,
mlk jr day activities for kids,,10,,0.00,
You can export only first 10000 rows available for your subscription.
"To export more data, upgrade to a Guru or Business subscription plan."
See plans and prices https://www.semrush.com/prices/
